Name,TeamAbbreviation,Points,Usage,EfgPct,TsPct,Assists,AssistPoints,Turnovers,FTA,FG3APct,Rebounds,DefRebounds,Blocks,Steals,AtRimFrequency,AtRimAccuracy,Avg2ptShotDistance,Avg3ptShotDistance
James Harden,LAC,31.7757009345794,29.1790461297889,0.500772200772201,0.583879423328965,12.1142655616293,27.6847116910598,6.01304884500088,10.1922059601481,0.515830115830116,4.02400282386163,7.08355414237767,0.971559795089207,2.08443737855503,0.155212355212355,0.587064676616915,7.37145135566188,26.599251497006
Trae Young,ATL,31.2139708375721,29.2204899777283,0.490552325581395,0.56141975308642,14.9203119701594,34.4354018311292,6.01898948796202,9.51169888097661,0.46656976744186,2.00305550840265,3.39904826648538,0.203942895989123,1.54656696125085,0.157703488372093,0.525345622119816,8.15476839237057,27.6771028037383
Shai Gilgeous-Alexander,OKC,45.6533725418122,34.3567251461988,0.568538647342995,0.631701030927835,8.91380260981437,22.6061385774674,3.36335232494027,12.2955339092079,0.26268115942029,3.49534261735682,5.77563865235098,1.42539800074047,2.42502776749352,0.253019323671498,0.701670644391408,8.25954135954136,26.0310344827586
Bub Carrington,WAS,15.6942823803967,15.9212571231221,0.49331550802139,0.513427109974425,7.07895760404512,17.1917541812524,2.74212368728121,1.65305328665889,0.544117647058824,3.31454121306376,5.98523124757093,0.408083948698018,1.04935872522347,0.121657754010695,0.538461538461538,10.4856304985337,26.2796068796069
Cade Cunningham,DET,35.8542319749216,33.0060292850991,0.520590253946465,0.562732919254658,12.5,29.6042319749216,6.05407523510972,7.24921630094044,0.286890871654084,4.17485265225933,7.26950354609929,1.0441292356186,1.39873916469661,0.247083047357584,0.572222222222222,7.05553416746872,26.4557416267943
Tyrese Haliburton,IND,26.7361794216014,21.502313990744,0.581510934393638,0.610502283105023,13.240212472949,31.7529018296282,2.36081054495377,4.36749950816447,0.558648111332008,2.54865158549837,4.28571428571429,0.972222222222222,2.08333333333333,0.129224652087475,0.715384615384615,9.34977477477478,27.1811387900356
Jamal Murray,DEN,28.8701246481705,24.0652135388978,0.543264942016057,0.579656862745098,8.10213108162445,19.2601527945316,2.77442702050663,4.94571773220748,0.354148082069581,2.63608008854009,4.3705941591138,0.664652567975831,1.83282980866062,0.189116859946476,0.641509433962264,9.79406077348066,26.0682619647355
Jalen Brunson,NYK,36.5405405405405,29.5610687022901,0.550833333333333,0.60310021629416,10.2702702702703,23.7189189189189,3.54594594594595,9.68648648648649,0.330833333333333,2.02688055495339,3.47750489024125,0.173875244512063,1.30406433384047,0.188333333333333,0.641592920353982,8.58742216687422,25.6345088161209
Darius Garland,CLE,32.1934945788157,27.0101195952162,0.562180579216354,0.599063962558502,10.5504587155963,24.9791492910759,3.9407839866555503,5.31693077564637,0.450596252129472,2.23685585868088,3.50031439949696,0.23055963110459,1.90735694822888,0.178875638841567,0.614285714285714,8.11720930232558,26.25
Chris Paul,SAS,15.3145520016946,13.9992432841468,0.547169811320755,0.570731707317073,12.815081550519,31.1374708748147,2.73247193391231,1.94873967379792,0.636363636363636,3.15228966986156,5.63289783679589,0.471192974941101,2.20603983722425,0.0291595197255574,0.823529411764706,13.1132075471698,25.822102425876
Payton Pritchard,BOS,25.547119249665,19.0098626958035,0.619515011547344,0.632630410654828,6.23046002679768,15.4086645824029,1.85350602947744,1.87583742742296,0.722863741339492,3.43669539908206,4.60157126823794,0.314253647586981,1.5712682379349,0.146651270207852,0.755905511811024,6.77958333333333,26.9126198083067
Stephen Curry,GSW,36.5298745481608,29.1936978683967,0.571939586645469,0.617028985507246,8.95173293642356,20.7314480119073,4.25260472039124,6.3576440569849,0.623211446740859,3.31586265910793,5.81145071028842,0.645716745587602,1.72191132156694,0.127186009538951,0.65,7.97426160337553,27.2099489795918
De'Aaron Fox,SAS,31.2955812955813,28.0751708428246,0.514187446259673,0.558575803981623,8.40840840840841,20.2702702702703,3.73230373230373,6.82110682110682,0.327601031814273,3.20292347377472,5.2563550193882,0.53856096510125,1.96036191296855,0.205503009458298,0.669456066945607,8.68734015345269,25.8590551181102
Tyus Jones,PHX,18.7811508835523,16.3565732978941,0.569546120058565,0.584626234132581,9.71907566832805,24.2863615768011,2.06162211146353,1.29134571816946,0.587115666178624,2.22803228373309,3.55920602327173,0.182523385808807,1.57426420260096,0.0834553440702781,0.754385964912281,8.57517730496454,25.1605985037406
Spencer Dinwiddie,DAL,19.7867029725437,18.0204081632653,0.49633431085044,0.556338028169014,7.9192194236442,19.0152030859995,2.3144996596324,5.5139550714772,0.478005865102639,2.36934587915202,4.3271409152696,0.385138196647032,1.58586316266425,0.175953079178886,0.583333333333333,7.11938202247191,25.5371165644172
Josh Giddey,CHI,22.7111111111111,21.8799682034976,0.530701754385965,0.567777777777778,11.1777777777778,27.1777777777778,4.48888888888889,4.97777777777778,0.348370927318296,6.2770322723744,9.71883993801196,0.996236440115121,1.85964135488156,0.319548872180451,0.576470588235294,5.34326923076923,25.3395683453237
Fred VanVleet,HOU,19.872851424535,17.9339171974522,0.482872200263505,0.511627906976744,7.84082882034377,18.4600894749235,2.04850482693666,3.20226041911938,0.60737812911726,2.6061320754717,4.4649184975194895,0.590597684857075,2.2206472950626,0.121212121212121,0.5,10.15,26.7431670281996
Keyonte George,UTA,25.7260461925452,24.2009132420091,0.485310119695321,0.539054966248795,8.64395152069518,20.8781157100389,4.18477018065401,6.51726503544477,0.551686615886834,2.88977727013135,5.18028297581013,0.205385668644455,1.04974897307166,0.109902067464635,0.613861386138614,7.81359223300971,25.6246548323471
Dennis Schröder,BKN,22.8918476991357,21.7846153846154,0.483071342200726,0.527687296416938,9.43704741882738,23.4991824340107,3.31698201354824,5.04555010511563,0.448609431680774,2.31389505667874,3.99906454630496,0.280636108512629,1.54349859681946,0.186215235792019,0.564935064935065,8.57061403508772,26.499730458221
Damian Lillard,MIL,33.3717712177122,27.4608150470219,0.546875,0.620555073720729,9.45571955719557,22.6476014760148,3.73616236162362,9.06365313653137,0.528225806451613,3.13584818329091,5.62006502554575,0.2322340919647,1.6256386437529,0.201612903225806,0.605,8.60192307692308,27.268893129771
Russell Westbrook,DEN,22.6526891522334,23.693729903537,0.505415162454874,0.530416221985059,10.4147675478578,23.0856882406563,5.51504102096627,5.30993618960802,0.350180505415162,4.18652144315861,6.03253502033439,0.835969272480795,2.39493899683687,0.38748495788207,0.645962732919255,5.35148148148148,25.2164948453608
Davion Mitchell,MIA,14.4082332761578,13.8401559454191,0.55672268907563,0.574363992172211,8.89487870619946,21.3673119333497,3.13648615535408,2.05831903945112,0.44327731092437,2.04631785320426,3.23529411764706,0.392156862745098,1.76470588235294,0.329831932773109,0.592356687898089,4.98641509433962,25.8580952380952
Tyrese Maxey,PHI,34.4923154446964,29.8407000224366,0.510999083409716,0.560330578512397,7.98689846308894,19.9294532627866,3.12421264802217,7.2814310909549,0.438130155820348,2.19974715549937,4.03450900786602,0.532859680284192,2.30905861456483,0.29147571035747,0.591194968553459,6.00880913539967,26.7225941422594
Jrue Holiday,BOS,17.7950713359274,15.866388308977,0.537521815008726,0.564144736842105,6.19974059662776,15.4604409857328,1.99740596627756,1.99740596627756,0.534031413612566,3.44872293530403,4.92483151892172,0.699844479004666,1.71073094867807,0.228621291448517,0.702290076335878,5.78352059925094,25.1954248366013
Anthony Black,ORL,19.5890045369629,19.604190919674,0.470967741935484,0.521306818181818,6.40512409927942,15.6391780090739,3.709634374166,5.25753936482519,0.314516129032258,3.07344332091538,4.72273812682409,1.27354736004245,2.28177235340939,0.345161290322581,0.574766355140187,5.86776470588235,25.3837696335079
Isaiah Collier,UTA,16.0658307210031,19.1308346746379,0.45945945945946,0.492788461538462,11.6509926854754,28.8401253918495,5.43364681295716,4.02298850574713,0.304504504504505,3.06748466257669,5.29611270545265,0.417427602400209,1.72188885990086,0.315315315315315,0.657142857142857,5.84170984455959,26.2207100591716
CJ McCollum,NOP,31.0254392866509,27.1369485294118,0.5295,0.549256505576208,5.95331759769211,14.1096249672174,2.7799632835038,4.5371098872279,0.459,2.79020794946038,4.49141347424042,0.634081902245707,1.21532364597094,0.186,0.623655913978495,8.00332717190388,25.6956427015251
Kris Dunn,LAC,13.1447587354409,12.921626984127,0.525171624713959,0.530201342281879,5.82362728785358,14.2262895174709,2.05213533000555,0.610094287298946,0.512585812356979,3.47452934662237,5.4726368159204,0.746268656716418,3.53786622443339,0.196796338672769,0.686046511627907,5.94507042253521,25.025
Luka Dončić,LAL,38.6388583973655,33.4471822395706,0.53609756097561,0.589689857502096,10.5104281009879,25.4390779363337,4.91218441273326,10.8397365532382,0.469268292682927,5.63671444321941,10.2159468438538,0.581395348837209,2.4640088593577,0.154146341463415,0.708860759493671,8.90422794117647,27.0983367983368
Scoot Henderson,POR,23.045154185022,22.4700633951632,0.495620437956204,0.535851472471191,9.22356828193832,22.1640969162996,4.873348017621151,5.67180616740088,0.433576642335766,2.72952853598015,4.03092214246273,0.358917725013805,1.8774157923799,0.297810218978102,0.553921568627451,6.30386597938144,26.1531986531987
Mike Conley,MIN,16.5434906196703,14.4466700050075,0.53525641025641,0.567729083665339,9.06765207504264,21.6031836270608,2.13189312109153,2.55827174530984,0.662393162393162,2.59814418272662,4.30169199885288,0.401491253226269,2.26555778606252,0.11965811965812,0.535714285714286,7.8120253164557,25.2616129032258
Scotty Pippen Jr.,MEM,21.7476270240089,19.5080370189966,0.552100840336135,0.582458770614693,9.68732551647125,23.5064209938582,3.85259631490787,4.77386934673367,0.369747899159664,3.59522487506941,5.35615681943678,0.82827167310878,2.84373274434014,0.32436974789916,0.621761658031088,4.99413333333333,25.3472727272727
Terry Rozier,MIA,20.2263926124516,20.0742508618404,0.462204724409449,0.495594713656388,4.97467977360739,12.2132856717307,2.32350312779267,3.2171581769437,0.48503937007874,3.5490605427975,5.79277396237683,0.418035234398328,1.10480740519558,0.223622047244094,0.577464788732394,6.82324159021407,25.0272727272727
Gabe Vincent,LAL,14.7814910025707,13.5539568345324,0.529761904761905,0.534883720930233,3.14910025706941,7.7120822622108,1.31748071979434,0.674807197943445,0.735714285714286,1.48148148148148,2.32408005164622,0.419625564880568,1.64622336991607,0.1,0.642857142857143,8.19009009009009,25.5511326860841
Ja Morant,MEM,35.3138330286411,31.9250066015316,0.503937007874016,0.564390243902439,11.0907982937233,26.2644728823888,5.63680682510664,9.71968312004875,0.32058492688414,3.13503593821685,5.2502302732576,0.368437212158428,1.87288916180534,0.293588301462317,0.628352490421456,6.14056291390729,26.6385964912281
LaMelo Ball,CHA,38.021836865767504,34.9364289662797,0.494017946161515,0.533605812897366,11.1111111111111,26.8143866409762,5.36287732819525,7.3538856775851,0.52642073778664,3.73651151554196,5.97738287560582,0.420032310177706,1.74474959612278,0.176470588235294,0.542372881355932,6.80715789473684,27.6292220113852
D'Angelo Russell,BKN,24.3270189431705,23.625730994152,0.47884012539185,0.520714285714286,9.83715520106348,23.5958790295779,3.58923230309073,4.81887670322366,0.564263322884013,2.70812437311936,4.77632021527077,0.773629330642449,1.88361923982509,0.130094043887147,0.626506024096386,8.16115107913669,26.2613888888889
Jamal Shead,TOR,17.5386640342218,18.4804341616681,0.476190476190476,0.50188679245283,10.3981572885818,25.4359986837776,3.84995064165844,2.27048371174729,0.442460317460317,1.89082538638606,2.79329608938548,0.328623069339468,1.90601380216891,0.212301587301587,0.588785046728972,6.78113879003559,26.1062780269058
T.J. McConnell,IND,24.3819844226211,23.5889570552147,0.53125,0.545454545454545,11.8862174060278,28.9536065018625,3.6911615306468,2.60751777853031,0.078525641025641,3.25518637206949,5.00672043010753,0.705645161290323,2.78897849462366,0.309294871794872,0.642487046632124,7.66765217391304,26.1061224489796
Jose Alvarado,NOP,20.752688172043,19.8186933416693,0.498080614203455,0.525547445255475,9.2831541218638,21.3978494623656,3.08243727598566,2.65232974910394,0.593090211132438,2.44868563197695,3.94356005788712,0.506512301013025,2.67727930535456,0.151631477927063,0.544303797468354,6.51603773584906,25.6980582524272
Cole Anthony,ORL,25.57856272838,24.531636620714,0.494475138121547,0.53125,7.75477060495331,18.5546082013804,4.18189200162404,4.58790093382054,0.401473296500921,4.15647921760391,6.46216768916155,1.30879345603272,1.84049079754601,0.178637200736648,0.628865979381443,8.17846153846154,26.6720183486239
Vít Krejčí,ATL,17.1381031613977,13.3852428624397,0.650684931506849,0.658653846153846,6.11480865224626,14.891846921797,2.07986688851913,1.87188019966722,0.705479452054795,3.2398753894081,5.5578598092078,1.07839070924927,1.49315636665284,0.147260273972603,0.72093023255814,4.9046511627907,25.4946601941748
Dalano Banton,POR,24.1573033707865,24.1869158878505,0.461538461538462,0.496434937611408,6.91443388072602,16.7675021607606,3.7165082108902303,5.4019014693172,0.437869822485207,2.92081350064907,4.54939341421144,1.47313691507799,1.8630849220104,0.31163708086785,0.550632911392405,5.21228070175439,26.2752252252252
Ben Simmons,LAC,11.4901256732496,13.6969696969697,0.520179372197309,0.540084388185654,12.7917414721724,31.8671454219031,4.57809694793537,1.48114901256733,0.0,5.39632781012091,8.66845397676497,1.02770330652368,1.69794459338695,0.488789237668161,0.605504587155963,4.78116591928251,0.0
Cameron Payne,NYK,22.6860254083485,20.6923995224831,0.505605381165919,0.532051282051282,9.21052631578947,21.7332123411978,2.35934664246824,2.45009074410163,0.573991031390135,2.35400633770937,4.0650406504065,0.722673893405601,1.76151761517615,0.170403587443946,0.473684210526316,6.58789473684211,26.03984375
Dejounte Murray,NOP,25.4340685124355,26.7651888341544,0.445344129554656,0.494515539305302,10.6992022524636,25.4809948381042,4.92726419521352,5.81886438291882,0.352226720647773,4.70256289677874,8.6239396795476,0.56550424128181,2.92177191328935,0.220647773279352,0.559633027522936,8.8290625,25.6942528735632
Jalen Suggs,ORL,28.0554181098466,27.4552597119162,0.488565488565489,0.53415559772296,6.38297872340426,14.6462147451757,5.04700643245918,5.44285007422068,0.503118503118503,3.47547448853833,5.795677799607071,1.62082514734774,2.5049115913556,0.174636174636175,0.738095238095238,8.16234309623431,27.097520661157
Bruce Brown,NOP,18.0371352785146,17.4074074074074,0.464401294498382,0.502967359050445,4.45623342175066,10.7161803713528,2.06896551724138,3.44827586206897,0.262135922330097,4.36750998668442,6.63101604278075,0.53475935828877,1.81818181818182,0.320388349514563,0.616161616161616,6.24429824561404,24.7901234567901
Immanuel Quickley,TOR,30.0479488545551,25.5210745715609,0.517123287671233,0.567951318458418,10.1758124667022,23.9211507725093,3.09003729355354,6.8193926478423,0.513698630136986,3.10839532412327,5.35241123476418,0.211976682564918,1.21886592474828,0.141552511415525,0.580645161290323,7.75258215962441,26.3897777777778
Tre Jones,CHI,17.3867228661749,14.0260950605778,0.577731092436975,0.620300751879699,10.1159114857745,25.5532139093783,1.84404636459431,3.53003161222339,0.201680672268908,3.0566534914361,4.48075909330522,0.527148128624143,1.95044807590933,0.445378151260504,0.679245283018868,4.73473684210526,24.5916666666667
KJ Simpson,CHA,16.6568222090963,19.2777212614446,0.400332225913621,0.436532507739938,6.61547548730065,16.1252215002953,3.30773774365033,2.95333727111636,0.431893687707641,3.20399764844209,4.09596255119953,0.351082504388531,1.98946752486834,0.209302325581395,0.619047619047619,6.80409356725146,25.7976923076923
Ryan Rollins,MIL,20.5778301886792,18.4210526315789,0.577490774907749,0.6,6.13207547169811,14.4457547169811,3.125,2.65330188679245,0.44280442804428,3.18960425280567,5.14792899408284,1.00591715976331,2.48520710059172,0.261992619926199,0.661971830985916,6.31192052980132,25.1408333333333
Marcus Sasser,DET,22.4685440383463,19.4342587742273,0.560810810810811,0.591482649842271,7.96884361893349,19.592570401438,3.23547034152187,3.0557219892151,0.513513513513514,2.06216377764495,3.04114490161002,0.238521168753727,2.20632081097197,0.155405405405405,0.695652173913044,8.62986111111111,25.9854304635762
Aaron Holiday,HOU,20.6938527084601,16.7359667359667,0.57089552238806,0.591228070175439,5.05173463177115,12.3554473524041,2.25197808886184,2.4954351795496,0.675373134328358,2.36220472440945,3.91802290536468,0.663050030138638,1.14526823387583,0.0783582089552238,0.714285714285714,9.01954022988506,26.4060773480663
Vasilije Micić,PHX,17.2879177377892,20.3775680177679,0.43040293040293,0.462068965517241,8.22622107969152,18.9588688946015,4.94858611825193,2.63496143958869,0.457875457875458,2.86819207218821,4.46024563671623,0.0,0.96961861667744,0.19047619047619,0.5,9.12972972972973,26.2592
Lonzo Ball,CHI,16.0649819494585,15.7501334757074,0.504115226337449,0.525590551181102,6.9193742478941,16.9073405535499,2.46690734055355,1.62454873646209,0.802469135802469,3.5446079903875,5.57888422315537,1.01979604079184,2.81943611277744,0.0823045267489712,0.55,7.95625,26.6528205128205
Marcus Smart,WAS,20.8049113233288,20.6358728254349,0.488326848249027,0.525862068965517,7.43519781718963,17.8717598908595,3.68349249658936,4.8431105047749,0.54863813229572,2.45315161839864,3.67597004765146,0.612661674608577,2.65486725663717,0.0972762645914396,0.64,7.20862068965517,26.1
Kyle Lowry,PHI,10.4229607250755,10.3494623655914,0.474358974358974,0.518796992481203,7.25075528700906,17.5226586102719,1.58610271903323,2.49244712990937,0.752136752136752,2.526395173454,4.21686746987952,0.828313253012048,2.48493975903614,0.0512820512820512,0.666666666666667,9.05862068965517,26.8670454545455
Reed Sheppard,HOU,16.4511494252874,17.5449473031618,0.451882845188285,0.463414634146342,5.38793103448276,13.2183908045977,2.65804597701149,1.14942528735632,0.594142259414226,2.79670132664037,4.43808160343594,1.21689334287759,2.50536864710093,0.100418410041841,0.625,9.62164948453608,26.2204225352113
Delon Wright,NYK,9.765625,11.4265927977839,0.419847328244275,0.437062937062937,6.015625,15.234375,1.71875,1.953125,0.557251908396947,2.58519388954172,3.06362922230951,0.942655145326002,2.74941084053417,0.274809160305344,0.555555555555556,4.42068965517241,25.2095890410959
Jeff Dowtin Jr.,PHI,22.7454110135674,18.3333333333333,0.547826086956522,0.572289156626506,6.22505985634477,15.6424581005587,1.19712689545092,3.59138068635275,0.304347826086957,2.39808153477218,3.84307445956765,0.960768614891914,1.92153722978383,0.256521739130435,0.593220338983051,8.174375,25.6671428571429
Cory Joseph,ORL,14.4019528071603,12.8776978417266,0.529220779220779,0.549689440993789,5.85842148087876,14.8901545972335,1.46460537021969,1.46460537021969,0.694805194805195,3.01302931596091,4.64547677261614,0.32599837000815,2.11898940505297,0.123376623376623,0.526315789473684,8.03404255319149,25.8084905660377
Monté Morris,PHX,20.1906412478336,18.001525553013,0.505128205128205,0.541860465116279,6.32582322357019,14.6447140381283,1.81975736568458,3.63951473136915,0.441025641025641,2.91304347826087,4.79930191972077,0.261780104712042,1.74520069808028,0.102564102564103,0.65,9.33211009174312,24.743023255814
Malcolm Brogdon,WAS,25.9574468085106,24.1118669690098,0.466666666666667,0.53914590747331,8.34042553191489,20.3404255319149,3.23404255319149,7.82978723404255,0.233333333333333,3.86740331491713,5.94227504244482,0.424448217317487,1.10356536502547,0.354166666666667,0.647058823529412,6.92228260869565,26.6410714285714
Jordan Goodwin,LAL,14.7977941176471,13.9109697933227,0.527777777777778,0.540268456375839,3.86029411764706,9.46691176470588,2.38970588235294,1.01102941176471,0.472222222222222,5.14233241505969,6.78899082568807,1.00917431192661,2.75229357798165,0.1875,0.518518518518519,7.38552631578947,24.6941176470588
Rob Dillingham,MIN,20.4291044776119,22.1311475409836,0.5,0.504608294930876,9.14179104477612,21.9216417910448,4.94402985074627,1.39925373134328,0.350710900473934,2.33754090696587,3.56138706654171,0.0937207122774133,1.87441424554827,0.274881516587678,0.620689655172414,7.64598540145985,25.4594594594595
Craig Porter Jr.,CLE,17.7191328934967,15.8940397350993,0.589285714285714,0.61038961038961,6.69180018850141,16.3053722902922,3.58152686145146,3.01602262016965,0.342857142857143,3.16037735849057,4.53257790368272,1.41643059490085,1.6052880075543,0.392857142857143,0.672727272727273,5.01086956521739,26.3666666666667
Elfrid Payton,NOP,8.10295519542421,15.5932203389831,0.331967213114754,0.34,15.8245948522402,36.7016205910391,5.62440419447093,0.667302192564347,0.0491803278688524,3.74940673943996,6.04914933837429,1.03969754253308,2.26843100189036,0.188524590163934,0.391304347826087,7.825,27.35
Keaton Wallace,ATL,16.1228406909789,17.0648464163823,0.484567901234568,0.502994011976048,7.77351247600768,19.7696737044146,3.16698656429942,1.05566218809981,0.506172839506173,2.39005736137667,4.0952380952381,0.857142857142857,2.66666666666667,0.0987654320987654,0.5625,9.8475,26.0182926829268
Brandon Williams,DAL,26.3005780346821,22.3488168273444,0.582887700534759,0.631944444444444,7.32177263969172,17.2447013487476,3.75722543352601,6.35838150289017,0.320855614973262,2.80057943022694,4.45304937076476,0.484027105517909,2.32333010648596,0.417112299465241,0.641025641025641,5.11338582677165,27.0610169491525
Reece Beekman,BKN,9.8936170212766,12.6605504587156,0.35981308411215,0.397435897435897,6.70212765957447,16.7021276595745,2.23404255319149,2.23404255319149,0.373831775700935,2.06677265500795,2.7455121436114,0.211193241816262,3.48468848996832,0.355140186915888,0.552631578947369,5.81492537313433,25.0475
Collin Gillespie,PHX,21.0184182015168,17.4528301886792,0.55379746835443,0.577380952380952,8.45070422535211,20.1516793066089,1.84182015167931,2.38353196099675,0.569620253164557,4.22077922077922,6.05405405405405,0.540540540540541,2.27027027027027,0.151898734177215,0.5,7.59852941176471,26.44
Devin Carter,SAC,17.2284644194757,17.6848874598071,0.440944881889764,0.469387755102041,5.11860174781523,12.6092384519351,2.24719101123596,5.49313358302122,0.480314960629921,4.76190476190476,7.16981132075472,0.50314465408805,2.64150943396226,0.220472440944882,0.607142857142857,5.80454545454546,26.2573770491803
Reggie Jackson,PHI,17.8712220762155,17.9278230500582,0.484962406015038,0.496350364963504,5.91327201051248,14.5860709592641,2.23390275952694,1.1826544021025,0.556390977443609,2.75409836065574,4.45026178010471,0.392670157068063,2.09424083769634,0.142857142857143,0.578947368421053,7.9135593220339,26.6283783783784
Quenton Jackson,IND,20.1492537313433,17.1240395170143,0.536885245901639,0.578571428571429,6.59203980099503,15.1741293532338,1.99004975124378,4.97512437810945,0.327868852459016,2.71772699197035,3.68098159509202,0.613496932515337,2.57668711656442,0.516393442622951,0.587301587301587,3.72926829268293,25.305
Danté Exum,DAL,22.6267880364109,19.8135198135198,0.563432835820896,0.587837837837838,7.28218465539662,17.4252275682705,2.86085825747724,4.03120936280884,0.395522388059701,2.14983713355049,3.78590078328982,0.391644908616188,1.56657963446475,0.328358208955224,0.613636363636364,5.3358024691358,25.5490566037736
Jaden Springer,UTA,14.3799472295515,14.3021914648212,0.455555555555556,0.50462962962963,4.35356200527705,10.0263852242744,2.11081794195251,5.0131926121372,0.533333333333333,3.82081686429513,5.39473684210526,0.526315789473684,3.15789473684211,0.2,0.777777777777778,5.93571428571429,25.6333333333333
Patty Mills,LAC,16.4933135215453,15.3745072273325,0.510416666666667,0.544554455445545,3.86329866270431,9.50965824665676,2.37741456166419,2.08023774145617,0.78125,1.64424514200299,2.70676691729323,0.451127819548872,1.95488721804511,0.0520833333333333,0.6,10.7095238095238,25.6133333333333
Jevon Carter,CHI,21.7021276595745,20.353982300885,0.496575342465753,0.51,5.67375886524823,13.1914893617021,1.56028368794326,1.41843971631206,0.719178082191781,2.78770550393138,5.04322766570605,0.432276657060519,1.87319884726225,0.102739726027397,0.533333333333333,7.27073170731707,25.3285714285714
Tre Mann,CHA,28.9099526066351,26.0402684563758,0.509316770186335,0.538235294117647,6.16113744075829,16.1137440758294,3.94944707740916,3.3175355450237,0.372670807453416,2.98039215686275,4.04984423676013,0.623052959501558,1.09034267912773,0.316770186335404,0.450980392156863,6.20594059405941,25.975
Jordan McLaughlin,SAS,15.4088050314465,13.9240506329114,0.5625,0.597560975609756,8.0188679245283,19.811320754717,2.67295597484277,3.45911949685535,0.638888888888889,2.34558248631744,3.73250388802488,0.15552099533437,2.48833592534992,0.138888888888889,0.6,8.18846153846154,25.6347826086957
Tyler Kolek,NYK,13.1707317073171,15.6521739130435,0.414634146341463,0.45,11.219512195122,28.2926829268293,2.92682926829268,2.76422764227642,0.573170731707317,2.19333874898457,3.08441558441558,0.649350649350649,1.94805194805195,0.182926829268293,0.4,5.58285714285714,25.7617021276596
Pat Spencer,GSW,18.9555125725339,21.0702341137124,0.430693069306931,0.453703703703704,9.28433268858801,21.8568665377176,3.4816247582205,2.90135396518375,0.217821782178218,4.41458733205374,5.90476190476191,0.571428571428571,2.66666666666667,0.306930693069307,0.483870967741936,5.93164556962025,25.7681818181818
Bones Hyland,MIN,30.6584362139918,27.9707495429616,0.533898305084746,0.57421875,6.5843621399177,15.6378600823045,5.1440329218107,5.34979423868313,0.694915254237288,2.57201646090535,4.11522633744856,0.823045267489712,3.7037037037037,0.127118644067797,0.533333333333333,9.05833333333333,26.5670731707317
Markelle Fultz,SAC,16.4420485175202,20.0,0.447761194029851,0.455223880597015,7.27762803234501,18.8679245283019,4.04312668463612,0.269541778975741,0.119402985074627,2.68817204301075,3.75335120643432,0.536193029490617,2.68096514745308,0.0746268656716417,0.8,10.5593220338983,26.1
Killian Hayes,BKN,16.1676646706587,14.8337595907928,0.511627906976744,0.551020408163265,9.2814371257485,22.4550898203593,2.69461077844311,3.59281437125749,0.488372093023256,2.66666666666667,3.81231671554252,1.17302052785924,1.17302052785924,0.162790697674419,0.714285714285714,7.29545454545455,25.4428571428571
Tyson Etienne,BKN,17.0807453416149,18.2584269662921,0.451923076923077,0.482456140350877,3.72670807453416,10.2484472049689,2.48447204968944,3.1055900621118,0.846153846153846,1.38888888888889,1.84049079754601,0.306748466257669,0.920245398773006,0.115384615384615,0.333333333333333,3.6,25.1909090909091
TyTy Washington Jr.,PHX,14.6443514644351,18.6813186813187,0.355555555555556,0.364583333333333,6.69456066945607,15.0627615062762,1.25523012552301,2.51046025104603,0.466666666666667,2.71398747390397,3.75,0.0,1.25,0.0222222222222222,1.0,10.5916666666667,25.1809523809524
Pacôme Dadiet,NYK,13.1578947368421,14.9193548387097,0.419354838709677,0.454545454545455,2.19298245614035,4.82456140350877,1.75438596491228,2.63157894736842,0.612903225806452,3.99113082039911,6.72645739910314,0.896860986547085,1.34529147982063,0.129032258064516,0.5,8.775,24.5368421052632
Yuki Kawamura,MEM,17.5609756097561,16.7381974248927,0.483333333333333,0.529411764705882,9.26829268292683,22.4390243902439,2.4390243902439,4.39024390243903,0.766666666666667,2.94117647058824,5.91133004926108,0.0,0.985221674876847,0.0666666666666666,0.5,11.1714285714286,25.8478260869565
