Name,TeamAbbreviation,Turnovers,LiveBallTurnovers,Fouls,Charge Fouls,FoulsDrawn,OnDefRtg,Blocks,Steals,Points,FG2A,Fg2Pct,FG3A,NonHeaveFg3Pct,FtPoints,PtsAssisted2s,PtsUnassisted2s,PtsAssisted3s,PtsUnassisted3s,Assisted2sPct,NonPutbacksAssisted2sPct,Assisted3sPct,FG3APct,ShotQualityAvg,EfgPct,TsPct,PtsPutbacks,Usage,Rebounds,DefRebounds,DefTwoPtRebounds,DefTwoPtReboundPct,DefThreePtRebounds,DefThreePtReboundPct,OffRebounds,OffTwoPtRebounds,OffTwoPtReboundPct,OffThreePtRebounds,OffThreePtReboundPct,OffFGReboundPct,DefAtRimReboundPct,OffAtRimReboundPct,Assists,AssistPoints,TwoPtAssists,ThreePtAssists,FTA,TwoPtShootingFoulsDrawn,2pt And 1 Free Throw Trips,ThreePtShootingFoulsDrawn,3pt And 1 Free Throw Trips,NonShootingFoulsDrawn,ShootingFoulsDrawnPct,AtRimFG3AFrequency,Avg2ptShotDistance,Avg3ptShotDistance,AtRimFGA,AtRimFrequency,AtRimAccuracy,AtRimPctAssisted,AtRimPctBlocked,ShortMidRangeFGA,ShortMidRangeFrequency,ShortMidRangeAccuracy,ShortMidRangePctBlocked,LongMidRangeFGA,LongMidRangeFrequency,LongMidRangeAccuracy,LongMidRangePctAssisted,Corner3FGA,Corner3Frequency,Corner3Accuracy,UnblockedCorner3Accuracy,Corner3PctAssisted,Arc3FGA,Arc3Accuracy,NonHeaveArc3FGM,NonHeaveArc3FGA,NonHeaveArc3Accuracy
Wendell Carter Jr.,ORL,3.276955602537,1.05708245243129,3.27868852459016,0.105708245243129,5.17970401691332,111.216931216931,1.37566137566138,1.05820105820106,20.1902748414376,7.82241014799154,0.594594594594595,4.54545454545455,0.441860465116279,4.86257928118393,6.76532769556025,2.5369978858351,6.02536997885835,0.0,0.727272727272727,0.914285714285714,1.0,0.367521367521368,0.564790170940171,0.61965811965812,0.667832167832168,1.90274841437632,16.036866359447,6.08143839238498,7.3015873015873,4.23280423280423,0.158102766798419,2.22222222222222,0.119318181818182,4.86257928118393,2.85412262156448,0.127962085308057,1.90274841437632,0.0886699507389162,0.108695652173913,0.157894736842105,0.1375,2.85412262156448,6.76532769556025,1.79704016913319,1.05708245243129,6.02536997885835,2.85412262156448,0.528541226215645,0.0,0.0,0.422832980972516,0.194244604316547,0.769230769230769,5.66081081081081,24.7418604651163,4.96828752642706,0.401709401709402,0.702127659574468,0.666666666666667,0.148936170212766,1.58562367864693,0.128205128205128,0.466666666666667,0.0666666666666666,1.26849894291755,0.102564102564103,0.333333333333333,0.75,1.90274841437632,0.153846153846154,0.444444444444444,0.444444444444444,1.0,2.64270613107822,0.44,11,25,0.44
Myles Turner,MIL,2.23880597014925,1.06609808102345,2.12992545260916,0.0,3.19829424307036,114.893617021277,2.76595744680851,2.02127659574468,19.7228144989339,6.39658848614072,0.45,8.84861407249467,0.433734939759036,2.45202558635394,3.62473347547974,2.13219616204691,11.5138592750533,0.0,0.62962962962963,0.739130434782609,1.0,0.58041958041958,0.525915384615385,0.566433566433567,0.585443037974684,0.852878464818763,17.3114119922631,5.00532481363152,8.08510638297872,4.25531914893617,0.18348623853211,3.51063829787234,0.156398104265403,1.91897654584222,0.639658848614073,0.0297029702970297,1.1727078891258,0.0558375634517766,0.0426065162907268,0.168831168831169,0.0375,2.98507462686567,7.67590618336887,1.27931769722815,1.70575692963753,3.5181236673774,1.81236673773987,0.319829424307036,0.0,0.0,0.106609808102345,0.10828025477707,0.741258741258741,8.28833333333333,26.110843373494,2.45202558635394,0.160839160839161,0.565217391304348,0.615384615384615,0.173913043478261,2.55863539445629,0.167832167832168,0.333333333333333,0.0833333333333333,1.38592750533049,0.0909090909090909,0.461538461538462,0.666666666666667,1.49253731343284,0.0979020979020979,0.571428571428571,0.571428571428571,1.0,7.35607675906183,0.405797101449275,28,69,0.405797101449275
Nikola Jokić,DEN,4.31125131440589,3.25972660357518,1.79230363732209,0.0,8.09674027339642,110.253699788584,1.16279069767442,2.43128964059197,39.9579390115668,16.6140904311251,0.746835443037975,6.4143007360673,0.39344262295082,7.57097791798107,14.5110410094637,10.3049421661409,6.94006309148265,0.630914826498423,0.584745762711864,0.669902912621359,0.916666666666667,0.278538812785388,0.516755733944954,0.703196347031963,0.736434108527132,3.15457413249211,27.3897058823529,9.1723774380601,14.1649048625793,7.92811839323467,0.350467289719626,5.91966173361522,0.233333333333333,4.20609884332282,2.94426919032597,0.144329896907216,1.15667718191377,0.0536585365853658,0.0977443609022556,0.358208955223881,0.180722891566265,15.1419558359621,34.4900105152471,10.9358569926393,4.20609884332282,8.83280757097792,3.36487907465825,0.630914826498423,0.10515247108307,0.0,1.26182965299685,0.134146341463415,0.579908675799087,5.69240506329114,25.9885245901639,6.94006309148265,0.301369863013699,0.833333333333333,0.581818181818182,0.0151515151515151,8.2018927444795,0.356164383561644,0.653846153846154,0.0512820512820512,1.47213459516299,0.0639269406392694,0.857142857142857,0.416666666666667,0.315457413249211,0.0136986301369863,0.666666666666667,0.666666666666667,1.0,6.09884332281809,0.379310344827586,22,58,0.379310344827586
Onyeka Okongwu,ATL,2.89699570815451,0.751072961373391,2.94748124330118,0.0,4.50643776824034,112.20556745182,1.82012847965739,1.49892933618844,25.8583690987124,10.1931330472103,0.610526315789474,7.4034334763948495,0.405797101449275,4.39914163090129,10.5150214592275,1.931330472103,9.01287553648069,0.0,0.844827586206897,0.907407407407407,1.0,0.420731707317073,0.562453963414634,0.609756097560976,0.645161290322581,0.858369098712446,20.3632887189293,5.94855305466238,9.20770877944326,4.28265524625268,0.184331797235023,4.60385438972163,0.182978723404255,2.68240343347639,1.82403433476395,0.0858585858585858,0.858369098712446,0.0384615384615384,0.0615763546798029,0.176470588235294,0.088235294117647,4.07725321888412,9.87124463519313,2.36051502145923,1.71673819742489,5.68669527896996,2.78969957081545,0.858369098712446,0.0,0.0,0.429184549356223,0.142857142857143,0.75,4.26736842105263,24.8086956521739,5.79399141630901,0.329268292682927,0.759259259259259,0.853658536585366,0.074074074074074,4.39914163090129,0.25,0.414634146341463,0.121951219512195,0.0,0.0,0.0,0.0,2.78969957081545,0.158536585365854,0.5,0.5,1.0,4.6137339055794,0.348837209302326,15,43,0.348837209302326
Alperen Sengun,HOU,4.47928331466965,3.13549832026876,2.19224283305228,0.111982082866741,8.17469204927212,112.415349887133,1.35440180586907,1.69300225733634,30.9070548712206,18.3650615901456,0.487804878048781,4.25531914893617,0.447368421052632,7.27883538633819,6.04703247480403,11.8701007838746,5.03919372900336,0.671892497200448,0.3375,0.375,0.882352941176471,0.188118811881188,0.510616089108911,0.522277227722772,0.572614107883817,1.79171332586786,26.6350710900474,6.97020798201237,9.70654627539503,5.19187358916479,0.218009478672986,3.38600451467269,0.13953488372093,4.25531914893617,2.46360582306831,0.0916666666666666,1.67973124300112,0.0961538461538461,0.0934343434343434,0.183098591549296,0.153846153846154,9.96640537513998,23.9641657334826,5.93505039193729,4.03135498320269,9.85442329227324,4.14333706606943,1.00783874580067,0.111982082866741,0.0,1.11982082866741,0.164502164502165,0.534653465346535,6.73170731707317,26.7315789473684,7.83874580067189,0.346534653465347,0.642857142857143,0.422222222222222,0.0857142857142857,7.83874580067189,0.346534653465347,0.371428571428571,0.128571428571429,2.68756998880179,0.118811881188119,0.375,0.222222222222222,0.447928331466965,0.0198019801980198,0.75,0.75,1.0,3.80739081746921,0.411764705882353,14,34,0.411764705882353
Ivica Zubac,LAC,3.27683615819209,1.69491525423729,2.04545454545455,0.0,4.63276836158192,121.257142857143,1.6,0.914285714285714,25.3107344632768,17.6271186440678,0.621794871794872,0.0,0.0,3.38983050847458,13.5593220338983,8.36158192090396,0.0,0.0,0.618556701030928,0.769230769230769,0.0,0.0,0.541854487179487,0.621794871794872,0.647398843930636,4.29378531073446,20.2404809619238,8.57954545454546,11.8857142857143,5.71428571428571,0.231481481481481,5.25714285714286,0.233502538071066,5.31073446327684,3.50282485875706,0.156565656565657,1.80790960451977,0.0796019900497512,0.117794486215539,0.2,0.259259259259259,3.38983050847458,8.70056497175141,1.46892655367232,1.92090395480226,4.51977401129944,1.92090395480226,0.677966101694915,0.0,0.0,0.677966101694915,0.101796407185629,0.506410256410256,4.29294871794872,0.0,8.92655367231638,0.506410256410256,0.734177215189873,0.568965517241379,0.0886075949367088,8.70056497175141,0.493589743589744,0.506493506493506,0.0649350649350649,0.0,0.0,0.0,0.0,0.0,0.0,0.0,0.0,0.0,0.0,0.0,0,0,0.0
Rudy Gobert,MIN,2.66075388026608,1.44124168514412,2.20264317180617,0.0,5.98669623059867,107.658643326039,2.73522975929978,0.87527352297593,16.629711751663,9.31263858093126,0.761904761904762,0.0,0.0,2.4390243902439,9.31263858093126,4.87804878048781,0.0,0.0,0.65625,0.954545454545455,0.0,0.0,0.653742857142857,0.761904761904762,0.721153846153846,4.43458980044346,12.4271844660194,7.37885462555066,10.0656455142232,4.81400437636762,0.176,4.3763676148796495,0.18018018018018,4.65631929046563,2.4390243902439,0.111675126903553,2.21729490022173,0.1,0.105793450881612,0.131868131868132,0.222222222222222,2.32815964523282,5.87583148558758,1.10864745011086,1.21951219512195,4.98891352549889,2.21729490022173,0.554323725055432,0.0,0.0,0.554323725055432,0.202020202020202,0.857142857142857,1.94166666666667,0.0,7.98226164079823,0.857142857142857,0.805555555555556,0.637931034482759,0.0416666666666666,1.33037694013304,0.142857142857143,0.5,0.0833333333333333,0.0,0.0,0.0,0.0,0.0,0.0,0.0,0.0,0.0,0.0,0.0,0,0,0.0
Jaren Jackson Jr.,MEM,3.5437430786268,1.21816168327796,3.42730790491985,0.44296788482835,6.53377630121816,117.770419426049,2.09713024282561,0.772626931567329,29.6788482834994,14.8394241417497,0.522388059701493,7.53045404208195,0.367647058823529,5.86932447397564,8.859357696567,6.64451827242525,8.30564784053156,0.0,0.571428571428571,0.597014925373134,1.0,0.336633663366337,0.50759603960396,0.532178217821782,0.582608695652174,0.664451827242525,25.3875968992248,4.36705362078496,7.06401766004415,3.09050772626932,0.152173913043478,3.86313465783665,0.148936170212766,1.66112956810631,1.43964562569214,0.0550847457627118,0.221483942414175,0.0094339622641509,0.0334821428571428,0.295454545454545,0.107692307692308,2.43632336655592,6.31229235880399,0.996677740863787,1.43964562569214,7.30897009966777,3.10077519379845,0.8859357696567,0.221483942414175,0.0,0.664451827242525,0.130044843049327,0.524752475247525,7.05671641791045,25.4132352941176,4.20819490586932,0.188118811881188,0.578947368421053,0.545454545454545,0.131578947368421,10.077519379845,0.450495049504951,0.527472527472528,0.0659340659340659,0.553709856035437,0.0247524752475247,0.0,0.0,1.66112956810631,0.0742574257425742,0.4,0.4,1.0,5.86932447397564,0.358490566037736,19,53,0.358490566037736
Karl-Anthony Towns,NYK,3.76522702104098,1.21816168327796,2.728285077951,0.664451827242525,7.64119601328904,114.78163493841,1.3437849944009,1.3437849944009,31.3399778516058,14.6179401993355,0.492424242424242,8.41638981173865,0.328947368421053,8.63787375415283,7.53045404208195,6.86600221483942,7.9734219269103,0.332225913621262,0.523076923076923,0.618181818181818,0.96,0.365384615384615,0.578721875,0.492788461538462,0.578512396694215,2.21483942414175,26.4875239923225,9.18708240534521,13.8857782754759,6.38297872340426,0.285,6.494960806271,0.273584905660377,4.54042081949059,2.6578073089701,0.115384615384615,1.88261351052049,0.0729613733905579,0.0929705215419501,0.297872340425532,0.132075471698113,4.65116279069768,11.0741971207087,2.87929125138427,1.7718715393134,9.52380952380952,4.4296788482835,1.21816168327796,0.332225913621262,0.221483942414175,0.44296788482835,0.180672268907563,0.841346153846154,3.59242424242424,26.6315789473684,10.9634551495017,0.475961538461538,0.565656565656566,0.571428571428571,0.101010101010101,2.87929125138427,0.125,0.307692307692308,0.192307692307692,0.775193798449612,0.0336538461538461,0.142857142857143,0.0,0.44296788482835,0.0192307692307692,0.5,0.5,0.5,7.9734219269103,0.319444444444444,23,72,0.319444444444444
Isaiah Hartenstein,OKC,3.64464692482916,1.70842824601367,2.44457077885162,0.227790432801822,4.55580865603645,105.22133938706,1.02156640181612,2.38365493757094,22.0956719817768,13.5535307517084,0.714285714285714,0.455580865603645,0.0,2.73348519362187,15.0341685649203,4.32801822323462,0.0,0.0,0.776470588235294,0.891891891891892,0.0,0.032520325203252,0.599119105691057,0.691056910569106,0.708029197080292,2.50569476082005,16.7992047713718,9.32347924957362,12.5993189557321,5.90238365493757,0.244131455399061,5.67536889897843,0.257731958762887,6.03644646924829,3.64464692482916,0.152380952380952,2.27790432801822,0.103092783505155,0.128712871287129,0.279411764705882,0.149253731343284,5.58086560364465,12.7562642369021,3.9863325740318896,1.59453302961276,4.1002277904328,2.50569476082005,0.911161731207289,0.0,0.0,0.0,0.160583941605839,0.634146341463415,4.06050420168067,24.3,8.42824601366743,0.601626016260163,0.851351351351351,0.777777777777778,0.0405405405405405,5.01138952164009,0.357723577235772,0.5,0.0681818181818181,0.113895216400911,0.008130081300813,0.0,0.0,0.227790432801822,0.016260162601626,0.0,0.0,0.0,0.227790432801822,0.0,0,2,0.0
Deandre Ayton,LAL,4.07239819004525,2.14932126696833,2.48027057497182,0.0,2.14932126696833,116.292134831461,1.46067415730337,1.12359550561798,26.131221719457,17.6470588235294,0.698717948717949,0.0,0.0,1.47058823529412,19.9095022624434,4.75113122171946,0.0,0.0,0.807339449541284,0.967032967032967,0.0,0.0,0.546382051282051,0.698717948717949,0.695783132530121,4.07239819004525,20.3219315895372,6.93348365276212,9.21348314606742,3.48314606741573,0.173184357541899,4.15730337078652,0.172897196261682,4.63800904977376,2.60180995475113,0.132183908045977,2.03619909502262,0.101123595505618,0.116477272727273,0.131147540983607,0.222222222222222,1.47058823529412,3.39366515837104,1.01809954751131,0.452488687782805,2.60180995475113,0.904977375565611,0.339366515837104,0.0,0.0,0.565610859728507,0.0496894409937888,0.519230769230769,5.77051282051282,0.0,9.16289592760181,0.519230769230769,0.753086419753086,0.721311475409836,0.074074074074074,6.67420814479638,0.378205128205128,0.644067796610169,0.0338983050847457,1.80995475113122,0.102564102564103,0.625,1.0,0.0,0.0,0.0,0.0,0.0,0.0,0.0,0,0,0.0
Victor Wembanyama,SAS,5.0,2.55813953488372,2.56111757857974,0.697674418604651,10.2325581395349,107.459207459207,5.01165501165501,1.51515151515152,36.5116279069767,18.953488372093,0.558282208588957,6.74418604651163,0.344827586206897,8.37209302325582,12.3255813953488,8.83720930232558,5.93023255813954,1.04651162790698,0.582417582417583,0.63855421686747,0.85,0.262443438914027,0.541799773755656,0.547511312217195,0.6003861003861,1.86046511627907,30.8163265306122,9.0221187427241,15.2680652680653,8.27505827505827,0.312775330396476,6.06060606060606,0.252427184466019,2.7906976744186,1.62790697674419,0.0804597701149425,0.930232558139535,0.0423280423280423,0.0606060606060606,0.265822784810127,0.101449275362319,5.5813953488372094,13.953488372093,2.7906976744186,2.7906976744186,9.76744186046512,3.37209302325581,0.465116279069767,0.116279069767442,0.116279069767442,1.51162790697674,0.121951219512195,0.601809954751131,7.43128834355828,26.4120689655172,8.72093023255814,0.339366515837104,0.76,0.666666666666667,0.0133333333333333,5.69767441860465,0.221719457013575,0.387755102040816,0.0408163265306122,4.53488372093023,0.176470588235294,0.384615384615385,0.733333333333333,0.697674418604651,0.0271493212669683,0.5,0.5,1.0,6.04651162790698,0.326923076923077,17,52,0.326923076923077
Nic Claxton,BKN,2.40673886883273,1.08303249097473,2.27954409118176,0.0,8.78459687123947,128.11004784689,2.27272727272727,1.31578947368421,24.5487364620939,15.1624548736462,0.603174603174603,0.72202166064982,0.0,6.2575210589651,10.589651022864,7.70156438026474,0.0,0.0,0.578947368421053,0.676923076923077,0.0,0.0454545454545454,0.567329545454546,0.575757575757576,0.621951219512195,2.64741275571601,19.3888303477345,6.11877624475105,7.17703349282297,3.4688995215311,0.162921348314607,3.11004784688995,0.138297872340426,5.05415162454874,3.48977135980746,0.149484536082474,1.56438026474128,0.0607476635514018,0.102941176470588,0.0735294117647058,0.142857142857143,6.49819494584838,15.4031287605295,4.09145607701564,2.40673886883273,8.90493381468111,4.33212996389892,1.20336943441637,0.0,0.0,0.72202166064982,0.227848101265823,0.666666666666667,3.78174603174603,25.7666666666667,9.8676293622142,0.621212121212121,0.670731707317073,0.6,0.109756097560976,4.9338146811071,0.310606060606061,0.463414634146342,0.0975609756097561,0.36101083032491,0.0227272727272727,0.666666666666667,0.5,0.0,0.0,0.0,0.0,0.0,0.72202166064982,0.0,0,6,0.0
Nikola Vučević,CHI,2.53164556962025,1.38089758342923,1.89764232317424,0.115074798619102,2.99194476409666,118.965517241379,0.689655172413793,1.03448275862069,23.7054085155351,12.1979286536249,0.528301886792453,7.01956271576525,0.409836065573771,2.18642117376295,10.8170310701956,2.07134637514384,8.28538550057538,0.345224395857307,0.839285714285714,0.92156862745098,0.96,0.365269461077844,0.522365269461078,0.559880239520958,0.575418994413408,1.15074798619102,20.850622406639,7.47556066705003,11.9540229885057,6.66666666666667,0.25,4.71264367816092,0.219251336898396,2.99194476409666,1.95627157652474,0.0845771144278607,0.805523590333717,0.0378378378378378,0.0621761658031088,0.218390804597701,0.099009900990099,5.52359033371692,13.0034522439586,3.56731875719218,1.95627157652474,2.87686996547756,0.920598388952819,0.115074798619102,0.0,0.0,0.575373993095512,0.0459770114942528,0.586826347305389,6.80660377358491,26.0114754098361,4.25776754890679,0.221556886227545,0.594594594594595,0.727272727272727,0.081081081081081,6.32911392405063,0.329341317365269,0.527272727272727,0.0727272727272727,1.61104718066743,0.0838323353293413,0.357142857142857,1.0,0.575373993095512,0.029940119760479,0.2,0.2,1.0,6.44418872266974,0.428571428571429,24,56,0.428571428571429
Alex Sarr,WAS,3.93401015228426,2.91878172588833,1.70239596469105,0.126903553299492,4.9492385786802,124.310776942356,3.50877192982456,1.12781954887218,29.9492385786802,18.9086294416244,0.563758389261745,5.0761421319797,0.35,3.2994923857868,15.2284263959391,6.09137055837563,5.32994923857868,0.0,0.714285714285714,0.845070422535211,1.0,0.211640211640212,0.520772222222222,0.555555555555556,0.575609756097561,3.2994923857868,26.6065388951522,6.68348045397226,9.39849624060151,4.63659147869674,0.187817258883249,4.3859649122807,0.18716577540107,3.93401015228426,3.42639593908629,0.139175257731959,0.50761421319797,0.0242424242424242,0.0863509749303621,0.17948717948718,0.191489361702128,5.96446700507614,15.6091370558376,2.28426395939086,3.68020304568528,4.56852791878173,2.15736040609137,0.50761421319797,0.0,0.0,0.380710659898477,0.0841584158415841,0.576719576719577,5.78657718120805,25.98,8.75634517766497,0.365079365079365,0.768115942028986,0.716981132075472,0.115942028985507,8.75634517766497,0.365079365079365,0.376811594202899,0.130434782608696,1.39593908629442,0.0582010582010582,0.454545454545455,0.8,0.380710659898477,0.0158730158730158,0.333333333333333,0.5,1.0,4.69543147208122,0.351351351351351,13,37,0.351351351351351
Jalen Duren,DET,3.83631713554987,1.53452685421995,2.8169014084507,0.0,8.82352941176471,109.74358974359,1.7948717948718,1.7948717948718,34.2710997442455,18.4143222506394,0.673611111111111,0.0,0.0,9.46291560102302,15.3452685421995,9.46291560102302,0.0,0.0,0.618556701030928,0.759493670886076,0.0,0.0,0.557552083333333,0.673611111111111,0.716577540106952,4.60358056265985,23.4848484848485,9.92317541613316,12.3076923076923,5.12820512820513,0.21505376344086,5.25641025641026,0.211340206185567,7.54475703324808,4.98721227621483,0.195979899497487,2.55754475703325,0.125786163522013,0.164804469273743,0.142857142857143,0.268292682926829,3.0690537084399,7.03324808184143,2.17391304347826,0.895140664961637,12.1483375959079,5.37084398976982,1.15089514066496,0.0,0.0,1.27877237851662,0.23728813559322,0.6875,3.39652777777778,0.0,12.6598465473146,0.6875,0.696969696969697,0.666666666666667,0.0707070707070707,5.24296675191816,0.284722222222222,0.609756097560976,0.121951219512195,0.51150895140665,0.0277777777777777,0.75,0.0,0.0,0.0,0.0,0.0,0.0,0.0,0.0,0,0,0.0
Neemias Queta,BOS,1.78817056396149,0.550206327372765,3.31262939958592,0.137551581843191,5.22696011004127,102.493074792244,3.04709141274238,1.52354570637119,18.707015130674,13.0674002751032,0.631578947368421,0.412654745529574,0.0,2.20082530949106,12.3796423658872,4.12654745529574,0.0,0.0,0.75,0.978260869565217,0.0,0.0306122448979591,0.580237755102041,0.612244897959184,0.623853211009174,3.8514442916093503,14.2690058479532,8.35058661145618,10.387811634349,5.12465373961219,0.185929648241206,4.84764542936288,0.195530726256983,6.3273727647868,3.8514442916093503,0.156424581005587,2.47592847317744,0.09375,0.123989218328841,0.132075471698113,0.132075471698113,3.57634112792297,8.80330123796424,1.92572214580468,1.65061898211829,3.71389270976616,1.65061898211829,0.687757909215956,0.0,0.0,0.550206327372765,0.114285714285714,0.693877551020408,3.53473684210526,24.8666666666667,8.94085281980743,0.663265306122449,0.738461538461539,0.708333333333333,0.0307692307692307,3.57634112792297,0.26530612244898,0.461538461538462,0.0384615384615384,0.550206327372765,0.0408163265306122,0.0,0.0,0.137551581843191,0.010204081632653,0.0,0.0,0.0,0.275103163686382,0.0,0,2,0.0
Domantas Sabonis,SAC,3.61290322580645,1.54838709677419,2.82413350449294,0.129032258064516,5.16129032258065,126.309067688378,0.255427841634738,1.6602809706258,24.3870967741935,16.1290322580645,0.56,2.58064516129032,0.2,4.7741935483871,12.9032258064516,5.16129032258065,1.54838709677419,0.0,0.714285714285714,0.862068965517241,1.0,0.137931034482759,0.546880344827586,0.524137931034483,0.559171597633136,3.09677419354839,22.722029988466,8.66495507060334,12.5159642401022,6.76883780332056,0.381294964028777,4.34227330779055,0.201183431952663,4.7741935483871,3.48387096774194,0.124423963133641,1.29032258064516,0.0636942675159235,0.0989304812834224,0.454545454545455,0.185714285714286,5.29032258064516,11.3548387096774,4.51612903225807,0.774193548387097,6.58064516129032,2.70967741935484,0.387096774193548,0.0,0.0,0.774193548387097,0.128834355828221,0.675862068965517,4.0872,25.555,10.0645161290323,0.537931034482759,0.641025641025641,0.68,0.115384615384615,5.54838709677419,0.296551724137931,0.395348837209302,0.0930232558139534,0.516129032258065,0.0275862068965517,0.75,1.0,0.387096774193548,0.0206896551724137,0.333333333333333,0.333333333333333,1.0,2.19354838709677,0.176470588235294,3,17,0.176470588235294
Jock Landale,MEM,2.38095238095238,0.925925925925926,2.97816015883521,0.132275132275132,3.96825396825397,119.470198675497,0.927152317880795,1.32450331125828,19.5767195767196,9.92063492063492,0.56,4.89417989417989,0.432432432432432,2.11640211640212,7.67195767195767,3.43915343915344,6.34920634920635,0.0,0.690476190476191,0.935483870967742,1.0,0.330357142857143,0.541496875,0.589285714285714,0.592,2.91005291005291,16.2471395881007,5.49305095962938,6.35761589403974,3.44370860927152,0.168831168831169,2.51655629139073,0.117283950617284,4.62962962962963,2.51322751322751,0.0974358974358974,1.98412698412698,0.0717703349282296,0.0841584158415841,0.185185185185185,0.157894736842105,3.43915343915344,8.2010582010582,2.11640211640212,1.32275132275132,3.43915343915344,1.32275132275132,0.132275132275132,0.0,0.0,0.529100529100529,0.0826446280991735,0.696428571428571,4.87066666666667,25.3054054054054,5.42328042328042,0.366071428571429,0.634146341463415,0.576923076923077,0.170731707317073,3.96825396825397,0.267857142857143,0.433333333333333,0.133333333333333,0.529100529100529,0.0357142857142857,0.75,1.0,0.793650793650794,0.0535714285714285,0.333333333333333,0.333333333333333,1.0,4.1005291005291,0.451612903225806,14,31,0.451612903225806
Donovan Clingan,POR,1.48048452220727,0.672947510094213,2.4798927613941,0.0,3.09555854643338,114.285714285714,3.07076101468625,1.20160213618158,16.6890982503365,8.61372812920592,0.640625,5.3835800807537,0.2,2.42261103633917,6.19111709286676,4.84522207267833,3.23014804845222,0.0,0.560975609756098,0.958333333333333,1.0,0.384615384615385,0.573689423076923,0.509615384615385,0.558558558558559,4.57604306864065,13.4955752212389,8.64611260053619,8.54472630173565,4.53938584779706,0.194285714285714,3.73831775700935,0.16969696969697,8.74831763122477,5.3835800807537,0.245398773006135,2.96096904441454,0.0969162995594713,0.158974358974359,0.208333333333333,0.307692307692308,2.28802153432032,5.11440107671602,1.74966352624495,0.53835800807537,2.55720053835801,1.61507402422611,0.672947510094213,0.0,0.0,0.0,0.108108108108108,0.923076923076923,2.240625,25.21,7.53701211305518,0.538461538461538,0.678571428571429,0.578947368421053,0.0892857142857142,1.07671601615074,0.0769230769230769,0.375,0.125,0.0,0.0,0.0,0.0,0.942126514131898,0.0673076923076923,0.0,0.0,0.0,4.4414535666218,0.242424242424242,8,33,0.242424242424242
Ryan Kalkbrenner,CHA,3.00957592339261,0.683994528043776,1.92970365265334,0.136798905608755,2.46238030095759,115.555555555556,4.02777777777778,1.66666666666667,17.6470588235294,9.30232558139535,0.823529411764706,0.136798905608755,0.0,2.32558139534884,10.3967168262654,4.92476060191518,0.0,0.0,0.678571428571429,0.95,0.0,0.0144927536231884,0.65695,0.811594202898551,0.826923076923077,4.37756497948016,12.1065375302663,6.34045485871813,6.94444444444445,4.16666666666667,0.157068062827225,2.36111111111111,0.108974358974359,5.74555403556772,2.7359781121751,0.136054421768708,3.00957592339261,0.113989637305699,0.123529411764706,0.212121212121212,0.2,0.683994528043776,1.91518467852257,0.136798905608755,0.547195622435021,2.87277701778386,1.50478796169631,0.410396716826265,0.0,0.0,0.136798905608755,0.142857142857143,0.91304347826087,1.85588235294118,24.6,8.48153214774282,0.898550724637681,0.838709677419355,0.653846153846154,0.0806451612903225,0.820793433652531,0.0869565217391304,0.666666666666667,0.0,0.0,0.0,0.0,0.0,0.0,0.0,0.0,0.0,0.0,0.136798905608755,0.0,0,1,0.0
Jusuf Nurkić,UTA,5.5256064690027,3.09973045822102,2.7027027027027,0.134770889487871,4.85175202156334,116.937669376694,0.813008130081301,3.38753387533875,14.0161725067385,9.97304582210243,0.472972972972973,3.36927223719677,0.16,2.96495956873315,5.12129380053908,4.31266846361186,1.61725067385445,0.0,0.542857142857143,0.76,1.0,0.252525252525253,0.50824696969697,0.414141414141414,0.448275862068966,2.69541778975741,18.0459770114943,9.05405405405405,13.9566395663957,6.36856368563686,0.30921052631579,6.77506775067751,0.260416666666667,4.17789757412399,2.69541778975741,0.10989010989011,1.48247978436658,0.056701030927835,0.0824468085106382,0.355555555555556,0.106382978723404,7.14285714285714,16.3072776280323,5.12129380053908,2.02156334231806,4.71698113207547,1.48247978436658,0.134770889487871,0.0,0.0,0.943396226415094,0.100917431192661,0.565656565656566,4.55135135135135,26.048,4.17789757412399,0.313131313131313,0.580645161290323,0.444444444444444,0.129032258064516,5.66037735849057,0.424242424242424,0.404761904761905,0.119047619047619,0.134770889487871,0.0101010101010101,0.0,0.0,0.0,0.0,0.0,0.0,0.0,3.36927223719677,0.16,4,25,0.16
Kel'el Ware,MIA,1.7426273458445,0.938337801608579,1.93075898801598,0.268096514745308,2.94906166219839,120.502645502646,2.77777777777778,1.85185185185185,21.0455764075067,10.455764075067,0.615384615384615,4.82573726541555,0.388888888888889,2.54691689008043,9.11528150134048,3.75335120643432,5.63002680965148,0.0,0.708333333333333,0.944444444444444,1.0,0.315789473684211,0.582807456140351,0.605263157894737,0.633064516129032,3.2171581769437,16.4663461538462,8.92143808255659,12.4338624338624,5.15873015873016,0.217877094972067,6.21693121693122,0.220657276995305,5.36193029490617,4.02144772117963,0.15625,1.34048257372654,0.0709219858156028,0.12012012012012,0.196428571428571,0.144927536231884,1.34048257372654,3.35120643431635,0.670241286863271,0.670241286863271,3.2171581769437,1.4745308310992,0.536193029490617,0.0,0.0,0.402144772117962,0.0909090909090909,0.780701754385965,3.35512820512821,24.5,7.10455764075067,0.464912280701754,0.735849056603774,0.666666666666667,0.0188679245283018,3.2171581769437,0.210526315789474,0.333333333333333,0.166666666666667,0.134048257372654,0.0087719298245614,1.0,1.0,2.14477211796247,0.140350877192982,0.4375,0.4375,1.0,2.68096514745308,0.35,7,20,0.35
Naz Reid,MIN,2.97029702970297,1.55586987270156,2.77975766215253,0.0,3.11173974540311,116.954022988506,1.72413793103448,1.86781609195402,24.3281471004243,9.75954738330976,0.565217391304348,10.6082036775106,0.36,1.83875530410184,5.65770862800566,5.37482319660538,10.1838755304102,1.27298444130127,0.512820512820513,0.571428571428571,0.888888888888889,0.520833333333333,0.534734615384615,0.552083333333333,0.562091503267974,1.13154172560113,21.3759213759214,6.05844618674269,9.77011494252874,5.89080459770115,0.239766081871345,2.8735632183908,0.131578947368421,2.4045261669024,1.13154172560113,0.0516129032258064,1.13154172560113,0.0481927710843373,0.0498442367601246,0.260869565217391,0.0526315789473684,4.1018387553041,10.04243281471,2.26308345120226,1.83875530410184,2.82885431400283,1.41442715700141,0.282885431400283,0.0,0.0,0.141442715700141,0.0657894736842105,0.715277777777778,5.83188405797101,25.476,3.96039603960396,0.194444444444444,0.75,0.571428571428571,0.0714285714285714,5.09193776520509,0.25,0.472222222222222,0.194444444444444,0.707213578500707,0.0347222222222222,0.2,1.0,3.53606789250354,0.173611111111111,0.44,0.44,0.909090909090909,7.07213578500707,0.32,16,50,0.32
Jarrett Allen,CLE,2.88461538461538,1.51098901098901,1.23796423658872,0.0,8.1043956043956,111.570247933884,1.65289256198347,1.92837465564738,27.3351648351648,17.032967032967,0.604838709677419,0.54945054945055,0.0,6.73076923076923,16.4835164835165,4.12087912087912,0.0,0.0,0.8,0.909090909090909,0.0,0.03125,0.5508171875,0.5859375,0.629746835443038,2.47252747252747,21.462829736211,6.80880330123796,9.366391184573,3.58126721763085,0.15028901734104,4.82093663911846,0.224358974358974,4.25824175824176,2.47252747252747,0.119205298013245,1.78571428571429,0.0773809523809523,0.0971786833855799,0.115942028985507,0.13953488372093,3.15934065934066,7.41758241758242,2.06043956043956,1.0989010989011,8.79120879120879,2.88461538461538,0.54945054945055,0.0,0.0,1.78571428571429,0.144827586206897,0.5234375,4.68790322580645,24.825,8.65384615384615,0.4921875,0.698412698412698,0.75,0.158730158730159,7.82967032967033,0.4453125,0.491228070175439,0.087719298245614,0.54945054945055,0.03125,0.75,1.0,0.412087912087912,0.0234375,0.0,0.0,0.0,0.137362637362637,0.0,0,1,0.0
Mark Williams,PHX,1.74927113702624,0.583090379008746,2.7007299270073,0.0,4.81049562682216,108.333333333333,1.75438596491228,2.48538011695906,22.1574344023324,14.1399416909621,0.628865979381443,0.0,0.0,4.3731778425656,13.4110787172012,4.3731778425656,0.0,0.0,0.754098360655738,0.938775510204082,0.0,0.0,0.553143298969072,0.628865979381443,0.660869565217391,3.49854227405248,16.1167512690355,7.73722627737226,9.94152046783626,4.3859649122807,0.205479452054795,4.53216374269006,0.181286549707602,5.53935860058309,3.35276967930029,0.146496815286624,2.1865889212828,0.0909090909090909,0.118012422360248,0.122448979591837,0.217391304347826,1.74927113702624,4.22740524781341,1.02040816326531,0.728862973760933,5.68513119533528,3.06122448979592,0.43731778425656,0.0,0.0,0.0,0.182608695652174,0.577319587628866,4.023711340206191,0.0,8.16326530612245,0.577319587628866,0.732142857142857,0.682926829268293,0.0714285714285714,5.68513119533528,0.402061855670103,0.487179487179487,0.128205128205128,0.291545189504373,0.0206185567010309,0.5,1.0,0.0,0.0,0.0,0.0,0.0,0.0,0.0,0,0,0.0
Moussa Diabaté,CHA,1.69491525423729,0.154083204930663,2.57771038665656,0.0,7.3959938366718,121.791044776119,3.13432835820896,1.34328358208955,22.1879815100154,12.0184899845917,0.67948717948718,0.0,0.0,5.85516178736518,11.0939907550077,5.23882896764253,0.0,0.0,0.679245283018868,0.878048780487805,0.0,0.0,0.590003846153846,0.67948717948718,0.705882352941177,3.6979969183359,14.6373056994819,8.41546626231994,8.35820895522388,4.47761194029851,0.198675496688742,3.28358208955224,0.181818181818182,8.47457627118644,5.54699537750385,0.233766233766234,2.77349768875193,0.116129032258065,0.174757281553398,0.0909090909090909,0.253731343283582,2.31124807395994,5.70107858243452,1.2326656394453,1.07858243451464,8.32049306625578,4.16024653312789,0.924499229583975,0.0,0.0,0.462249614791988,0.272727272727273,0.756410256410256,3.21410256410256,0.0,9.09090909090909,0.756410256410256,0.711864406779661,0.642857142857143,0.0508474576271186,2.77349768875193,0.230769230769231,0.611111111111111,0.166666666666667,0.154083204930663,0.0128205128205128,0.0,0.0,0.0,0.0,0.0,0.0,0.0,0.0,0.0,0,0,0.0
Derik Queen,NOP,4.9306625577812,2.92758089368259,3.28997704667177,0.462249614791988,5.85516178736518,115.957446808511,1.67173252279635,2.12765957446809,22.3420647149461,16.1787365177196,0.504761904761905,1.54083204930663,0.1,5.54699537750385,6.77966101694915,9.55315870570108,0.0,0.462249614791988,0.415094339622642,0.5,0.0,0.0869565217391304,0.528086521739131,0.473913043478261,0.529197080291971,2.77349768875193,22.6845637583893,6.65646518745218,9.27051671732523,4.25531914893617,0.243478260869565,4.55927051671733,0.16304347826087,4.00616332819723,2.61941448382126,0.095505617977528,1.38674884437596,0.0789473684210526,0.0890410958904109,0.245283018867925,0.0759493670886076,5.70107858243452,13.0970724191063,4.00616332819723,1.69491525423729,7.24191063174114,3.38983050847458,0.462249614791988,0.0,0.0,0.462249614791988,0.164179104477612,0.591304347826087,5.45904761904762,25.42,8.93682588597843,0.504347826086957,0.672413793103448,0.435897435897436,0.0517241379310344,6.00924499229584,0.339130434782609,0.333333333333333,0.128205128205128,1.2326656394453,0.0695652173913043,0.125,1.0,0.308166409861325,0.017391304347826,0.0,0.0,0.0,1.2326656394453,0.125,1,8,0.125
Isaiah Stewart,DET,2.4866785079929,1.24333925399645,3.33333333333333,0.0,4.61811722912966,110.225303292894,4.15944540727903,0.346620450606586,23.6234458259325,11.190053285968,0.555555555555556,6.3943161634103,0.388888888888889,3.73001776198934,9.59147424511545,2.84191829484902,7.46003552397869,0.0,0.771428571428572,0.964285714285714,1.0,0.363636363636364,0.549316161616162,0.565656565656566,0.599099099099099,2.4866785079929,19.1717791411043,6.8421052631579,9.01213171577123,3.29289428076257,0.129251700680272,4.50606585788562,0.179310344827586,4.61811722912966,3.37477797513322,0.133802816901408,0.532859680284192,0.0241935483870967,0.0827067669172932,0.102040816326531,0.122448979591837,3.19715808170515,7.63765541740675,1.9538188277087,1.24333925399645,4.97335701598579,1.59857904085258,0.710479573712256,0.0,0.0,1.24333925399645,0.0865384615384615,0.777777777777778,3.24285714285714,24.8694444444444,7.28241563055062,0.414141414141414,0.682926829268293,0.75,0.024390243902439,3.73001776198934,0.212121212121212,0.333333333333333,0.142857142857143,0.177619893428064,0.0101010101010101,0.0,0.0,2.66429840142096,0.151515151515152,0.4,0.4,1.0,3.73001776198934,0.380952380952381,8,21,0.380952380952381
Andre Drummond,PHI,1.27504553734062,0.364298724954463,2.16998191681736,0.0,3.6429872495446305,112.746858168761,1.79533213644524,1.61579892280072,18.5792349726776,9.2896174863388,0.647058823529412,2.9143897996357,0.4375,2.73224043715847,6.55737704918033,5.46448087431694,3.82513661202186,0.0,0.545454545454545,0.9,1.0,0.238805970149254,0.592786567164179,0.649253731343284,0.653846153846154,4.73588342440802,13.1782945736434,10.3978300180832,13.8240574506284,6.10412926391382,0.244604316546763,7.00179533213645,0.288888888888889,6.92167577413479,4.91803278688525,0.184931506849315,1.27504553734062,0.0573770491803278,0.126865671641791,0.2,0.228070175438596,1.63934426229508,3.6429872495446305,1.27504553734062,0.364298724954463,4.37158469945355,1.09289617486339,0.364298724954463,0.0,0.0,1.27504553734062,0.0845070422535211,0.880597014925373,1.96862745098039,23.425,7.83242258652095,0.641791044776119,0.697674418604651,0.5,0.0697674418604651,1.45719489981785,0.119402985074627,0.375,0.0,0.0,0.0,0.0,0.0,2.55009107468124,0.208955223880597,0.5,0.5,1.0,0.364298724954463,0.0,0,2,0.0
Isaiah Jackson,IND,2.84191829484902,0.88809946714032,4.04929577464789,0.177619893428064,5.32859680284192,121.640488656195,0.87260034904014,1.74520069808028,21.4920071047957,14.3872113676732,0.580246913580247,0.0,0.0,4.79573712255773,9.59147424511545,7.10479573712256,0.0,0.0,0.574468085106383,0.818181818181818,0.0,0.0,0.576218518518519,0.580246913580247,0.630208333333333,4.97335701598579,16.7664670658683,7.83450704225352,8.7260034904014,2.79232111692845,0.142857142857143,5.410122164048871,0.21830985915493,6.92717584369449,4.4404973357016,0.14792899408284,2.13143872113677,0.0967741935483871,0.126279863481229,0.025,0.207547169811321,2.66429840142096,6.03907637655417,1.9538188277087,0.710479573712256,6.03907637655417,2.4866785079929,0.710479573712256,0.0,0.0,0.88809946714032,0.153846153846154,0.716049382716049,3.42592592592593,0.0,10.3019538188277,0.716049382716049,0.655172413793103,0.526315789473684,0.0344827586206896,3.37477797513322,0.234567901234568,0.473684210526316,0.0,0.710479573712256,0.0493827160493827,0.0,0.0,0.0,0.0,0.0,0.0,0.0,0.0,0.0,0,0,0.0
Kyle Filipowski,UTA,2.97951582867784,1.30353817504656,3.33951762523191,0.0,3.91061452513967,117.005545286506,1.29390018484288,0.924214417744917,18.8081936685289,9.31098696461825,0.48,6.51769087523277,0.314285714285714,3.7243947858473,6.70391061452514,2.23463687150838,6.14525139664805,0.0,0.75,0.818181818181818,1.0,0.411764705882353,0.511650588235294,0.476470588235294,0.51530612244898,0.74487895716946,18.0379746835443,6.77179962894249,9.79667282809612,3.69685767097967,0.204081632653061,5.5452865064695,0.194805194805195,3.7243947858473,1.11731843575419,0.0576923076923076,2.23463687150838,0.0805369127516778,0.0711462450592885,0.166666666666667,0.0588235294117647,5.58659217877095,13.780260707635,2.97951582867784,2.60707635009311,5.40037243947859,1.86219739292365,0.37243947858473,0.186219739292365,0.0,0.74487895716946,0.117021276595745,0.635294117647059,5.06,24.5457142857143,3.53817504655494,0.223529411764706,0.578947368421053,0.727272727272727,0.105263157894737,5.58659217877095,0.352941176470588,0.433333333333333,0.2,0.186219739292365,0.0117647058823529,0.0,0.0,2.60707635009311,0.164705882352941,0.5,0.538461538461538,1.0,3.91061452513967,0.19047619047619,4,21,0.19047619047619
Jakob Poeltl,TOR,2.23463687150838,1.30353817504656,3.34883720930233,0.186219739292365,4.65549348230913,117.100371747212,1.11524163568773,1.11524163568773,21.0428305400372,12.1042830540037,0.723076923076923,0.0,0.0,3.53817504655494,14.8975791433892,2.60707635009311,0.0,0.0,0.851063829787234,1.0,0.0,0.0,0.608493846153846,0.723076923076923,0.689024390243902,2.60707635009311,15.3846153846154,6.97674418604651,8.7360594795539,3.71747211895911,0.163934426229508,4.27509293680297,0.182539682539683,5.21415270018622,3.35195530726257,0.135338345864662,1.48975791433892,0.0842105263157894,0.114035087719298,0.163636363636364,0.0789473684210526,3.16573556797021,6.70391061452514,2.79329608938548,0.37243947858473,6.51769087523277,2.04841713221601,0.186219739292365,0.0,0.0,1.30353817504656,0.146666666666667,0.692307692307692,3.84307692307692,0.0,8.37988826815642,0.692307692307692,0.822222222222222,0.810810810810811,0.0666666666666666,3.7243947858473,0.307692307692308,0.5,0.05,0.0,0.0,0.0,0.0,0.0,0.0,0.0,0.0,0.0,0.0,0.0,0,0,0.0
Goga Bitadze,ORL,1.55642023346304,0.972762645914397,2.90135396518375,0.0,3.89105058365759,114.230769230769,3.65384615384615,1.53846153846154,17.3151750972763,7.78210116731518,0.775,1.16731517509728,0.333333333333333,4.08560311284047,7.78210116731518,4.28015564202335,1.16731517509728,0.0,0.645161290322581,0.952380952380952,1.0,0.130434782608696,0.595678260869565,0.739130434782609,0.741666666666667,3.89105058365759,11.1675126903553,7.05996131528046,9.42307692307692,3.65384615384615,0.149606299212598,4.42307692307692,0.190082644628099,4.66926070038911,3.11284046692607,0.129032258064516,1.55642023346304,0.074074074074074,0.103448275862069,0.113636363636364,0.192307692307692,3.69649805447471,8.17120622568093,2.91828793774319,0.778210116731518,5.6420233463035,1.55642023346304,0.583657587548638,0.0,0.0,1.75097276264591,0.156862745098039,0.826086956521739,2.705,25.1,6.22568093385214,0.695652173913044,0.8125,0.576923076923077,0.03125,1.36186770428016,0.152173913043478,0.714285714285714,0.142857142857143,0.194552529182879,0.0217391304347826,0.0,0.0,0.389105058365759,0.0434782608695652,0.5,0.5,1.0,0.778210116731518,0.25,1,4,0.25
Al Horford,GSW,2.95275590551181,1.37795275590551,1.76297747306562,0.0,0.984251968503937,116.764132553606,2.14424951267057,1.94931773879142,12.4015748031496,3.74015748031496,0.368421052631579,9.25196850393701,0.319148936170213,0.78740157480315,1.96850393700787,0.78740157480315,8.85826771653543,0.0,0.714285714285714,0.714285714285714,1.0,0.712121212121212,0.527340909090909,0.446969696969697,0.463235294117647,0.0,14.5104895104895,4.40744368266406,6.82261208576998,3.11890838206628,0.144144144144144,3.31384015594542,0.155963302752294,1.96850393700787,0.78740157480315,0.0380952380952381,1.18110236220472,0.0416666666666666,0.0401606425702811,0.142857142857143,0.0476190476190476,3.74015748031496,10.2362204724409,0.984251968503937,2.75590551181102,0.78740157480315,0.393700787401575,0.0,0.0,0.0,0.0,0.0294117647058823,0.772727272727273,7.33157894736842,25.2021276595745,0.78740157480315,0.0606060606060606,0.5,1.0,0.25,2.55905511811024,0.196969696969697,0.384615384615385,0.153846153846154,0.393700787401575,0.0303030303030303,0.0,0.0,3.1496062992126,0.242424242424242,0.5625,0.5625,1.0,6.10236220472441,0.193548387096774,6,31,0.193548387096774
Bam Adebayo,MIA,3.01318267419962,1.88323917137476,1.2218045112782,0.0,6.59133709981168,108.067542213884,0.375234521575985,1.50093808630394,29.9435028248588,14.5009416195857,0.519480519480519,8.85122410546139,0.340425531914894,5.83804143126177,10.9227871939736,4.14312617702448,9.03954802259887,0.0,0.725,0.743589743589744,1.0,0.379032258064516,0.539428225806452,0.516129032258065,0.560283687943262,0.376647834274953,26.6781411359725,6.10902255639098,10.6941838649156,5.25328330206379,0.254545454545455,4.87804878048781,0.184397163120567,1.50659133709981,0.564971751412429,0.0265486725663716,0.941619585687382,0.0458715596330275,0.036036036036036,0.178571428571429,0.0689655172413793,4.33145009416196,10.1694915254237,2.82485875706215,1.50659133709981,6.77966101694915,3.2015065913371,0.376647834274953,0.0,0.0,0.376647834274953,0.122302158273381,0.57258064516129,7.6974025974026,24.8617021276596,4.51977401129944,0.193548387096774,0.75,0.888888888888889,0.125,7.90960451977401,0.338709677419355,0.404761904761905,0.0476190476190476,2.07156308851224,0.0887096774193548,0.454545454545455,0.6,4.33145009416196,0.185483870967742,0.347826086956522,0.347826086956522,1.0,4.51977401129944,0.333333333333333,8,24,0.333333333333333
Steven Adams,HOU,2.45398773006135,1.02249488752556,2.46659815005139,0.0,4.08997955010225,108.884297520661,1.65289256198347,1.65289256198347,13.7014314928425,10.0204498977505,0.510204081632653,0.0,0.0,3.47648261758691,4.08997955010225,6.13496932515337,0.0,0.0,0.4,1.0,0.0,0.0,0.596832653061225,0.510204081632653,0.558333333333333,6.13496932515337,12.1212121212121,10.5858170606372,9.71074380165289,4.33884297520661,0.189189189189189,5.37190082644628,0.2,11.4519427402863,8.38445807770961,0.273333333333333,3.06748466257669,0.185185185185185,0.242424242424242,0.166666666666667,0.361702127659575,3.2719836400818,6.95296523517382,2.86298568507157,0.408997955010225,4.70347648261759,1.84049079754601,0.204498977505112,0.0,0.0,0.613496932515337,0.157894736842105,0.857142857142857,1.62244897959184,0.0,8.58895705521472,0.857142857142857,0.547619047619048,0.391304347826087,0.0,1.43149284253579,0.142857142857143,0.285714285714286,0.285714285714286,0.0,0.0,0.0,0.0,0.0,0.0,0.0,0.0,0.0,0.0,0.0,0,0,0.0
Kristaps Porziņģis,ATL,2.05338809034908,1.02669404517454,2.76639344262295,0.205338809034908,8.82956878850103,117.58691206544,2.86298568507157,1.02249488752556,32.0328542094456,14.1683778234086,0.507246376811594,9.24024640657084,0.311111111111111,9.03490759753593,8.2135523613963,6.16016427104723,8.62422997946612,0.0,0.571428571428571,0.666666666666667,1.0,0.394736842105263,0.528055701754386,0.491228070175439,0.569343065693431,2.05338809034908,26.3440860215054,5.22540983606557,6.95296523517382,3.2719836400818,0.137931034482759,3.47648261758691,0.149122807017544,3.49075975359343,2.05338809034908,0.0769230769230769,1.43737166324435,0.0686274509803921,0.0732758620689655,0.15,0.150943396226415,6.77618069815195,14.9897330595483,5.3388090349076,1.43737166324435,10.4722792607803,4.31211498973306,0.82135523613963,0.0,0.0,1.23203285420945,0.16030534351145,0.614035087719298,8.62463768115942,26.3066666666667,5.13347022587269,0.219298245614035,0.52,0.538461538461538,0.08,4.72279260780288,0.201754385964912,0.521739130434783,0.0434782608695652,4.31211498973306,0.184210526315789,0.476190476190476,0.5,1.02669404517454,0.043859649122807,0.6,0.6,1.0,8.2135523613963,0.275,11,40,0.275
Sandro Mamukelashvili,TOR,2.39520958083832,1.19760479041916,2.29312063808574,0.0,2.9940119760479,104.183266932271,1.19521912350598,1.19521912350598,24.3512974051896,8.98203592814371,0.666666666666667,6.187624750499,0.451612903225806,3.99201596806387,8.38323353293413,3.59281437125749,8.38323353293413,0.0,0.7,0.75,1.0,0.407894736842105,0.604707236842105,0.671052631578947,0.701149425287356,0.798403193612775,17.5843694493783,4.68594217347956,6.77290836653387,1.79282868525896,0.09375,4.38247011952191,0.165413533834586,2.59481037924152,0.598802395209581,0.0265486725663716,1.99600798403194,0.0909090909090909,0.0582959641255605,0.075,0.025,4.79041916167665,12.375249500998,1.99600798403194,2.79441117764471,4.99001996007984,2.59481037924152,0.598802395209581,0.0,0.0,0.199600798403194,0.151162790697674,0.842105263157895,2.77777777777778,25.8032258064516,6.58682634730539,0.43421052631579,0.757575757575758,0.76,0.0606060606060606,2.39520958083832,0.157894736842105,0.416666666666667,0.0833333333333333,0.0,0.0,0.0,0.0,0.998003992015968,0.0657894736842105,0.4,0.4,1.0,5.18962075848303,0.461538461538462,12,26,0.461538461538462
Brook Lopez,LAC,3.08056872037915,1.4218009478673,2.81359906213365,0.0,4.02843601895735,117.865429234339,2.55220417633411,1.16009280742459,22.0379146919431,5.68720379146919,0.583333333333333,12.7962085308057,0.351851851851852,1.8957345971564,4.2654028436019,2.3696682464455,13.5071090047393,0.0,0.642857142857143,0.642857142857143,1.0,0.692307692307692,0.500444230769231,0.544871794871795,0.560240963855422,0.0,20.3821656050955,3.63423212192263,6.26450116009281,3.94431554524362,0.180851063829787,2.08816705336427,0.0762711864406779,0.947867298578199,0.4739336492891,0.027027027027027,0.4739336492891,0.018018018018018,0.0216216216216216,0.147058823529412,0.0,1.8957345971564,5.68720379146919,0.0,1.8957345971564,2.60663507109005,0.947867298578199,0.23696682464455,0.0,0.0,0.4739336492891,0.0493827160493827,0.769230769230769,8.23333333333333,27.1351851851852,1.4218009478673,0.0769230769230769,0.666666666666667,0.75,0.0,3.7914691943128,0.205128205128205,0.625,0.0625,0.4739336492891,0.0256410256410256,0.0,0.0,1.18483412322275,0.0641025641025641,0.0,0.0,0.0,11.6113744075829,0.387755102040816,19,49,0.387755102040816
Jalen Smith,CHI,2.92792792792793,1.35135135135135,3.01339285714286,0.0,4.72972972972973,115.044247787611,0.884955752212389,0.884955752212389,29.954954954955,10.1351351351351,0.6,12.3873873873874,0.4,2.92792792792793,8.55855855855856,3.6036036036036,14.8648648648649,0.0,0.703703703703704,0.904761904761905,1.0,0.55,0.571782,0.6,0.621495327102804,2.7027027027027,23.21083172147,9.15178571428571,12.3893805309735,5.30973451327434,0.224299065420561,5.97345132743363,0.290322580645161,5.85585585585586,3.82882882882883,0.151785714285714,2.02702702702703,0.0947368421052631,0.1256038647343,0.229166666666667,0.142857142857143,4.05405405405405,10.1351351351351,2.02702702702703,2.02702702702703,4.27927927927928,2.47747747747748,1.12612612612613,0.0,0.0,0.225225225225225,0.10377358490566,0.92,3.34444444444445,25.5018181818182,8.33333333333333,0.37,0.648648648648649,0.666666666666667,0.108108108108108,1.12612612612613,0.05,0.4,0.0,0.675675675675676,0.03,0.333333333333333,1.0,2.25225225225225,0.1,0.4,0.4,1.0,10.1351351351351,0.4,18,45,0.4
Daniel Gafford,DAL,2.33100233100233,1.3986013986014,2.93427230046948,0.0,6.06060606060606,113.71158392435,3.54609929078014,1.89125295508274,22.3776223776224,13.0536130536131,0.660714285714286,0.0,0.0,5.12820512820513,10.7226107226107,6.52680652680653,0.0,0.0,0.621621621621622,0.851851851851852,0.0,0.0,0.589682142857143,0.660714285714286,0.716417910447761,4.66200466200466,15.8110882956879,6.22065727699531,7.80141843971631,2.60047281323877,0.0982142857142857,4.72813238770686,0.2,4.66200466200466,3.96270396270396,0.178947368421053,0.699300699300699,0.029126213592233,0.101010101010101,0.0975609756097561,0.241379310344828,2.33100233100233,4.8951048951049,2.0979020979021,0.233100233100233,6.29370629370629,3.4965034965035,1.16550116550117,0.0,0.0,0.233100233100233,0.227272727272727,0.75,3.00535714285714,0.0,9.79020979020979,0.75,0.738095238095238,0.580645161290323,0.119047619047619,3.03030303030303,0.232142857142857,0.384615384615385,0.153846153846154,0.233100233100233,0.0178571428571428,1.0,1.0,0.0,0.0,0.0,0.0,0.0,0.0,0.0,0,0,0.0
Day'Ron Sharpe,BKN,5.96658711217184,2.62529832935561,3.8231780167264,0.238663484486874,5.96658711217184,119.617224880383,1.43540669856459,3.11004784688995,22.1957040572792,10.2625298329356,0.744186046511628,2.86396181384248,0.25,4.77326968973747,8.1145584725537,7.15990453460621,2.14797136038186,0.0,0.53125,0.708333333333333,1.0,0.218181818181818,0.558695454545455,0.663636363636364,0.683823529411765,3.81861575178998,18.9409368635438,8.36320191158901,9.33014354066986,4.30622009569378,0.211764705882353,4.06698564593302,0.207317073170732,7.39856801909308,3.10262529832936,0.164556962025316,3.81861575178998,0.129032258064516,0.142857142857143,0.222222222222222,0.125,5.96658711217184,15.035799522673,2.86396181384248,3.10262529832936,7.15990453460621,3.10262529832936,0.954653937947494,0.0,0.0,0.954653937947494,0.203125,0.727272727272727,3.03488372093023,25.1916666666667,6.68257756563246,0.509090909090909,0.928571428571429,0.5,0.0357142857142857,3.5799522673031,0.272727272727273,0.4,0.0666666666666666,0.0,0.0,0.0,0.0,0.238663484486874,0.0181818181818181,0.0,0.0,0.0,2.62529832935561,0.272727272727273,3,11,0.272727272727273
Luka Garza,BOS,1.44927536231884,0.241545893719807,5.26946107784431,0.0,5.55555555555556,120.427553444181,1.42517814726841,1.18764845605701,24.1545893719807,9.90338164251208,0.682926829268293,5.07246376811594,0.380952380952381,4.83091787439614,7.72946859903382,5.79710144927536,5.79710144927536,0.0,0.571428571428571,0.888888888888889,1.0,0.338709677419355,0.547436290322581,0.645161290322581,0.684931506849315,4.83091787439614,16.1554192229039,7.06586826347305,5.93824228028504,3.80047505938242,0.175824175824176,2.13776722090261,0.088235294117647,8.21256038647343,3.6231884057971,0.16304347826087,4.589371980676329,0.134751773049645,0.145922746781116,0.241379310344828,0.19047619047619,2.65700483091787,6.76328502415459,1.20772946859903,1.44927536231884,6.28019323671498,2.65700483091787,0.966183574879227,0.0,0.0,0.966183574879227,0.159420289855072,0.741935483870968,4.48780487804878,25.6380952380952,6.03864734299517,0.403225806451613,0.68,0.411764705882353,0.16,3.6231884057971,0.241935483870968,0.666666666666667,0.2,0.241545893719807,0.0161290322580645,1.0,1.0,1.20772946859903,0.0806451612903225,0.4,0.4,1.0,3.86473429951691,0.375,6,16,0.375
Drew Eubanks,SAC,3.02325581395349,1.62790697674419,2.20417633410673,0.0,5.34883720930233,114.583333333333,3.24074074074074,1.62037037037037,20.6976744186047,12.7906976744186,0.672727272727273,0.232558139534884,0.0,3.48837209302326,15.8139534883721,1.3953488372093,0.0,0.0,0.918918918918919,0.971428571428571,0.0,0.0178571428571428,0.519807142857143,0.660714285714286,0.635714285714286,0.930232558139535,17.3640167364017,4.52436194895592,6.94444444444445,2.77777777777778,0.126315789473684,3.24074074074074,0.132075471698113,2.09302325581395,0.930232558139535,0.0373831775700934,1.16279069767442,0.0694444444444444,0.0502793296089385,0.173913043478261,0.0,0.930232558139535,2.32558139534884,0.465116279069767,0.465116279069767,7.2093023255814,2.7906976744186,0.697674418604651,0.0,0.0,1.16279069767442,0.184615384615385,0.464285714285714,5.26545454545455,24.3,5.81395348837209,0.446428571428571,0.8,0.9,0.04,6.27906976744186,0.482142857142857,0.592592592592593,0.0,0.697674418604651,0.0535714285714285,0.333333333333333,1.0,0.232558139534884,0.0178571428571428,0.0,0.0,0.0,0.0,0.0,0,0,0.0
Tony Bradley,IND,1.67464114832536,0.478468899521531,4.28571428571429,0.0,3.82775119617225,122.985781990521,0.710900473933649,0.4739336492891,18.8995215311005,13.1578947368421,0.6,0.239234449760766,0.0,3.11004784688995,11.0047846889952,4.78468899521531,0.0,0.0,0.696969696969697,0.884615384615385,0.0,0.0178571428571428,0.545814285714286,0.589285714285714,0.607692307692308,3.34928229665072,14.2292490118577,5.71428571428571,4.50236966824645,0.710900473933649,0.0410958904109589,3.3175355450237,0.134615384615385,6.9377990430622,5.50239234449761,0.169117647058824,1.43540669856459,0.06,0.122881355932203,0.0,0.224489795918367,2.63157894736842,6.2200956937799,1.67464114832536,0.956937799043062,4.54545454545455,1.91387559808612,0.239234449760766,0.0,0.0,0.478468899521531,0.126984126984127,0.625,3.68363636363636,23.0,8.13397129186603,0.607142857142857,0.588235294117647,0.65,0.147058823529412,4.54545454545455,0.339285714285714,0.578947368421053,0.105263157894737,0.478468899521531,0.0357142857142857,1.0,1.0,0.239234449760766,0.0178571428571428,0.0,0.0,0.0,0.0,0.0,0,0,0.0
Jay Huff,IND,1.83908045977012,0.459770114942529,3.21100917431193,0.459770114942529,2.98850574712644,107.093821510297,5.720823798627,0.22883295194508,17.4712643678161,5.28735632183908,0.608695652173913,11.264367816092,0.26530612244898,2.06896551724138,4.59770114942529,1.83908045977012,8.96551724137931,0.0,0.714285714285714,0.833333333333333,1.0,0.680555555555556,0.544575694444444,0.465277777777778,0.487179487179487,0.919540229885058,16.8627450980392,4.58715596330275,5.94965675057208,1.83066361556064,0.0879120879120879,2.97482837528604,0.11304347826087,3.2183908045977,1.83908045977012,0.0677966101694915,1.14942528735632,0.0364963503649635,0.0509803921568627,0.088235294117647,0.0888888888888888,2.29885057471264,5.97701149425287,0.919540229885058,1.37931034482759,2.98850574712644,1.37931034482759,0.229885057471264,0.0,0.0,0.229885057471264,0.0779220779220779,0.888888888888889,2.86521739130435,25.9551020408163,3.44827586206897,0.208333333333333,0.733333333333333,0.818181818181818,0.0666666666666666,1.83908045977012,0.111111111111111,0.375,0.0,0.0,0.0,0.0,0.0,1.60919540229885,0.0972222222222222,0.142857142857143,0.142857142857143,1.0,9.6551724137931,0.285714285714286,12,42,0.285714285714286
Jaxson Hayes,LAL,1.45985401459854,0.48661800486618,2.17654171704958,0.0,6.56934306569343,114.903846153846,1.20192307692308,1.20192307692308,15.5717761557178,9.00243309002433,0.702702702702703,0.24330900243309,1.0,2.18978102189781,10.2189781021898,2.4330900243309,0.72992700729927,0.0,0.807692307692308,1.0,1.0,0.0263157894736842,0.627471052631579,0.723684210526316,0.727272727272727,2.4330900243309,10.7296137339056,5.92503022974607,8.17307692307692,4.56730769230769,0.223529411764706,2.88461538461538,0.117647058823529,3.6496350364963503,1.70316301703163,0.0909090909090909,1.94647201946472,0.0761904761904762,0.0824175824175824,0.0769230769230769,0.0434782608695652,3.16301703163017,8.27250608272506,1.21654501216545,1.94647201946472,3.40632603406326,1.45985401459854,0.48661800486618,0.0,0.0,0.48661800486618,0.142857142857143,0.842105263157895,2.27297297297297,27.3,7.54257907542579,0.815789473684211,0.774193548387097,0.833333333333333,0.032258064516129,1.45985401459854,0.157894736842105,0.333333333333333,0.5,0.0,0.0,0.0,0.0,0.0,0.0,0.0,0.0,0.0,0.24330900243309,1.0,1,1,1.0
Adem Bona,PHI,1.8970189701897,0.813008130081301,2.40641711229947,0.0,3.5230352303523,114.775725593668,5.27704485488127,1.31926121372032,7.04607046070461,5.14905149051491,0.473684210526316,0.2710027100271,0.0,2.1680216802168,1.6260162601626,3.2520325203252,0.0,0.0,0.333333333333333,0.75,0.0,0.05,0.598625,0.45,0.448275862068966,2.710027100271,7.69230769230769,5.48128342245989,6.86015831134565,3.69393139841689,0.142857142857143,1.84696569920844,0.0786516853932584,4.0650406504065,3.5230352303523,0.13265306122449,0.542005420054201,0.0240963855421686,0.0828729281767955,0.128205128205128,0.146341463414634,0.813008130081301,1.6260162601626,0.813008130081301,0.0,4.3360433604336,1.0840108401084,0.0,0.0,0.0,1.3550135501355,0.166666666666667,0.8,1.81052631578947,23.0,4.0650406504065,0.75,0.533333333333333,0.375,0.2,1.0840108401084,0.2,0.25,0.0,0.0,0.0,0.0,0.0,0.2710027100271,0.05,0.0,0.0,0.0,0.0,0.0,0,0,0.0
Yves Missi,NOP,3.03030303030303,1.37741046831956,1.92572214580468,0.0,4.13223140495868,125.824175824176,2.47252747252747,0.824175824175824,14.6005509641873,9.91735537190083,0.611111111111111,0.0,0.0,2.47933884297521,8.81542699724518,3.30578512396694,0.0,0.0,0.727272727272727,0.8,0.0,0.0,0.6084,0.611111111111111,0.602272727272727,1.10192837465565,12.8805620608899,5.91471801925722,4.94505494505495,2.1978021978022,0.150943396226415,2.74725274725275,0.103092783505155,6.8870523415978,4.40771349862259,0.163265306122449,2.2038567493113,0.0987654320987654,0.134078212290503,0.125,0.13953488372093,3.30578512396694,8.81542699724518,1.10192837465565,2.2038567493113,4.95867768595041,2.47933884297521,0.550964187327824,0.0,0.0,0.275482093663912,0.209302325581395,0.75,2.88333333333333,0.0,7.43801652892562,0.75,0.666666666666667,0.666666666666667,0.037037037037037,2.47933884297521,0.25,0.444444444444444,0.111111111111111,0.0,0.0,0.0,0.0,0.0,0.0,0.0,0.0,0.0,0.0,0.0,0,0,0.0
Paul Reed,DET,4.0,1.42857142857143,3.40425531914894,0.285714285714286,3.42857142857143,105.915492957746,3.09859154929577,3.94366197183099,25.4285714285714,13.7142857142857,0.729166666666667,2.28571428571429,0.5,2.0,16.0,4.0,2.57142857142857,0.857142857142857,0.8,0.933333333333333,0.75,0.142857142857143,0.547711607142857,0.732142857142857,0.729508196721312,2.85714285714286,18.3374083129584,8.08510638297872,9.01408450704225,5.35211267605634,0.240506329113924,3.09859154929577,0.157142857142857,7.14285714285714,4.85714285714286,0.2,2.0,0.109375,0.161073825503356,0.25,0.303030303030303,4.57142857142857,10.8571428571429,2.85714285714286,1.71428571428571,3.42857142857143,1.71428571428571,0.571428571428571,0.0,0.0,0.285714285714286,0.1,0.75,4.17291666666667,25.4625,9.71428571428571,0.607142857142857,0.794117647058824,0.777777777777778,0.0294117647058823,2.85714285714286,0.178571428571429,0.6,0.0,1.14285714285714,0.0714285714285714,0.5,0.5,0.571428571428571,0.0357142857142857,0.0,0.0,0.0,1.71428571428571,0.666666666666667,4,6,0.666666666666667
Luke Kornet,SAS,1.18343195266272,0.295857988165681,1.90895741556535,0.0,5.32544378698225,107.580174927114,2.04081632653061,0.291545189504373,18.0473372781065,9.46745562130178,0.78125,0.0,0.0,3.25443786982249,11.2426035502959,3.55029585798817,0.0,0.0,0.76,0.904761904761905,0.0,0.0,0.71580625,0.78125,0.7625,2.36686390532544,11.1392405063291,6.31424375917768,6.41399416909621,4.95626822157434,0.166666666666667,1.45772594752187,0.0684931506849315,6.21301775147929,3.84615384615385,0.173333333333333,2.07100591715976,0.0864197530864197,0.128205128205128,0.214285714285714,0.241379310344828,4.14201183431953,11.2426035502959,1.18343195266272,2.9585798816568,4.73372781065089,2.36686390532544,0.0,0.0,0.0,0.0,0.2,0.90625,1.49375,0.0,8.57988165680473,0.90625,0.827586206896552,0.75,0.0,0.887573964497041,0.09375,0.333333333333333,0.666666666666667,0.0,0.0,0.0,0.0,0.0,0.0,0.0,0.0,0.0,0.0,0.0,0,0,0.0
Nick Richards,PHX,4.08805031446541,1.88679245283019,3.61635220125786,0.0,6.28930817610063,119.496855345912,2.51572327044025,0.628930817610063,20.7547169811321,13.5220125786164,0.558139534883721,0.0,0.0,5.66037735849057,10.6918238993711,4.40251572327044,0.0,0.0,0.708333333333333,0.894736842105263,0.0,0.0,0.530513953488372,0.558139534883721,0.590909090909091,3.14465408805031,17.8947368421053,8.0188679245283,9.74842767295598,4.08805031446541,0.206349206349206,5.0314465408805,0.197530864197531,6.28930817610063,4.40251572327044,0.17948717948718,1.88679245283019,0.08,0.130718954248366,0.217391304347826,0.277777777777778,1.57232704402516,3.77358490566038,0.943396226415094,0.628930817610063,7.86163522012579,3.45911949685535,0.0,0.0,0.0,0.314465408805031,0.203703703703704,0.441860465116279,5.55813953488372,0.0,5.9748427672956,0.441860465116279,0.631578947368421,0.75,0.105263157894737,6.60377358490566,0.488372093023256,0.523809523809524,0.19047619047619,0.943396226415094,0.0697674418604651,0.333333333333333,1.0,0.0,0.0,0.0,0.0,0.0,0.0,0.0,0,0,0.0
Jonas Valančiūnas,DEN,4.56026058631922,2.28013029315961,4.22077922077922,0.0,9.44625407166124,120.064724919094,2.9126213592233,0.323624595469256,34.5276872964169,21.8241042345277,0.567164179104478,1.95439739413681,0.333333333333333,7.81758957654723,12.3778501628665,12.3778501628665,1.95439739413681,0.0,0.5,0.678571428571429,1.0,0.0821917808219178,0.499327397260274,0.561643835616438,0.595505617977528,6.51465798045603,29.2613636363636,9.9025974025974,13.2686084142395,7.11974110032362,0.301369863013699,5.17799352750809,0.197530864197531,6.51465798045603,4.23452768729642,0.142857142857143,2.28013029315961,0.127272727272727,0.136986301369863,0.19047619047619,0.103448275862069,4.88599348534202,11.7263843648208,2.93159609120521,1.95439739413681,10.7491856677524,3.90879478827362,0.325732899022801,0.0,0.0,1.62866449511401,0.142857142857143,0.452054794520548,6.33582089552239,25.9166666666667,8.79478827361564,0.36986301369863,0.62962962962963,0.470588235294118,0.111111111111111,11.0749185667752,0.465753424657534,0.588235294117647,0.088235294117647,1.95439739413681,0.0821917808219178,0.166666666666667,1.0,0.0,0.0,0.0,0.0,0.0,1.95439739413681,0.333333333333333,2,6,0.333333333333333
Walker Kessler,UTA,5.16129032258065,2.58064516129032,3.55411954765751,0.0,3.87096774193548,116.181229773463,2.9126213592233,2.26537216828479,23.2258064516129,9.35483870967742,0.689655172413793,2.58064516129032,0.75,4.51612903225807,7.74193548387097,5.16129032258065,5.80645161290323,0.0,0.6,1.0,1.0,0.216216216216216,0.57677027027027,0.783783783783784,0.782608695652174,5.16129032258065,16.8937329700272,8.72374798061389,10.0323624595469,3.88349514563107,0.176470588235294,5.50161812297735,0.188888888888889,7.41935483870968,3.54838709677419,0.2,3.87096774193548,0.137931034482759,0.161971830985916,0.125,0.166666666666667,4.83870967741936,11.6129032258065,2.90322580645161,1.93548387096774,6.45161290322581,3.54838709677419,0.645161290322581,0.0,0.0,0.0,0.239130434782609,0.783783783783784,2.67241379310345,25.05,6.7741935483871,0.567567567567568,0.666666666666667,0.5,0.142857142857143,2.58064516129032,0.216216216216216,0.75,0.25,0.0,0.0,0.0,0.0,0.645161290322581,0.054054054054054,1.0,1.0,1.0,1.93548387096774,0.666666666666667,4,6,0.666666666666667
Joel Embiid,PHI,5.51724137931035,3.10344827586207,2.25303292894281,0.344827586206897,10.0,125.435540069686,3.13588850174216,1.74216027874564,40.6896551724138,20.3448275862069,0.525423728813559,9.6551724137931,0.321428571428571,10.0,11.7241379310345,9.6551724137931,8.27586206896552,1.03448275862069,0.548387096774194,0.607142857142857,0.888888888888889,0.32183908045977,0.509131034482759,0.511494252873563,0.57843137254902,2.06896551724138,35.6495468277946,5.71923743500867,8.3623693379791,4.18118466898955,0.210526315789474,3.13588850174216,0.128571428571429,3.10344827586207,2.06896551724138,0.0909090909090909,1.03448275862069,0.0491803278688524,0.0708661417322834,0.193548387096774,0.166666666666667,6.89655172413793,18.6206896551724,2.06896551724138,4.82758620689655,12.0689655172414,5.86206896551724,1.37931034482759,0.344827586206897,0.0,0.344827586206897,0.178217821782178,0.597701149425287,8.69491525423729,26.3821428571429,8.27586206896552,0.275862068965517,0.666666666666667,0.5625,0.125,5.17241379310345,0.172413793103448,0.533333333333333,0.0666666666666666,6.89655172413793,0.229885057471264,0.35,0.571428571428571,0.0,0.0,0.0,0.0,0.0,9.6551724137931,0.321428571428571,9,28,0.321428571428571
Ousmane Dieng,OKC,2.23048327137546,1.48698884758364,1.8018018018018,0.0,0.743494423791822,105.594405594406,1.74825174825175,0.34965034965035,10.7806691449814,7.06319702602231,0.421052631578947,6.31970260223048,0.176470588235294,1.48698884758364,2.97397769516729,2.97397769516729,2.23048327137546,1.11524163568773,0.5,0.571428571428571,0.666666666666667,0.472222222222222,0.530526388888889,0.347222222222222,0.381578947368421,0.743494423791822,14.7651006711409,3.78378378378378,5.94405594405594,2.7972027972028,0.115942028985507,3.14685314685315,0.108433734939759,1.48698884758364,0.0,0.0,1.48698884758364,0.0588235294117647,0.0307692307692307,0.130434782608696,0.0,2.97397769516729,7.43494423791822,1.48698884758364,1.48698884758364,1.48698884758364,0.743494423791822,0.0,0.0,0.0,0.0,0.0526315789473684,0.611111111111111,7.55263157894737,25.1705882352941,1.85873605947955,0.138888888888889,0.6,0.666666666666667,0.2,4.08921933085502,0.305555555555556,0.272727272727273,0.0,1.11524163568773,0.0833333333333333,0.666666666666667,0.5,1.85873605947955,0.138888888888889,0.2,0.2,1.0,4.4609665427509295,0.166666666666667,2,12,0.166666666666667
Moussa Cisse,DAL,3.53356890459364,1.06007067137809,4.18118466898955,0.0,7.06713780918728,110.996563573883,5.49828178694158,1.03092783505155,17.3144876325088,10.6007067137809,0.666666666666667,0.0,0.0,3.18021201413428,10.6007067137809,3.53356890459364,0.0,0.0,0.75,0.882352941176471,0.0,0.0,0.696326666666667,0.666666666666667,0.597560975609756,2.12014134275618,15.6441717791411,8.01393728222997,8.24742268041237,5.15463917525773,0.194805194805195,2.74914089347079,0.121212121212121,7.77385159010601,4.59363957597173,0.180555555555556,3.18021201413428,0.166666666666667,0.174603174603175,0.24,0.230769230769231,0.353356890459364,0.706713780918728,0.353356890459364,0.0,8.8339222614841,3.53356890459364,1.06007067137809,0.0,0.0,1.41342756183746,0.27027027027027,0.966666666666667,1.37,0.0,10.2473498233216,0.966666666666667,0.689655172413793,0.75,0.0344827586206896,0.353356890459364,0.0333333333333333,0.0,0.0,0.0,0.0,0.0,0.0,0.0,0.0,0.0,0.0,0.0,0.0,0.0,0,0,0.0
Precious Achiuwa,SAC,1.19047619047619,0.793650793650794,1.39165009940358,0.396825396825397,5.15873015873016,123.505976095618,1.19521912350598,1.99203187250996,16.2698412698413,9.12698412698413,0.739130434782609,3.17460317460317,0.0,2.77777777777778,8.73015873015873,4.76190476190476,0.0,0.0,0.647058823529412,0.846153846153846,0.0,0.258064516129032,0.569159677419355,0.548387096774194,0.569444444444444,3.17460317460317,13.8790035587189,5.765407554671969,7.56972111553785,1.99203187250996,0.15625,5.1792828685259,0.173333333333333,3.96825396825397,3.17460317460317,0.114285714285714,0.793650793650794,0.0384615384615384,0.081967213114754,0.2,0.105263157894737,1.98412698412698,4.76190476190476,1.19047619047619,0.793650793650794,5.15873015873016,2.77777777777778,1.19047619047619,0.0,0.0,0.396825396825397,0.2,0.709677419354839,3.8,24.2375,5.55555555555556,0.451612903225806,0.857142857142857,0.75,0.0,3.57142857142857,0.290322580645161,0.555555555555556,0.0,0.0,0.0,0.0,0.0,2.38095238095238,0.193548387096774,0.0,0.0,0.0,0.793650793650794,0.0,0,2,0.0
Guerschon Yabusele,NYK,0.826446280991736,0.413223140495868,2.66393442622951,0.0,2.47933884297521,104.065040650407,0.40650406504065,0.813008130081301,12.396694214876,3.71900826446281,0.333333333333333,9.09090909090909,0.318181818181818,1.2396694214876,1.65289256198347,0.826446280991736,7.43801652892562,1.2396694214876,0.666666666666667,1.0,0.857142857142857,0.709677419354839,0.580966129032258,0.435483870967742,0.441176470588235,0.826446280991736,12.9963898916968,6.14754098360656,7.31707317073171,1.21951219512195,0.0681818181818181,6.09756097560976,0.223880597014925,4.95867768595041,2.06611570247934,0.108695652173913,2.89256198347107,0.0933333333333333,0.0991735537190082,0.0,0.105263157894737,1.65289256198347,4.13223140495868,0.826446280991736,0.826446280991736,2.47933884297521,0.826446280991736,0.0,0.0,0.0,0.413223140495868,0.0606060606060606,0.935483870967742,2.97777777777778,24.9818181818182,2.89256198347107,0.225806451612903,0.428571428571429,0.666666666666667,0.142857142857143,0.826446280991736,0.064516129032258,0.0,0.5,0.0,0.0,0.0,0.0,3.30578512396694,0.258064516129032,0.25,0.285714285714286,1.0,5.78512396694215,0.357142857142857,5,14,0.357142857142857
Mitchell Robinson,NYK,2.17391304347826,0.869565217391304,4.11255411255411,0.0,2.60869565217391,118.965517241379,3.01724137931034,1.72413793103448,11.7391304347826,9.56521739130435,0.590909090909091,0.0,0.0,0.434782608695652,4.34782608695652,6.95652173913044,0.0,0.0,0.384615384615385,1.0,0.0,0.0,0.674481818181818,0.590909090909091,0.586956521739131,6.95652173913044,9.45945945945946,13.6363636363636,9.91379310344828,3.01724137931034,0.12962962962963,6.0344827586206895,0.259259259259259,17.3913043478261,10.8695652173913,0.352112676056338,6.08695652173913,0.23728813559322,0.3,0.0714285714285714,0.4375,3.04347826086957,8.26086956521739,0.869565217391304,2.17391304347826,1.30434782608696,0.434782608695652,0.434782608695652,0.0,0.0,0.434782608695652,0.0454545454545454,1.0,0.431818181818182,0.0,9.56521739130435,1.0,0.590909090909091,0.384615384615385,0.0454545454545454,0.0,0.0,0.0,0.0,0.0,0.0,0.0,0.0,0.0,0.0,0.0,0.0,0.0,0.0,0.0,0,0,0.0
Dwight Powell,DAL,1.96850393700787,1.5748031496063,4.92125984251969,0.0,6.2992125984252,105.11811023622,0.78740157480315,1.5748031496063,10.6299212598425,4.7244094488189,0.5,0.0,0.0,5.90551181102362,3.93700787401575,0.78740157480315,0.0,0.0,0.833333333333333,0.833333333333333,0.0,0.0,0.581466666666667,0.5,0.642857142857143,0.0,8.60215053763441,5.11811023622047,5.51181102362205,4.33070866141732,0.142857142857143,1.18110236220472,0.0517241379310344,4.7244094488189,1.96850393700787,0.0961538461538461,2.75590551181102,0.12962962962963,0.113207547169811,0.0967741935483871,0.173913043478261,3.1496062992126,7.08661417322835,2.36220472440945,0.78740157480315,7.08661417322835,1.96850393700787,0.78740157480315,0.0,0.0,2.36220472440945,0.333333333333333,1.0,2.63333333333333,0.0,4.7244094488189,1.0,0.5,0.833333333333333,0.166666666666667,0.0,0.0,0.0,0.0,0.0,0.0,0.0,0.0,0.0,0.0,0.0,0.0,0.0,0.0,0.0,0,0,0.0
Clint Capela,HOU,1.85185185185185,0.925925925925926,2.5462962962963,0.0,3.24074074074074,121.759259259259,2.77777777777778,1.38888888888889,18.5185185185185,11.5740740740741,0.64,0.0,0.0,3.7037037037037,9.25925925925926,5.55555555555556,0.0,0.0,0.625,0.909090909090909,0.0,0.0,0.594884,0.64,0.666666666666667,4.62962962962963,12.639405204461,11.3425925925926,10.1851851851852,4.16666666666667,0.225,5.09259259259259,0.169230769230769,12.5,8.7962962962963,0.283582089552239,3.24074074074074,0.155555555555556,0.232142857142857,0.0,0.222222222222222,1.85185185185185,5.55555555555556,0.0,1.85185185185185,4.62962962962963,1.85185185185185,0.0,0.0,0.0,0.462962962962963,0.137931034482759,0.8,2.12,0.0,9.25925925925926,0.8,0.75,0.6,0.0,2.31481481481482,0.2,0.2,0.0,0.0,0.0,0.0,0.0,0.0,0.0,0.0,0.0,0.0,0.0,0.0,0,0,0.0
Robert Williams III,POR,1.33928571428571,0.892857142857143,1.76991150442478,0.0,0.892857142857143,126.754385964912,2.19298245614035,2.63157894736842,16.5178571428571,11.1607142857143,0.68,1.33928571428571,0.333333333333333,0.0,8.92857142857143,6.25,1.33928571428571,0.0,0.588235294117647,0.833333333333333,1.0,0.107142857142857,0.646060714285714,0.660714285714286,0.660714285714286,4.46428571428571,11.8773946360153,7.30088495575221,7.45614035087719,3.07017543859649,0.127272727272727,3.07017543859649,0.152173913043478,7.14285714285714,4.01785714285714,0.160714285714286,3.125,0.127272727272727,0.144144144144144,0.05,0.173913043478261,2.67857142857143,6.25,1.78571428571429,0.892857142857143,0.446428571428571,0.446428571428571,0.446428571428571,0.0,0.0,0.0,0.0357142857142857,0.821428571428571,2.304,23.2,8.92857142857143,0.714285714285714,0.75,0.533333333333333,0.05,2.23214285714286,0.178571428571429,0.4,0.2,0.0,0.0,0.0,0.0,0.892857142857143,0.0714285714285714,0.0,0.0,0.0,0.446428571428571,1.0,1,1,1.0
Trayce Jackson-Davis,GSW,3.39805825242718,1.94174757281553,4.04761904761905,0.0,3.39805825242718,118.691588785047,1.86915887850467,1.4018691588785,18.4466019417476,13.5922330097087,0.535714285714286,0.0,0.0,3.88349514563107,10.6796116504854,3.88349514563107,0.0,0.0,0.733333333333333,0.916666666666667,0.0,0.0,0.596696428571429,0.535714285714286,0.59375,2.9126213592233,16.25,5.0,5.14018691588785,3.27102803738318,0.145833333333333,1.4018691588785,0.088235294117647,4.85436893203884,2.9126213592233,0.125,1.94174757281553,0.0816326530612244,0.103092783505155,0.214285714285714,0.133333333333333,5.33980582524272,14.0776699029126,1.94174757281553,3.39805825242718,5.33980582524272,3.39805825242718,1.45631067961165,0.0,0.0,0.0,0.21875,0.785714285714286,2.59285714285714,0.0,10.6796116504854,0.785714285714286,0.590909090909091,0.692307692307692,0.0909090909090909,2.9126213592233,0.214285714285714,0.333333333333333,0.0,0.0,0.0,0.0,0.0,0.0,0.0,0.0,0.0,0.0,0.0,0.0,0,0,0.0
Kevon Looney,NOP,2.4390243902439,1.46341463414634,3.41463414634146,0.0,1.46341463414634,122.926829268293,1.95121951219512,0.975609756097561,9.75609756097561,8.29268292682927,0.411764705882353,2.92682926829268,0.166666666666667,1.46341463414634,2.92682926829268,3.90243902439024,1.46341463414634,0.0,0.428571428571429,1.0,1.0,0.260869565217391,0.534806521739131,0.369565217391304,0.384615384615385,3.90243902439024,13.135593220339,6.58536585365854,6.82926829268293,4.39024390243903,0.264705882352941,1.95121951219512,0.074074074074074,6.34146341463415,4.39024390243903,0.169811320754717,1.95121951219512,0.0615384615384615,0.110169491525424,0.25,0.333333333333333,5.36585365853659,14.1463414634146,1.95121951219512,3.41463414634146,2.92682926829268,0.975609756097561,0.0,0.0,0.0,0.487804878048781,0.08,0.782608695652174,5.04705882352941,25.35,5.85365853658537,0.521739130434783,0.583333333333333,0.428571428571429,0.166666666666667,0.487804878048781,0.0434782608695652,0.0,0.0,1.95121951219512,0.173913043478261,0.0,0.0,0.487804878048781,0.0434782608695652,0.0,0.0,0.0,2.4390243902439,0.2,1,5,0.2
Branden Carlson,OKC,1.73410404624277,0.578034682080925,2.8169014084507,0.0,1.73410404624277,105.494505494505,3.2967032967033,1.0989010989011,18.4971098265896,8.67052023121387,0.6,8.67052023121387,0.266666666666667,1.15606936416185,8.09248554913295,2.3121387283237,6.9364161849711,0.0,0.777777777777778,1.0,1.0,0.5,0.585158333333333,0.5,0.5,2.3121387283237,18.5185185185185,5.91549295774648,8.24175824175824,4.3956043956044,0.16,3.84615384615385,0.142857142857143,3.46820809248555,1.73410404624277,0.0909090909090909,1.73410404624277,0.0652173913043478,0.0759493670886076,0.235294117647059,0.2,2.89017341040462,7.51445086705202,1.15606936416185,1.73410404624277,2.3121387283237,0.578034682080925,0.0,0.0,0.0,0.578034682080925,0.032258064516129,0.9,3.13333333333333,25.58,6.9364161849711,0.4,0.666666666666667,0.75,0.0833333333333333,1.15606936416185,0.0666666666666666,0.5,0.5,0.578034682080925,0.0333333333333333,0.0,0.0,1.15606936416185,0.0666666666666666,0.0,0.0,0.0,7.51445086705202,0.307692307692308,4,13,0.307692307692308
Duop Reath,POR,0.574712643678161,0.0,2.29226361031519,0.0,0.0,110.857142857143,0.571428571428571,0.0,23.5632183908046,1.14942528735632,0.5,12.6436781609195,0.590909090909091,0.0,1.14942528735632,0.0,22.4137931034483,0.0,1.0,1.0,1.0,0.916666666666667,0.536764583333333,0.854166666666667,0.854166666666667,0.0,12.5628140703518,1.71919770773639,2.85714285714286,1.71428571428571,0.0769230769230769,1.14285714285714,0.0512820512820512,0.574712643678161,0.0,0.0,0.574712643678161,0.0227272727272727,0.0119047619047619,0.0,0.0,2.29885057471264,6.32183908045977,0.574712643678161,1.72413793103448,0.0,0.0,0.0,0.0,0.0,0.0,0.0,0.958333333333333,5.15,24.9181818181818,0.574712643678161,0.0416666666666666,1.0,1.0,0.0,0.574712643678161,0.0416666666666666,0.0,0.0,0.0,0.0,0.0,0.0,4.59770114942529,0.333333333333333,0.875,0.875,1.0,8.04597701149425,0.428571428571429,6,14,0.428571428571429
Dereck Lively II,DAL,4.65116279069768,1.16279069767442,4.33526011560694,0.0,2.90697674418605,106.896551724138,4.02298850574713,1.72413793103448,12.7906976744186,8.13953488372093,0.642857142857143,0.0,0.0,2.32558139534884,9.30232558139535,1.16279069767442,0.0,0.0,0.888888888888889,0.888888888888889,0.0,0.0,0.683814285714286,0.642857142857143,0.647058823529412,0.0,12.8865979381443,6.64739884393064,9.77011494252874,5.17241379310345,0.204545454545455,4.02298850574713,0.2,3.48837209302326,2.90697674418605,0.104166666666667,0.581395348837209,0.0294117647058823,0.073170731707317,0.181818181818182,0.0555555555555555,5.81395348837209,12.7906976744186,4.65116279069768,1.16279069767442,3.48837209302326,1.16279069767442,0.0,0.0,0.0,0.581395348837209,0.125,0.857142857142857,2.20714285714286,0.0,6.97674418604651,0.857142857142857,0.666666666666667,0.875,0.0833333333333333,1.16279069767442,0.142857142857143,0.5,0.0,0.0,0.0,0.0,0.0,0.0,0.0,0.0,0.0,0.0,0.0,0.0,0,0,0.0
Maxime Raynaud,SAC,3.6144578313253,3.01204819277108,1.8018018018018,0.0,4.81927710843374,117.365269461078,1.19760479041916,1.19760479041916,15.6626506024096,12.0481927710843,0.45,1.80722891566265,0.0,4.81927710843374,7.2289156626506,3.6144578313253,0.0,0.0,0.666666666666667,0.857142857142857,0.0,0.130434782608696,0.499639130434783,0.391304347826087,0.481481481481481,2.40963855421687,18.0327868852459,6.60660660660661,8.98203592814371,4.79041916167665,0.296296296296296,4.19161676646707,0.170731707317073,4.21686746987952,1.80722891566265,0.0666666666666666,2.40963855421687,0.129032258064516,0.0921052631578947,0.5,0.2,2.40963855421687,6.02409638554217,1.20481927710843,1.20481927710843,5.42168674698795,2.40963855421687,0.602409638554217,0.0,0.0,0.602409638554217,0.153846153846154,0.391304347826087,6.205,26.5666666666667,3.6144578313253,0.260869565217391,0.5,0.0,0.0,7.83132530120482,0.565217391304348,0.461538461538462,0.153846153846154,0.602409638554217,0.0434782608695652,0.0,0.0,0.0,0.0,0.0,0.0,0.0,1.80722891566265,0.0,0,3,0.0
Jericho Sims,MIL,2.72108843537415,0.680272108843537,1.97368421052632,0.0,2.72108843537415,121.019108280255,1.27388535031847,0.636942675159236,7.48299319727891,4.08163265306123,0.666666666666667,0.0,0.0,2.04081632653061,4.08163265306123,1.36054421768707,0.0,0.0,0.75,1.0,0.0,0.0,0.56985,0.666666666666667,0.6875,1.36054421768707,7.18562874251497,5.92105263157895,6.36942675159236,1.27388535031847,0.08,3.82165605095541,0.176470588235294,5.4421768707483,4.08163265306123,0.127659574468085,1.36054421768707,0.0689655172413793,0.105263157894737,0.1,0.1,2.72108843537415,6.80272108843537,1.36054421768707,1.36054421768707,2.72108843537415,0.0,0.0,0.0,0.0,1.36054421768707,0.0,0.833333333333333,4.11666666666667,0.0,3.40136054421769,0.833333333333333,0.8,0.75,0.0,0.680272108843537,0.166666666666667,0.0,0.0,0.0,0.0,0.0,0.0,0.0,0.0,0.0,0.0,0.0,0.0,0.0,0,0,0.0
Xavier Tillman,BOS,0.8,0.8,2.74509803921569,0.0,1.6,132.307692307692,0.769230769230769,2.30769230769231,16.0,8.0,0.7,6.4,0.25,0.0,9.6,1.6,4.8,0.0,0.857142857142857,1.0,1.0,0.444444444444444,0.540638888888889,0.555555555555556,0.555555555555556,1.6,13.013698630137,6.66666666666667,7.69230769230769,4.61538461538462,0.230769230769231,3.07692307692308,0.133333333333333,5.6,1.6,0.105263157894737,4.0,0.113636363636364,0.111111111111111,0.0714285714285714,0.0,4.0,10.4,1.6,2.4,0.0,0.0,0.0,0.0,0.0,0.0,0.0,0.833333333333333,4.64,24.95,5.6,0.388888888888889,0.571428571428571,0.75,0.142857142857143,2.4,0.166666666666667,1.0,0.0,0.0,0.0,0.0,0.0,1.6,0.111111111111111,0.0,0.0,0.0,4.8,0.333333333333333,2,6,0.333333333333333
Thomas Bryant,CLE,0.806451612903226,0.0,2.38095238095238,0.0,4.03225806451613,99.21875,2.34375,2.34375,16.1290322580645,9.67741935483871,0.833333333333333,8.87096774193548,0.0,0.0,11.2903225806452,4.83870967741936,0.0,0.0,0.7,0.875,0.0,0.478260869565217,0.572047826086957,0.434782608695652,0.434782608695652,3.2258064516129,16.0,6.74603174603175,9.375,6.25,0.275862068965517,2.34375,0.1,4.03225806451613,1.61290322580645,0.0909090909090909,2.41935483870968,0.0638297872340425,0.072463768115942,0.25,0.111111111111111,0.806451612903226,1.61290322580645,0.806451612903226,0.0,2.41935483870968,2.41935483870968,2.41935483870968,0.0,0.0,0.0,0.130434782608696,0.869565217391304,3.6166666666666702,25.9090909090909,7.25806451612903,0.391304347826087,0.888888888888889,0.625,0.111111111111111,1.61290322580645,0.0869565217391304,1.0,0.0,0.806451612903226,0.0434782608695652,0.0,0.0,0.0,0.0,0.0,0.0,0.0,8.87096774193548,0.0,0,11,0.0
Tristan Vukcevic,WAS,4.0,3.2,2.37154150197628,0.0,6.4,110.15625,3.125,0.78125,23.2,9.6,0.583333333333333,8.0,0.3,4.8,9.6,1.6,7.2,0.0,0.857142857142857,0.857142857142857,1.0,0.454545454545455,0.509559090909091,0.522727272727273,0.538461538461538,0.0,21.5827338129496,3.55731225296443,6.25,1.5625,0.064516129032258,4.6875,0.176470588235294,0.8,0.0,0.0,0.8,0.03125,0.0158730158730158,0.0588235294117647,0.0,3.2,7.2,2.4,0.8,8.0,3.2,1.6,0.0,0.0,1.6,0.166666666666667,0.636363636363636,8.99166666666667,26.27,3.2,0.181818181818182,0.5,1.0,0.5,4.0,0.227272727272727,0.6,0.0,2.4,0.136363636363636,0.666666666666667,0.5,0.0,0.0,0.0,0.0,0.0,8.0,0.3,3,10,0.3
Ariel Hukporti,NYK,4.20168067226891,1.68067226890756,3.6734693877551,0.0,0.840336134453782,110.31746031746,1.58730158730159,0.793650793650794,6.72268907563025,6.72268907563025,0.5,0.0,0.0,0.0,5.04201680672269,1.68067226890756,0.0,0.0,0.75,1.0,0.0,0.0,0.6443375,0.5,0.5,1.68067226890756,9.55882352941176,6.93877551020408,7.93650793650794,3.96825396825397,0.217391304347826,3.17460317460317,0.153846153846154,5.88235294117647,3.36134453781513,0.129032258064516,2.52100840336134,0.088235294117647,0.107692307692308,0.375,0.181818181818182,4.20168067226891,10.0840336134454,2.52100840336134,1.68067226890756,0.0,0.0,0.0,0.0,0.0,0.0,0.0,0.75,2.9,0.0,5.04201680672269,0.75,0.666666666666667,0.75,0.166666666666667,1.68067226890756,0.25,0.0,0.5,0.0,0.0,0.0,0.0,0.0,0.0,0.0,0.0,0.0,0.0,0.0,0,0,0.0
Kelly Olynyk,SAS,3.53982300884956,1.76991150442478,3.9647577092511,0.0,3.53982300884956,114.035087719298,0.0,1.75438596491228,18.5840707964602,7.9646017699115,0.666666666666667,4.42477876106195,0.4,2.65486725663717,5.30973451327434,5.30973451327434,5.30973451327434,0.0,0.5,0.6,1.0,0.357142857142857,0.595135714285714,0.642857142857143,0.65625,1.76991150442478,15.625,7.04845814977974,9.64912280701755,6.14035087719298,0.259259259259259,2.63157894736842,0.1,4.42477876106195,1.76991150442478,0.0833333333333333,2.65486725663717,0.115384615384615,0.1,0.272727272727273,0.166666666666667,14.1592920353982,33.6283185840708,8.84955752212389,5.30973451327434,3.53982300884956,1.76991150442478,0.0,0.0,0.0,0.0,0.125,0.928571428571429,2.24444444444444,25.28,7.07964601769912,0.571428571428571,0.625,0.6,0.25,0.884955752212389,0.0714285714285714,1.0,0.0,0.0,0.0,0.0,0.0,1.76991150442478,0.142857142857143,1.0,1.0,1.0,2.65486725663717,0.0,0,3,0.0
Zach Edey,MEM,3.73831775700935,1.86915887850467,3.28638497652582,0.0,8.41121495327103,103.77358490566,3.77358490566038,1.88679245283019,19.6261682242991,14.9532710280374,0.4375,0.934579439252336,0.0,6.54205607476636,11.214953271028,1.86915887850467,0.0,0.0,0.857142857142857,1.0,0.0,0.0588235294117647,0.583035294117647,0.411764705882353,0.5,1.86915887850467,19.6850393700787,8.45070422535211,10.377358490566,1.88679245283019,0.1,8.49056603773585,0.272727272727273,6.54205607476636,1.86915887850467,0.0606060606060606,4.67289719626168,0.238095238095238,0.12962962962963,0.0,0.0,1.86915887850467,4.67289719626168,0.934579439252336,0.934579439252336,8.41121495327103,3.73831775700935,0.934579439252336,0.0,0.0,0.934579439252336,0.2,0.588235294117647,3.2375,24.7,8.41121495327103,0.529411764705882,0.444444444444444,0.75,0.111111111111111,6.54205607476636,0.411764705882353,0.428571428571429,0.0,0.0,0.0,0.0,0.0,0.0,0.0,0.0,0.0,0.0,0.934579439252336,0.0,0,1,0.0
Bismack Biyombo,SAS,2.24719101123596,0.0,4.91803278688525,0.0,1.12359550561798,135.106382978723,1.06382978723404,3.19148936170213,2.24719101123596,2.24719101123596,0.5,0.0,0.0,0.0,2.24719101123596,0.0,0.0,0.0,1.0,1.0,0.0,0.0,0.735,0.5,0.5,0.0,4.04040404040404,3.27868852459016,4.25531914893617,1.06382978723404,0.0714285714285714,2.12765957446809,0.1,2.24719101123596,1.12359550561798,0.05,0.0,0.0,0.025,0.0,0.0,2.24719101123596,6.74157303370787,0.0,2.24719101123596,0.0,0.0,0.0,0.0,0.0,0.0,0.0,1.0,1.6,0.0,2.24719101123596,1.0,0.5,1.0,0.0,0.0,0.0,0.0,0.0,0.0,0.0,0.0,0.0,0.0,0.0,0.0,0.0,0.0,0.0,0.0,0,0,0.0
Yang Hansen,POR,6.38297872340426,5.31914893617021,2.10526315789474,0.0,8.51063829787234,126.041666666667,3.125,0.0,19.1489361702128,11.7021276595745,0.545454545454545,5.31914893617021,0.0,6.38297872340426,8.51063829787234,4.25531914893617,0.0,0.0,0.666666666666667,0.8,0.0,0.3125,0.562278125,0.375,0.473684210526316,2.12765957446809,23.3644859813084,4.73684210526316,5.20833333333333,3.125,0.130434782608696,2.08333333333333,0.111111111111111,4.25531914893617,4.25531914893617,0.153846153846154,0.0,0.0,0.0909090909090909,0.142857142857143,0.142857142857143,3.19148936170213,7.4468085106383,2.12765957446809,1.06382978723404,7.4468085106383,4.25531914893617,1.06382978723404,0.0,0.0,0.0,0.210526315789474,0.8125,4.7,26.6,8.51063829787234,0.5,0.75,0.666666666666667,0.125,1.06382978723404,0.0625,0.0,1.0,2.12765957446809,0.125,0.0,0.0,0.0,0.0,0.0,0.0,0.0,5.31914893617021,0.0,0,5,0.0
Khaman Maluach,PHX,6.41025641025641,3.84615384615385,4.9079754601227,0.0,7.69230769230769,114.117647058824,4.70588235294118,0.0,16.6666666666667,5.12820512820513,0.75,3.84615384615385,0.0,8.97435897435897,7.69230769230769,0.0,0.0,0.0,1.0,1.0,0.0,0.428571428571429,0.6485,0.428571428571429,0.590909090909091,0.0,17.3913043478261,3.68098159509202,5.88235294117647,4.70588235294118,0.266666666666667,1.17647058823529,0.0769230769230769,1.28205128205128,0.0,0.0,1.28205128205128,0.037037037037037,0.027027027027027,0.166666666666667,0.0,1.28205128205128,3.84615384615385,0.0,1.28205128205128,10.2564102564103,5.12820512820513,0.0,0.0,0.0,0.0,0.363636363636364,1.0,1.375,25.4333333333333,5.12820512820513,0.571428571428571,0.75,1.0,0.25,0.0,0.0,0.0,0.0,0.0,0.0,0.0,0.0,1.28205128205128,0.142857142857143,0.0,0.0,0.0,2.56410256410256,0.0,0,2,0.0
Dylan Cardwell,SAC,2.94117647058824,1.47058823529412,7.35294117647059,0.0,2.94117647058824,133.823529411765,4.41176470588235,2.94117647058824,7.35294117647059,7.35294117647059,0.4,1.47058823529412,0.0,1.47058823529412,5.88235294117647,0.0,0.0,0.0,1.0,1.0,0.0,0.166666666666667,0.512041666666667,0.333333333333333,0.357142857142857,0.0,10.8433734939759,3.67647058823529,4.41176470588235,1.47058823529412,0.0714285714285714,2.94117647058824,0.181818181818182,2.94117647058824,2.94117647058824,0.1,0.0,0.0,0.0606060606060606,0.0,0.142857142857143,0.0,0.0,0.0,0.0,2.94117647058824,0.0,0.0,0.0,0.0,1.47058823529412,0.0,0.666666666666667,3.52,23.8,4.41176470588235,0.5,0.666666666666667,1.0,0.0,2.94117647058824,0.333333333333333,0.0,1.0,0.0,0.0,0.0,0.0,1.47058823529412,0.166666666666667,0.0,0.0,0.0,0.0,0.0,0,0,0.0
Charles Bassey,MEM,1.49253731343284,0.0,3.7593984962406,0.0,2.98507462686567,119.69696969697,1.51515151515152,1.51515151515152,10.4477611940299,11.9402985074627,0.375,0.0,0.0,1.49253731343284,5.97014925373134,2.98507462686567,0.0,0.0,0.666666666666667,1.0,0.0,0.0,0.556,0.375,0.388888888888889,2.98507462686567,12.5,11.2781954887218,12.1212121212121,4.54545454545455,0.214285714285714,7.57575757575758,0.416666666666667,10.4477611940299,2.98507462686567,0.117647058823529,7.46268656716418,0.263157894736842,0.194444444444444,1.0,0.0,2.98507462686567,7.46268656716418,1.49253731343284,1.49253731343284,4.47761194029851,2.98507462686567,1.49253731343284,0.0,0.0,0.0,0.222222222222222,0.5,4.35,0.0,5.97014925373134,0.5,0.75,0.666666666666667,0.0,5.97014925373134,0.5,0.0,0.25,0.0,0.0,0.0,0.0,0.0,0.0,0.0,0.0,0.0,0.0,0.0,0,0,0.0
Mason Plumlee,CHA,3.17460317460317,1.58730158730159,0.763358778625954,0.0,6.34920634920635,110.294117647059,0.0,0.0,9.52380952380952,3.17460317460317,1.0,0.0,0.0,3.17460317460317,6.34920634920635,0.0,0.0,0.0,1.0,1.0,0.0,0.0,0.73765,1.0,0.75,0.0,8.33333333333333,3.81679389312977,5.88235294117647,4.41176470588235,0.272727272727273,1.47058823529412,0.1,1.58730158730159,1.58730158730159,0.0769230769230769,0.0,0.0,0.04,0.2,0.5,3.17460317460317,9.52380952380952,0.0,3.17460317460317,6.34920634920635,1.58730158730159,0.0,0.0,0.0,1.58730158730159,0.333333333333333,1.0,1.8,0.0,3.17460317460317,1.0,1.0,1.0,0.0,0.0,0.0,0.0,0.0,0.0,0.0,0.0,0.0,0.0,0.0,0.0,0.0,0.0,0.0,0.0,0,0,0.0
Dario Šarić,SAC,1.78571428571429,1.78571428571429,0.0,0.0,1.78571428571429,107.272727272727,0.0,0.0,8.92857142857143,5.35714285714286,0.0,3.57142857142857,0.5,3.57142857142857,0.0,0.0,5.35714285714286,0.0,0.0,0.0,1.0,0.4,0.53519,0.3,0.416666666666667,0.0,11.864406779661,4.50450450450451,7.27272727272727,5.45454545454545,0.214285714285714,1.81818181818182,0.0666666666666666,1.78571428571429,1.78571428571429,0.0833333333333333,0.0,0.0,0.0526315789473684,0.0,0.0,3.57142857142857,8.92857142857143,1.78571428571429,1.78571428571429,3.57142857142857,1.78571428571429,0.0,0.0,0.0,0.0,0.166666666666667,0.8,6.46666666666667,22.9,3.57142857142857,0.4,0.0,0.0,0.0,0.0,0.0,0.0,0.0,1.78571428571429,0.2,0.0,0.0,3.57142857142857,0.4,0.5,0.5,1.0,0.0,0.0,0,0,0.0
PJ Hall,MEM,1.63934426229508,1.63934426229508,2.36220472440945,0.0,3.27868852459016,98.4848484848485,3.03030303030303,0.0,21.3114754098361,9.83606557377049,0.666666666666667,4.91803278688525,0.333333333333333,3.27868852459016,13.1147540983607,0.0,4.91803278688525,0.0,1.0,1.0,1.0,0.333333333333333,0.508638888888889,0.611111111111111,0.65,0.0,15.7142857142857,7.08661417322835,9.09090909090909,6.06060606060606,0.333333333333333,3.03030303030303,0.105263157894737,4.91803278688525,3.27868852459016,0.153846153846154,1.63934426229508,0.0555555555555555,0.0967741935483871,0.0,0.0,3.27868852459016,6.55737704918033,3.27868852459016,0.0,4.91803278688525,3.27868852459016,1.63934426229508,0.0,0.0,0.0,0.2,0.777777777777778,4.23333333333333,25.6,6.55737704918033,0.444444444444444,0.75,1.0,0.25,3.27868852459016,0.222222222222222,0.5,0.0,0.0,0.0,0.0,0.0,1.63934426229508,0.111111111111111,0.0,0.0,0.0,3.27868852459016,0.5,1,2,0.5
DeAndre Jordan,NOP,2.38095238095238,2.38095238095238,1.17647058823529,0.0,7.14285714285714,130.232558139535,0.0,0.0,21.4285714285714,11.9047619047619,0.8,0.0,0.0,2.38095238095238,9.52380952380952,9.52380952380952,0.0,0.0,0.5,1.0,0.0,0.0,0.65698,0.8,0.9,9.52380952380952,11.7647058823529,11.7647058823529,13.953488372093,4.65116279069768,0.222222222222222,9.30232558139535,0.222222222222222,9.52380952380952,9.52380952380952,0.266666666666667,0.0,0.0,0.133333333333333,0.0,0.0,0.0,0.0,0.0,0.0,4.76190476190476,4.76190476190476,4.76190476190476,0.0,0.0,0.0,0.4,0.8,1.36,0.0,9.52380952380952,0.8,1.0,0.5,0.0,2.38095238095238,0.2,0.0,1.0,0.0,0.0,0.0,0.0,0.0,0.0,0.0,0.0,0.0,0.0,0.0,0,0,0.0
Yanic Konan Niederhäuser,LAC,2.32558139534884,2.32558139534884,2.29885057471264,0.0,9.30232558139535,84.0909090909091,2.27272727272727,0.0,44.1860465116279,18.6046511627907,0.875,0.0,0.0,11.6279069767442,27.906976744186,4.65116279069768,0.0,0.0,0.857142857142857,1.0,0.0,0.0,0.592075,0.875,0.791666666666667,4.65116279069768,26.530612244898,6.89655172413793,6.81818181818182,4.54545454545455,0.222222222222222,2.27272727272727,0.0666666666666666,6.97674418604651,4.65116279069768,0.25,2.32558139534884,0.125,0.1875,0.0,1.0,4.65116279069768,11.6279069767442,2.32558139534884,2.32558139534884,18.6046511627907,4.65116279069768,0.0,0.0,0.0,4.65116279069768,0.2,0.75,3.075,0.0,13.953488372093,0.75,1.0,0.833333333333333,0.0,4.65116279069768,0.25,0.5,0.0,0.0,0.0,0.0,0.0,0.0,0.0,0.0,0.0,0.0,0.0,0.0,0,0,0.0
James Wiseman,IND,7.31707317073171,4.87804878048781,2.46913580246914,0.0,0.0,97.5,2.5,0.0,9.75609756097561,7.31707317073171,0.666666666666667,0.0,0.0,0.0,4.87804878048781,4.87804878048781,0.0,0.0,0.5,1.0,0.0,0.0,0.570533333333333,0.666666666666667,0.666666666666667,4.87804878048781,12.7659574468085,4.93827160493827,0.0,0.0,0.0,0.0,0.0,9.75609756097561,4.87804878048781,0.153846153846154,4.87804878048781,0.153846153846154,0.153846153846154,0.0,0.333333333333333,0.0,0.0,0.0,0.0,0.0,0.0,0.0,0.0,0.0,0.0,0.0,0.666666666666667,3.13333333333333,0.0,4.87804878048781,0.666666666666667,1.0,0.5,0.0,2.4390243902439,0.333333333333333,0.0,0.0,0.0,0.0,0.0,0.0,0.0,0.0,0.0,0.0,0.0,0.0,0.0,0,0,0.0
N'Faly Dante,ATL,3.33333333333333,3.33333333333333,1.61290322580645,0.0,6.66666666666667,81.25,0.0,6.25,10.0,13.3333333333333,0.25,0.0,0.0,3.33333333333333,6.66666666666667,0.0,0.0,0.0,1.0,1.0,0.0,0.0,0.53525,0.25,0.3,0.0,12.8205128205128,11.2903225806452,12.5,3.125,0.111111111111111,6.25,0.4,10.0,6.66666666666667,0.181818181818182,3.33333333333333,0.142857142857143,0.166666666666667,0.0,0.5,0.0,0.0,0.0,0.0,3.33333333333333,0.0,0.0,0.0,0.0,3.33333333333333,0.0,0.5,4.25,0.0,6.66666666666667,0.5,0.5,1.0,0.0,6.66666666666667,0.5,0.0,0.0,0.0,0.0,0.0,0.0,0.0,0.0,0.0,0.0,0.0,0.0,0.0,0,0,0.0
Trey Jemison III,NYK,0.0,0.0,0.0,0.0,0.0,126.666666666667,0.0,0.0,0.0,0.0,0.0,0.0,0.0,0.0,0.0,0.0,0.0,0.0,0.0,0.0,0.0,0.0,0.0,0.0,0.0,0.0,0.0,6.25,6.66666666666667,0.0,0.0,6.66666666666667,0.25,5.88235294117647,0.0,0.0,5.88235294117647,0.166666666666667,0.142857142857143,0.0,0.0,0.0,0.0,0.0,0.0,0.0,0.0,0.0,0.0,0.0,0.0,0.0,0.0,0.0,0.0,0.0,0.0,0.0,0.0,0.0,0.0,0.0,0.0,0.0,0.0,0.0,0.0,0.0,0.0,0.0,0.0,0.0,0.0,0.0,0.0,0,0,0.0
Christian Koloko,LAL,0.0,0.0,4.0,0.0,0.0,121.428571428571,0.0,0.0,0.0,0.0,0.0,0.0,0.0,0.0,0.0,0.0,0.0,0.0,0.0,0.0,0.0,0.0,0.0,0.0,0.0,0.0,0.0,4.0,7.14285714285714,0.0,0.0,7.14285714285714,0.25,0.0,0.0,0.0,0.0,0.0,0.0,0.0,0.0,0.0,0.0,0.0,0.0,0.0,0.0,0.0,0.0,0.0,0.0,0.0,0.0,0.0,0.0,0.0,0.0,0.0,0.0,0.0,0.0,0.0,0.0,0.0,0.0,0.0,0.0,0.0,0.0,0.0,0.0,0.0,0.0,0.0,0.0,0,0,0.0
Hunter Dickinson,NOP,20.0,10.0,10.0,0.0,0.0,180.0,10.0,0.0,20.0,20.0,0.5,0.0,0.0,0.0,20.0,0.0,0.0,0.0,1.0,1.0,0.0,0.0,0.43405,0.5,0.5,0.0,36.3636363636364,0.0,0.0,0.0,0.0,0.0,0.0,0.0,0.0,0.0,0.0,0.0,0.0,0.0,0.0,0.0,0.0,0.0,0.0,0.0,0.0,0.0,0.0,0.0,0.0,0.0,0.0,12.8,0.0,0.0,0.0,0.0,0.0,0.0,20.0,1.0,0.5,0.0,0.0,0.0,0.0,0.0,0.0,0.0,0.0,0.0,0.0,0.0,0.0,0,0,0.0
Orlando Robinson,ORL,0.0,0.0,12.5,0.0,25.0,175.0,0.0,0.0,0.0,0.0,0.0,0.0,0.0,0.0,0.0,0.0,0.0,0.0,0.0,0.0,0.0,0.0,0.0,0.0,0.0,0.0,0.0,0.0,0.0,0.0,0.0,0.0,0.0,0.0,0.0,0.0,0.0,0.0,0.0,0.0,0.0,0.0,0.0,0.0,0.0,0.0,0.0,0.0,0.0,0.0,0.0,0.0,0.0,0.0,0.0,0.0,0.0,0.0,0.0,0.0,0.0,0.0,0.0,0.0,0.0,0.0,0.0,0.0,0.0,0.0,0.0,0.0,0.0,0.0,0.0,0,0,0.0
