"Name","TeamAbbreviation","GamesPlayed","Minutes","Fouls","ShootingFouls","Loose Ball Fouls","Loose Ball Fouls Drawn","Offensive Fouls","Charge Fouls","Offensive Fouls Drawn","Charge Fouls Drawn","BlockingFouls","BlockingFoulsDrawn","Clear Path Fouls","Transition Take Fouls","Transition Take Fouls Drawn","Defensive 3 Seconds Violations","FoulsDrawn"
"Franz Wagner","ORL",15,538,1.730257320319432,2.033598585322723,0.1768346595932803,0.08904719501335707,0,0.08904719501335707,0.7073386383731212,0.08841732979664015,0,0,0,0,0,0,7.034728406055209
"Devin Booker","PHX",15,530,1.8825638727028238,1.6157989228007181,0.3590664272890485,0,0.26857654431512984,0.08952551477170993,0.4488330341113106,0.08976660682226212,0,0,0,0,0,0,8.236347358997314
"Tyrese Maxey","PHI",13,525,1.5355979525360632,1.1131725417439704,0,0.09337068160597572,0.18674136321195145,0.09337068160597572,0.09276437847866419,0,0,0,0,0,0,0,6.2558356676003735
"Cooper Flagg","DAL",15,505,1.6263940520446096,1.8433179723502304,0,0.09372071227741331,0.09372071227741331,0,0.18433179723502305,0,0,0,0.09216589861751152,0,0,0,4.404873477038426
"Lauri Markkanen","UTA",14,502,1.3757115749525617,1.7142857142857142,0.47619047619047616,0.4725897920604915,0.1890359168241966,0,0.19047619047619047,0,0,0,0,0,0,0,8.790170132325143
"Shai Gilgeous-Alexander","OKC",15,499,1.348098218584497,1.3513513513513513,0.3861003861003861,0.09606147934678194,0.19212295869356388,0,0.09652509652509653,0,0,0,0,0,0,0,9.029779058597502
"Trey Murphy III","NOP",14,498,1.549636803874092,1.4506769825918762,0.19342359767891681,0.09699321047526673,0,0.19398642095053345,0.5802707930367504,0,0,0,0,0,0,0,4.073714839961203
"Dyson Daniels","ATL",15,497,1.7694882831181253,1.8095238095238095,0,0.2881844380403458,0.09606147934678194,0.09606147934678194,0.38095238095238093,0.09523809523809523,0,0,0,0,0,0,2.4975984630163306
"Desmond Bane","ORL",15,494,2.4757281553398056,2.133850630455868,0,0.09718172983479106,0.38872691933916426,0.38872691933916426,0,0.09699321047526673,0,0,0,0,0,0.09699321047526673,3.206997084548105
"Miles Bridges","CHA",14,493,1.2025012025012025,1.1516314779270633,0.09596928982725528,0.19286403085824494,0,0,0,0,0,0,0,0,0,0,3.953712632594021
"Derrick White","BOS",15,493,1.3740458015267176,1.6276703967446593,0.2034587995930824,0.20366598778004075,0.10183299389002037,0,0.9155645981688708,0.2034587995930824,0,0,0,0,0,0,4.989816700610998
"VJ Edgecombe","PHI",13,485,2.1052631578947367,2.6973026973026974,0,0,0,0,0.0999000999000999,0,0,0,0,0,0,0,2.515090543259557
"Duncan Robinson","DET",15,482,1.998001998001998,2.4024024024024024,0.2002002002002002,0,0.09970089730807577,0,0.3003003003003003,0.2002002002002002,0,0,0,0,0,0,2.4925224327018944
"Payton Pritchard","BOS",15,482,1.491769547325103,1.3388259526261586,0.30895983522142123,0,0.10277492291880781,0,0.10298661174047374,0.10298661174047374,0,0,0,0,0,0.10298661174047374,3.28879753340185
"Keyonte George","UTA",14,482,1.592039800995025,0.6979062811565304,0.09970089730807577,0.29791459781529295,0.49652432969215493,0.09930486593843098,0.29910269192422734,0.09970089730807577,0,0,0,0,0,0.09970089730807577,7.149950347567031
"Toumani Camara","POR",14,482,2.1442495126705654,2.2286821705426356,0.1937984496124031,0.19607843137254902,0.09803921568627451,0,1.6472868217054264,0.5813953488372093,0,0,0,0,0,0,4.313725490196078
"Jaylen Brown","BOS",15,481,2.427685950413223,2.1649484536082473,0.6185567010309279,0.10351966873706005,0.7246376811594203,0.2070393374741201,0.10309278350515463,0.10309278350515463,0,0,0,0,0,0.10309278350515463,9.213250517598343
"Evan Mobley","CLE",14,479,1.6815034619188922,2.6522593320235757,0.19646365422396855,0.49800796812749004,0.099601593625498,0,0,0,0,0,0,0,0,0,5.9760956175298805
"DeMar DeRozan","SAC",14,476,1.3882002974714922,1.5825914935707222,0.29673590504451036,0.09940357852882704,0.09940357852882704,0.09940357852882704,0.39564787339268054,0.19782393669634027,0,0,0,0,0,0,5.069582504970179
"Rui Hachimura","LAL",14,475,1.3026052104208417,1.103309929789368,0.10030090270812438,0.1001001001001001,0.5005005005005005,0,0,0.10030090270812438,0,0,0,0,0,0,1.901901901901902
"Deni Avdija","POR",14,473,2.384500745156483,3.3696729435084243,0.09910802775024777,0.099601593625498,0,0.398406374501992,0.09910802775024777,0,0,0,0,0,0,0,7.768924302788845
"James Harden","LAC",13,470,1.2611665790856543,1.263157894736842,0.10526315789473684,0,0.3147953830010493,0,0.10526315789473684,0,0,0,0,0,0,0,7.76495278069255
"Jimmy Butler III","GSW",15,469,0.9264024704065877,1.0266940451745379,0.4106776180698152,0.30959752321981426,0.10319917440660474,0,0,0,0,0,0,0,0,0,8.04953560371517
"Brandon Ingram","TOR",14,468,1.6819571865443426,2.2426095820591234,0,0.2038735983690112,0.4077471967380224,0,0,0,0,0,0,0,0,0,4.892966360856269
"Devin Vassell","SAS",14,465,1.550387596899225,1.4462809917355373,0,0.10341261633919338,0.10341261633919338,0.20682523267838676,0.2066115702479339,0,0,0,0,0,0,0,2.378490175801448
"Ryan Rollins","MIL",15,464,2.344971339239187,2.4922118380062304,0,0.41841004184100417,0,0,0,0,0,0,0,0,0,0,3.7656903765690375
"Julius Randle","MIN",14,464,1.8916155419222904,1.629327902240326,0.20366598778004075,0.2053388090349076,0.1026694045174538,0.3080082135523614,0,0,0,0,0,0,0,0,6.365503080082136
"Andrew Wiggins","MIA",14,461,1.837140019860973,2.67591674925669,0.19821605550049554,0.19900497512437812,0.19900497512437812,0,0.19821605550049554,0,0,0,0,0,0,0,3.18407960199005
"Kon Knueppel","CHA",14,460,1.7598343685300206,1.6597510373443984,0.1037344398340249,0,0.2066115702479339,0,0,0,0,0,0,0,0,0,2.7892561983471076
"Mikal Bridges","NYK",13,456,1.3662637940094589,1.256544502617801,0.10471204188481675,0.31645569620253167,0,0,0.10471204188481675,0,0,0,0,0,0,0.10471204188481675,2.5316455696202533
"Scottie Barnes","TOR",14,455,2.4594453165881736,2.510460251046025,0.10460251046025104,0.31413612565445026,0.31413612565445026,0.10471204188481675,0.3138075313807531,0,0,0,0,0,0,0,4.50261780104712
"Wendell Carter Jr.","ORL",15,454,3.278688524590164,2.857142857142857,0.7407407407407407,0.6342494714587738,0.7399577167019028,0.10570824524312897,0.21164021164021163,0,0,0,0,0,0,0,5.179704016913319
"Pascal Siakam","IND",13,454,2.204724409448819,2.0986358866736623,0.3147953830010493,0.21008403361344538,0.5252100840336135,0.21008403361344538,0.3147953830010493,0,0,0,0,0,0,0,8.298319327731093
"Brandin Podziemski","GSW",16,452,1.9271948608137044,1.3978494623655915,0.43010752688172044,0.21321961620469082,0.21321961620469082,0.10660980810234541,0.3225806451612903,0.7526881720430108,0,0,0,0,0,0,3.7313432835820897
"Myles Turner","MIL",15,449,2.1299254526091587,2.765957446808511,0.425531914893617,0.5330490405117271,0.5330490405117271,0,0.10638297872340426,0,0,0,0,0,0,0.10638297872340426,3.1982942430703623
"Nikola Jokić","DEN",13,448,1.7923036373220875,1.4799154334038056,0.21141649048625794,0.7360672975814931,0.2103049421661409,0,0.10570824524312897,0,0,0,0,0,0,0.6342494714587738,8.096740273396424
"Max Christie","DAL",15,447,1.4384656366542354,1.696712619300106,0,0,0.32119914346895073,0,0.3181336161187699,0,0,0,0,0,0,0,2.569593147751606
"Royce O'Neale","PHX",15,444,2.045209903121636,1.831896551724138,0.3232758620689655,0.10752688172043011,0.3225806451612903,0,0.3232758620689655,0,0,0,0,0,0,0,1.075268817204301
"Onyeka Okongwu","ATL",15,444,2.947481243301179,3.2119914346895073,0.8565310492505354,0.5364806866952789,0.8583690987124464,0,0,0.10706638115631692,0,0,0,0,0,0.10706638115631692,4.506437768240343
"Donovan Mitchell","CLE",13,443,1.583949313621964,1.1664899257688228,0.4241781548250265,0.2103049421661409,0.31545741324921134,0,0.10604453870625663,0,0,0,0,0,0,0,7.04521556256572
"RJ Barrett","TOR",14,442,2.1528525296017222,2.4598930481283423,0.32085561497326204,0,0.10834236186348863,0,0,0.21390374331550802,0,0,0,0,0,0,4.7670639219935
"Alperen Sengun","HOU",12,442,2.1922428330522767,2.4830699774266365,0.22573363431151242,0.7838745800671892,0.4479283314669653,0.11198208286674133,0.33860045146726864,0.22573363431151242,0,0,0,0,0,0,8.174692049272117
"Ivica Zubac","LAC",14,441,2.0454545454545454,2.2857142857142856,0.22857142857142856,1.3559322033898304,0.6779661016949152,0,0.11428571428571428,0,0,0,0,0,0,0.11428571428571428,4.632768361581921
"Cade Cunningham","DET",12,441,2.457673402512288,2.8477546549835706,0.21905805038335158,0.2178649237472767,0.2178649237472767,0.10893246187363835,0.43811610076670315,0,0,0,0,0,0,0,7.734204793028322
"Rudy Gobert","MIN",14,439,2.202643171806167,1.75054704595186,1.0940919037199124,1.5521064301552105,0.5543237250554324,0,0,0,0,0,0,0,0,0,5.986696230598669
"Immanuel Quickley","TOR",14,439,1.6866158868335146,1.187904967602592,0.1079913606911447,0,0.21929824561403508,0,0.9719222462203023,0,0,0,0,0,0,0,4.276315789473684
"Jaden McDaniels","MIN",14,436,2.6607538802660753,2.6519337016574585,0.3314917127071823,0.22246941045606228,0.3337041156840934,0.11123470522803114,0.22099447513812154,0,0,0,0,0,0,0.11049723756906077,3.8932146829810903
"Jaren Jackson Jr.","MEM",15,435,3.427307904919845,2.980132450331126,0.9933774834437086,0.11074197120708748,1.3289036544850499,0.4429678848283499,0.33112582781456956,0.11037527593818984,0,0,0,0,0,0,6.533776301218162
"Jalen Johnson","ATL",13,434,1.4973262032085561,1.6025641025641026,0.32051282051282054,0.21413276231263384,0.32119914346895073,0.10706638115631692,0.21367521367521367,0.10683760683760683,0,0,0,0,0,0,4.925053533190578
"Kevin Durant","HOU",12,433,1.853932584269663,1.8038331454340473,0.4509582863585118,0.22396416573348266,0.335946248600224,0.11198208286674133,0,0,0,0,0,0,0,0,8.062709966405375
"Austin Reaves","LAL",12,433,1.654715940430226,1.6556291390728477,0.11037527593818984,0.4410143329658214,0.33076074972436603,0,0.6622516556291391,0.5518763796909493,0,0,0,0,0,0,8.820286659316428
"Davion Mitchell","MIA",14,431,2.2328548644338118,2.014846235418876,0.21208907741251326,0,0.10660980810234541,0,0.7423117709437964,0.21208907741251326,0,0,0,0,0,0,2.55863539445629
"Karl-Anthony Towns","NYK",13,430,2.728285077951002,2.3516237402015676,0.4479283314669653,0.11074197120708748,1.2181616832779623,0.6644518272425249,0.22396416573348266,0,0,0,0,0,0,0.11198208286674133,7.641196013289036
"P.J. Washington","DAL",14,430,1.7467248908296944,2.058504875406284,0.4333694474539545,0.22002200220022003,0.11001100110011001,0.11001100110011001,0.21668472372697725,0,0,0,0,0,0,0.10834236186348863,4.9504950495049505
"Jake LaRavia","LAL",15,428,2.068194522079374,2.108768035516093,0.22197558268590456,0.11261261261261261,0,0,0,0.11098779134295228,0,0,0,0,0,0,3.3783783783783785
"Isaiah Hartenstein","OKC",15,427,2.44457077885162,1.7026106696935301,1.1350737797956867,0.5694760820045558,0.9111617312072893,0.22779043280182232,0.11350737797956867,0.11350737797956867,0,0,0,0,0,0,4.555808656036446
"Amen Thompson","HOU",12,426,1.5643105446118193,1.3840830449826989,0.2306805074971165,0.46565774155995343,0.11641443538998836,0,0,0,0,0,0,0,0,0,4.540162980209546
"Dennis Schröder","SAC",14,426,1.4420410427066002,1.2141280353200883,0,0,0,0.2229654403567447,0.5518763796909493,0.22075055187637968,0,0,0,0,0,0,2.6755852842809364
"Donte DiVincenzo","MIN",14,425,1.8068887634105026,1.693002257336343,0.11286681715575621,0.11299435028248588,0.22598870056497175,0,0.5643340857787811,0,0,0,0,0,0,0,3.84180790960452
"Draymond Green","GSW",15,425,3.187250996015936,2.724177071509648,0.4540295119182747,0.3424657534246575,1.2557077625570776,0.1141552511415525,0.22701475595913734,0.22701475595913734,0,0,0,0,0,0.11350737797956867,2.625570776255708
"Deandre Ayton","LAL",14,425,2.480270574971815,3.146067415730337,0.2247191011235955,0.22624434389140272,0.6787330316742082,0,0,0,0,0,0,0,0,0,2.1493212669683257
"Jaime Jaquez Jr.","MIA",14,424,1.618996222342148,1.6198704103671706,0.1079913606911447,0.32362459546925565,0.32362459546925565,0,0,0,0,0,0,0,0,0,4.638619201725998
"Michael Porter Jr.","BKN",13,424,1.6222479721900347,1.1587485515643106,0.46349942062572425,0.46349942062572425,0.5793742757821553,0.11587485515643106,0,0,0,0,0,0,0,0,4.750869061413673
"Herbert Jones","NOP",14,423,2.7681660899653977,2.4249422632794455,0.3464203233256351,0,0,0,0.23094688221709006,0.11547344110854503,0,0,0,0,0,0,2.304147465437788
"AJ Green","MIL",15,422,2.7195467422096318,2.4858757062146895,0.11299435028248588,0.11363636363636363,0.22727272727272727,0,0.5649717514124294,0.3389830508474576,0,0,0,0,0,0,2.6136363636363638
"Ajay Mitchell","OKC",15,421,2.0454545454545454,1.7045454545454546,0.11363636363636363,0.22727272727272727,0.45454545454545453,0,0.7954545454545454,0,0,0,0,0,0,0,6.25
"Harrison Barnes","SAS",14,418,1.4637002341920375,1.286549707602339,0,0.23446658851113716,0.3516998827667057,0,0.3508771929824561,0.11695906432748537,0,0,0,0,0,0,2.4618991793669402
"Kelly Oubre Jr.","PHI",12,418,1.8380241240666284,1.36986301369863,0.3424657534246575,0.3468208092485549,0.23121387283236994,0.11560693641618497,1.0273972602739727,0,0,0,0,0,0,0,4.624277456647399
"Grayson Allen","PHX",13,417,1.7341040462427746,1.7321016166281755,0.23094688221709006,0.46296296296296297,0.23148148148148148,0.23148148148148148,0.4618937644341801,0,0,0,0,0,0,0,4.282407407407407
"Victor Wembanyama","SAS",12,416,2.561117578579744,1.9813519813519813,0.5827505827505828,0.813953488372093,0.6976744186046512,0.6976744186046512,0.34965034965034963,0.11655011655011654,0,0,0,0,0,0.2331002331002331,10.232558139534884
"Stephon Castle","SAS",13,416,2.704257767548907,1.9540229885057472,0.22988505747126436,0,0.1152073732718894,0.3456221198156682,1.0344827586206897,0,0,0,0,0,0,0,7.71889400921659
"Gary Trent Jr.","MIL",15,415,1.7867435158501441,1.9495412844036697,0.22935779816513763,0,0.34762456546929316,0,0.8027522935779816,0,0,0,0,0,0,0,1.969872537659328
"Giannis Antetokounmpo","MIL",13,414,1.916376306620209,1.2790697674418605,0.3488372093023256,0.46403712296983757,0.8120649651972158,0.3480278422273782,0,0,0,0,0,0,0,0,12.412993039443155
"Zach LaVine","SAC",12,412,1.663798049340218,1.596351197263398,0.11402508551881414,0,0,0.11547344110854503,0,0,0,0,0,0,0,0,3.810623556581986
"Jamal Murray","DEN",12,412,0.9994121105232217,1.2925969447708578,0,0,0.23529411764705882,0,0.5875440658049353,0,0,0,0,0,0,0,4.470588235294118
"Nic Claxton","BKN",14,412,2.2795440911817635,1.555023923444976,1.4354066985645932,1.203369434416366,0.4813477737665463,0,0.4784688995215311,0,0,0,0,0,0,0.11961722488038277,8.78459687123947
"Nikola Vučević","CHI",13,409,1.897642323174238,2.0689655172413794,0.22988505747126436,0.23014959723820483,0.5753739930955121,0.11507479861910241,0,0,0,0,0,0,0,0,2.991944764096663
"Jarace Walker","IND",14,407,1.676300578034682,2.1839080459770117,0.22988505747126436,0,0,0,0,0,0,0,0,0,0,0,3.604651162790698
"Quentin Grimes","PHI",13,406,1.8923713778829094,1.6489988221436984,0,0.1187648456057007,0.1187648456057007,0.1187648456057007,0.4711425206124853,0.11778563015312132,0,0,0,0,0,0,5.463182897862233
"Cason Wallace","OKC",14,406,2.080856123662307,1.9024970273483948,0.11890606420927467,0.11890606420927467,0,0,0,0,0,0,0,0,0,0,1.426872770511296
"Luka Dončić","LAL",11,405,1.7241379310344827,1.1904761904761905,0.47619047619047616,0.35629453681710216,0.2375296912114014,0,0.5952380952380952,0.47619047619047616,0,0,0,0,0,0,12.232779097387173
"Anthony Black","ORL",15,402,2.286401925391095,2.8469750889679717,0.2372479240806643,0.1221001221001221,0.1221001221001221,0,0.35587188612099646,0,0,0,0,0,0,0,4.395604395604396
"Nickeil Alexander-Walker","ATL",13,401,1.3961605584642234,1.0465116279069768,0.3488372093023256,0.11641443538998836,0.11641443538998836,0,1.3953488372093024,0.23255813953488372,0,0,0,0,0,0,6.868451688009313
"Stephen Curry","GSW",13,401,1.676300578034682,1.8475750577367205,0.11547344110854503,0.11574074074074074,0.3472222222222222,0,0.23094688221709006,0.11547344110854503,0,0,0,0,0,0,7.638888888888889
"Jrue Holiday","POR",12,401,1.391304347826087,1.0440835266821347,0.23201856148491878,0,0.11587485515643106,0,0.23201856148491878,0,0,0,0,0,0,0,2.433371958285052
"Shaedon Sharpe","POR",14,400,1.740139211136891,1.1574074074074074,0.23148148148148148,0.3488372093023256,0.23255813953488372,0.23255813953488372,0.23148148148148148,0,0,0,0,0,0,0,7.441860465116279
"Cedric Coward","MEM",15,399,1.627906976744186,1.3921113689095128,0.46403712296983757,0.11655011655011654,0.2331002331002331,0,0.3480278422273782,0,0,0,0,0,0,0,3.7296037296037294
"Russell Westbrook","SAC",14,399,1.7411491584445735,1.3953488372093024,0.11627906976744186,0.11587485515643106,0.23174971031286212,0.11587485515643106,0.23255813953488372,0,0,0,0,0,0,0,3.939745075318656
"Naji Marshall","DAL",15,394,1.8246027074749853,1.750291715285881,0.23337222870478413,0,0.2375296912114014,0,0,0,0,0,0,0,0,0,4.038004750593824
"Paolo Banchero","ORL",12,393,1.7438364401683704,1.9184652278177459,0.3597122302158273,0,0.24125452352231605,0.12062726176115803,0.11990407673860912,0,0,0,0,0,0,0,9.047044632086852
"Santi Aldama","MEM",15,384,1.3414634146341464,1.5853658536585367,0.12195121951219512,0.24390243902439024,0.24390243902439024,0.12195121951219512,0.12195121951219512,0.12195121951219512,0,0,0,0,0,0,3.5365853658536586
"CJ McCollum","WAS",13,384,1.8159806295399517,1.4563106796116505,0.12135922330097088,0.12077294685990338,0.24154589371980675,0,0,0,0,0,0,0,0,0,3.3816425120772946
"Julian Champagnie","SAS",14,381,1.005656819610308,1.0062893081761006,0.12578616352201258,0.12562814070351758,0,0,0,0,0,0,0,0,0,0,1.8844221105527639
"Jaylen Wells","MEM",15,380,1.8856065367693275,1.8726591760299625,0.12484394506866417,0.12658227848101267,0,0,0.9987515605493134,0,0,0,0,0,0,0,3.5443037974683542
"Terance Mann","BKN",14,380,2.9182879377431905,2.853437094682231,0.38910505836575876,0.2594033722438392,0,0,0.38910505836575876,0.2594033722438392,0,0,0,0,0,0.2594033722438392,3.2425421530479897
"Josh Giddey","CHI",11,379,1.3673088875077688,1.858736059479554,0.12391573729863693,0,0.12468827930174564,0.12468827930174564,0.12391573729863693,0.12391573729863693,0,0,0,0,0,0.12391573729863693,5.7356608478802995
"Svi Mykhailiuk","UTA",14,378,1.266624445851805,1.394169835234474,0,0,0.12658227848101267,0,0.1267427122940431,0.1267427122940431,0,0,0,0,0,0,1.0126582278481013
"Matas Buzelis","CHI",13,378,2.6396562308164517,3.545232273838631,0.6112469437652812,0,0,0.12330456226880394,0,0.12224938875305623,0,0,0.12224938875305623,0,0,0,3.945745992601726
"Alex Sarr","WAS",13,377,1.7023959646910467,2.506265664160401,0,0.5076142131979695,0.38071065989847713,0.12690355329949238,0.12531328320802004,0,0,0,0,0,0,0.2506265664160401,4.949238578680203
"Jalen Duren","DET",13,376,2.816901408450704,3.076923076923077,1.1538461538461537,1.278772378516624,0.8951406649616368,0,0,0,0,0,0,0,0,0,8.823529411764707
"Sion James","CHA",14,374,1.4762516046213094,1.1406844106463878,0.1267427122940431,0,0.26007802340702213,0,0.5069708491761724,0.1267427122940431,0,0,0,0,0,0,2.600780234070221
"Jalen Brunson","NYK",11,373,1.9157088122605364,1.5364916773367479,0.38412291933418696,0.12738853503184713,0.3821656050955414,0,0.7682458386683739,0.7682458386683739,0,0,0,0,0,0,8.789808917197453
"OG Anunoby","NYK",12,373,1.7994858611825193,1.9305019305019304,0.2574002574002574,0.12836970474967907,0.12836970474967907,0.12836970474967907,0.2574002574002574,0.3861003861003861,0,0,0,0,0,0,3.337612323491656
"Kyshawn George","WAS",12,371,3.587161736941473,3.391959798994975,0.5025125628140703,0.25220680958385877,0.5044136191677175,0.12610340479192939,0.12562814070351758,0.3768844221105528,0,0,0,0,0,0,4.918032786885246
"Jeremiah Fears","NOP",14,369,2.05706702057067,1.2016021361815754,0.26702269692923897,0,0.39577836411609496,0.2638522427440633,0.13351134846461948,0.13351134846461948,0,0,0,0,0,0,5.408970976253298
"Anfernee Simons","BOS",15,368,2.1843003412969284,2.5991792065663475,0.27359781121751026,0,0.2724795640326976,0,0,0,0,0,0,0,0,0,2.4523160762942777
"Neemias Queta","BOS",15,367,3.3126293995859215,4.570637119113574,0.4155124653739612,1.1004126547455295,0.8253094910591472,0.1375515818431912,0,0,0,0,0,0,0,0,5.226960110041265
"Collin Gillespie","PHX",15,365,1.4056224899598393,1.610738255033557,0,0.40053404539385845,0.13351134846461948,0,0.5369127516778524,0.2684563758389262,0,0,0,0,0,0,3.7383177570093458
"Domantas Sabonis","SAC",11,365,2.8241335044929397,2.426564495530013,0.7662835249042146,0.9032258064516129,1.1612903225806452,0.12903225806451613,0,0,0,0,0,0,0,0,5.161290322580645
"Aaron Gordon","DEN",12,365,1.6545334215751157,1.5894039735099337,0.13245033112582782,0.3968253968253968,0,0.26455026455026454,0,0,0,0,0,0,0,0,5.555555555555555
"Jabari Smith Jr.","HOU",11,363,2.031144211238998,2.6954177897574123,0.5390835579514824,0.272108843537415,0.272108843537415,0,0.2695417789757412,0,0,0,0,0,0,0,2.5850340136054424
"Kyle Kuzma","MIL",14,362,2.4246395806028835,3.0104712041884816,0.39267015706806285,0,0,0,0.13089005235602094,0,0,0,0,0,0,0,3.937007874015748
"Jerami Grant","POR",13,362,2.8223220012828736,2.295918367346939,0.12755102040816327,0.25806451612903225,0.3870967741935484,0.25806451612903225,0,0,0,0,0,0,0,0,6.32258064516129
"Ryan Dunn","PHX",15,361,2.5658338960162053,2.1447721179624666,0.2680965147453083,0.1360544217687075,0.1360544217687075,0.1360544217687075,0.40214477211796246,0,0,0,0,0,0,0,1.4965986394557824
"Jonathan Kuminga","GSW",13,360,1.6589250165892502,1.4473684210526316,0.39473684210526316,0.2677376171352075,0.13386880856760375,0,0.13157894736842105,0,0,0,0,0,0,0,4.551539491298527
"Kris Dunn","LAC",14,360,2.627939142461964,2.8885832187070153,0.4126547455295736,0.13908205841446453,0.13908205841446453,0,0,0,0,0,0,0,0,0,1.8080667593880388
"Jock Landale","MEM",15,360,2.9781601588352085,3.576158940397351,0.3973509933774834,0.7936507936507936,0.5291005291005291,0.13227513227513227,0.13245033112582782,0.13245033112582782,0,0,0,0,0,0,3.9682539682539684
"Ronald Holland II","DET",15,358,2.8382838283828384,2.3715415019762847,0.3952569169960474,0.3968253968253968,0.13227513227513227,0,0.7905138339920948,0.13175230566534915,0,0,0,0,0,0,3.439153439153439
"Saddiq Bey","NOP",13,358,0.8748317631224765,1.0695187165775402,0,0.27100271002710025,0,0.27100271002710025,0.26737967914438504,0,0,0,0,0,0,0,2.5745257452574526
"John Collins","LAC",14,355,2.1141649048625792,2.247191011235955,0.1404494382022472,0.5657708628005658,0.4243281471004243,0,0,0,0,0,0,0,0,0,4.101838755304102
"Ben Sheppard","IND",14,354,2.347417840375587,3.2301480484522207,0,0.13368983957219252,0,0,0.2691790040376851,0,0,0,0,0,0,0.13458950201884254,1.8716577540106951
"Tristan da Silva","ORL",15,353,0.8327550312283136,0.6925207756232687,0.13850415512465375,0.27816411682892905,0,0.13908205841446453,0,0,0,0,0,0,0,0,1.8080667593880388
"Donovan Clingan","POR",14,350,2.479892761394102,3.6048064085447264,0.8010680907877169,0.9421265141318977,0.4037685060565276,0,0,0,0,0,0,0,0,0.26702269692923897,3.095558546433378
"Javonte Green","DET",15,349,1.6096579476861168,1.7218543046357615,0.26490066225165565,0.4076086956521739,0,0,0.3973509933774834,0,0,0,0,0,0,0,3.6684782608695654
"Bub Carrington","WAS",13,349,2.2222222222222223,1.881720430107527,0,0.1349527665317139,0.1349527665317139,0,0.13440860215053763,0,0,0,0,0,0,0.13440860215053763,2.294197031039136
"Noah Clowney","BKN",14,348,2.1291696238466997,1.8335684062059239,0.14104372355430184,0.14285714285714285,0.2857142857142857,0.2857142857142857,0,0.14104372355430184,0,0,0,0,0,0,5.142857142857143
"Kentavious Caldwell-Pope","MEM",15,346,1.2933968686181077,1.6260162601626016,0.13550135501355012,0.5471956224350205,0,0,0.948509485094851,0,0,0,0,0,0,0,3.9671682626538987
"Ryan Kalkbrenner","CHA",13,346,1.9297036526533424,1.8055555555555556,0.1388888888888889,0.27359781121751026,1.3679890560875514,0.13679890560875513,0,0,0,0,0,0,0,0.1388888888888889,2.462380300957592
"De'Andre Hunter","CLE",12,346,2.0974289580514207,1.749663526244953,0.4037685060565276,0.6802721088435374,0.1360544217687075,0,0.4037685060565276,0,0,0,0,0,0,0,7.074829931972789
"Ja Morant","MEM",12,345,1.74146014735432,1.742627345844504,0.13404825737265416,0,0,0,0.5361930294906166,0,0,0,0,0,0,0,6.291834002677376
"Norman Powell","MIA",11,345,1.7015706806282722,1.0457516339869282,0.39215686274509803,0,0.1310615989515072,0.2621231979030144,0.13071895424836602,0,0,0,0,0,0,0,6.553079947575361
"Moses Moody","GSW",14,345,1.7869415807560138,1.9230769230769231,0.13736263736263737,0,0.2751031636863824,0,0,0.27472527472527475,0,0,0,0,0,0,3.0261348005502064
"Kevin Huerter","CHI",13,343,2.1592442645074224,2.4390243902439024,0,0.13440860215053763,0,0,0,0,0,0,0,0,0,0,3.4946236559139785
"Jusuf Nurkić","UTA",14,342,2.7027027027027026,1.897018970189702,0.5420054200542005,1.752021563342318,1.482479784366577,0.1347708894878706,0.27100271002710025,0,0,0,0,0,0,0.4065040650406504,4.8517520215633425
"Kel'el Ware","MIA",14,342,1.9307589880159788,2.513227513227513,0.26455026455026454,1.0723860589812333,0.40214477211796246,0.2680965147453083,0.13227513227513227,0,0,0,0,0,0,0,2.9490616621983916
"Collin Sexton","CHA",13,342,2.0935101186322402,1.2465373961218837,0,0.5625879043600562,0.14064697609001406,0.14064697609001406,0.6925207756232687,0,0,0,0,0,0,0,8.29817158931083
"Naz Reid","MIN",14,338,2.77975766215253,2.7298850574712645,0.43103448275862066,0,0.7072135785007072,0,0.28735632183908044,0.43103448275862066,0,0,0,0,0,0,3.1117397454031117
"Marcus Smart","LAL",12,338,2.524544179523142,2.244039270687237,0.2805049088359046,0.42075736325385693,0.2805049088359046,0,0.9817671809256662,0.42075736325385693,0,0,0,0,0,0,4.908835904628331
"Jarrett Allen","CLE",13,335,1.2379642365887207,1.5151515151515151,0.27548209366391185,0.5494505494505495,0.41208791208791207,0,0.5509641873278237,0,0,0,0,0,0,0.13774104683195593,8.104395604395604
"Aaron Nesmith","IND",11,335,1.9313304721030042,1.9914651493598863,0.2844950213371266,0.28776978417266186,0.28776978417266186,0,1.5647226173541964,0,0,0,0,0,0,0,5.467625899280575
"Keldon Johnson","SAS",14,331,1.9033674963396778,1.4598540145985401,0.8759124087591241,0.7342143906020558,0,0.14684287812041116,0.291970802919708,0,0,0,0,0,0,0.145985401459854,2.9368575624082234
"Isaac Okoro","CHI",13,330,2.896451846488052,2.886002886002886,0.4329004329004329,0.5813953488372093,0.436046511627907,0.14534883720930233,0.1443001443001443,0.4329004329004329,0,0,0,0,0,0,3.052325581395349
"D'Angelo Russell","DAL",15,330,1.5151515151515151,1.8786127167630058,0.28901734104046245,0.1440922190201729,0.2881844380403458,0,0.28901734104046245,0.14450867052023122,0,0,0,0,0,0.14450867052023122,6.484149855907781
"Tre Jones","CHI",11,329,1.55257586450247,0.702247191011236,0.1404494382022472,0.14184397163120568,0,0.14184397163120568,0.702247191011236,0.2808988764044944,0,0,0,0,0,0,6.808510638297872
"Chet Holmgren","OKC",11,328,2.9411764705882355,3.235294117647059,0.5882352941176471,0.5882352941176471,0.7352941176470589,0.14705882352941177,0.14705882352941177,0,0,0,0,0,0,0,7.0588235294117645
"Tre Johnson","WAS",13,327,1.7556179775280898,2.3776223776223775,0.13986013986013987,0,0.14104372355430184,0,0,0,0,0,0,0,0,0,1.9746121297602257
"Mark Williams","PHX",13,326,2.7007299270072993,2.9239766081871346,0.7309941520467836,0.5830903790087464,0.8746355685131195,0,0.29239766081871343,0,0,0,0,0,0,0.29239766081871343,4.810495626822157
"Christian Braun","DEN",11,325,1.7712177121771218,2.0710059171597632,0,0,0,0.14727540500736377,0.14792899408284024,0,0,0,0,0,0,0,2.9455081001472756
"Derrick Jones Jr.","LAC",13,324,1.9771863117870723,2.13089802130898,0.15220700152207,0.1519756838905775,0.303951367781155,0.303951367781155,0.76103500761035,0,0,0,0,0,0,0,3.6474164133738602
"Sam Hauser","BOS",15,323,1.070336391437309,1.0819165378670788,0,0,0.30257186081694404,0,0.46367851622874806,0,0,0,0,0,0,0,0.75642965204236
"Moussa Diabaté","CHA",14,319,2.577710386656558,1.9402985074626866,1.044776119402985,1.694915254237288,0.4622496147919877,0,0.44776119402985076,0,0,0,0,0,0,0,7.395993836671803
"Derik Queen","NOP",14,316,3.2899770466717673,3.6474164133738602,0.1519756838905775,0.6163328197226502,0.6163328197226502,0.4622496147919877,0.303951367781155,0.1519756838905775,0,0,0,0,0,0,5.855161787365177
"Ausar Thompson","DET",11,314,2.4786986831913245,1.6845329249617151,0.45941807044410415,0.31347962382445144,0,0,0.30627871362940273,0,0,0,0,0,0,0,5.172413793103448
"Bobby Portis","MIL",15,313,1.924557351809084,2.2865853658536586,0.4573170731707317,0.15552099533437014,0.7776049766718507,0,0,0,0,0,0,0,0,0,2.021772939346812
"Dean Wade","CLE",14,312,1.7202692595362752,1.9033674963396778,0.14641288433382138,0.6116207951070336,0,0,0.43923865300146414,0,0,0,0,0,0,0,2.140672782874618
"Sam Merrill","CLE",12,311,2.526002971768202,2.391629297458894,0.14947683109118087,0.29542097488921715,0.29542097488921715,0,1.195814648729447,0,0,0,0,0,0,0,3.8404726735598227
"Tre Mann","CHA",14,308,2.5196850393700787,2.3547880690737832,0.3139717425431711,0.1579778830963665,0.47393364928909953,0.315955766192733,0.3139717425431711,0,0,0,0,0,0,0,2.3696682464454977
"Cameron Johnson","DEN",12,306,1.8942383583267561,2.848101265822785,0,0.15748031496062992,0,0,0.31645569620253167,0.15822784810126583,0,0,0,0,0,0,2.5196850393700787
"Josh Hart","NYK",12,306,1.8706157443491815,1.3975155279503106,0.3105590062111801,0.4694835680751174,0.6259780907668232,0.1564945226917058,0.4658385093167702,0.15527950310559005,0,0,0,0,0,0,3.1298904538341157
"Pelle Larsson","MIA",14,305,1.9388516032811334,1.9374068554396424,0.29806259314456035,0.44776119402985076,0,0,1.0432190760059612,0.44709388971684055,0,0,0,0,0,0.14903129657228018,6.119402985074627
"Anthony Edwards","MIN",10,303,1.317829457364341,1.08359133126935,0,0.15527950310559005,0.15527950310559005,0,0,0,0,0,0,0,0,0,6.521739130434782
"Peyton Watson","DEN",13,300,1.909307875894988,1.889763779527559,0.6299212598425197,0.1607717041800643,0.1607717041800643,0.3215434083601286,0.15748031496062992,0,0,0,0,0,0,0,3.054662379421222
"Nikola Jović","MIA",14,299,2.767389678384443,3.1203566121842496,0.7429420505200595,0.15060240963855423,0.30120481927710846,0.15060240963855423,0,0,0,0,0,0,0,0,4.216867469879518
"Kris Murray","POR",13,298,1.8067556952081696,2.3547880690737832,0.15698587127158556,0.15723270440251572,0.15723270440251572,0,0,0,0,0,0,0,0,0.15698587127158556,0.7861635220125787
"Klay Thompson","DAL",14,298,0.774593338497289,0.7739938080495357,0,0,0.15503875968992248,0,0.15479876160990713,0,0,0,0,0,0,0,0.46511627906976744
"Zaccharie Risacher","ATL",12,297,1.644479248238058,2.197802197802198,0.15698587127158556,0.3125,0.3125,0.15625,0,0,0,0,0,0,0,0,2.1875
"Tim Hardaway Jr.","DEN",13,296,1.3545816733067728,1.2678288431061806,0.15847860538827258,0.32051282051282054,0.16025641025641027,0,0,0.15847860538827258,0,0,0,0,0,0,2.5641025641025643
"Tyrese Martin","BKN",14,293,1.100762066045724,1.0067114093959733,0.33557046979865773,0,0,0,0.16778523489932887,0,0,0,0,0,0,0,2.051282051282051
"Bruce Brown","DEN",13,292,2.4630541871921183,2.7823240589198037,0.16366612111292964,0.16474464579901152,0,0,0,0,0,0,0,0,0,0,1.9769357495881383
"Luke Kennard","ATL",13,291,1.4851485148514851,1.1627906976744187,0.33222591362126247,0.16393442622950818,0.32786885245901637,0,0.16611295681063123,0,0,0,0,0,0,0,1.4754098360655739
"Landry Shamet","NYK",13,288,1.3968775677896468,1.4754098360655739,0.4918032786885246,0.32948929159802304,0,0,0.4918032786885246,0,0,0,0,0,0,0,3.459637561779242
"Cam Spencer","MEM",15,285,1.761744966442953,1.669449081803005,0.1669449081803005,0.16863406408094436,0,0,0.1669449081803005,0.1669449081803005,0,0,0,0,0,0,3.204047217537943
"Ace Bailey","UTA",14,284,2.887788778877888,4.433497536945813,0,0,0.16583747927031509,0,0,0,0,0,0,0,0,0.16420361247947454,2.3217247097844114
"Patrick Williams","CHI",13,284,1.7959183673469388,2.287581699346405,0.16339869281045752,0.1631321370309951,0.1631321370309951,0.1631321370309951,0,0,0,0,0,0,0,0,2.6101141924959217
"Jaylon Tyson","CLE",11,284,3.508771929824561,2.6578073089700998,0.4983388704318937,0,0.16806722689075632,0.16806722689075632,0.16611295681063123,0,0,0,0.16611295681063123,0,0,0,2.0168067226890756
"Josh Minott","BOS",14,282,2.7927927927927927,2.1314387211367674,0.17761989342806395,0.18281535648994515,0.18281535648994515,0,0.3552397868561279,0,0,0,0,0,0,0,2.5594149908592323
"Mike Conley","MIN",14,282,2.1867115222876365,3.0150753768844223,0,0.16891891891891891,0.16891891891891891,0,0.16750418760469013,0,0,0,0,0,0,0,2.027027027027027
"Ayo Dosunmu","CHI",11,280,1.6088060965283657,1.5177065767284992,0.16863406408094436,0,0.17006802721088435,0,0,0,0,0,0,0,0,0,3.5714285714285716
"Ziaire Williams","BKN",12,279,2.546093064091308,2.4475524475524475,0,0.1763668430335097,0.1763668430335097,0,0,0,0,0,0,0,0,0.34965034965034963,3.527336860670194
"Isaiah Stewart","DET",12,276,3.3333333333333335,2.5996533795493932,1.2131715771230502,1.2433392539964476,0.7104795737122558,0,0,0,0,0,0,0,0,0.3466204506065858,4.618117229129663
"Lonzo Ball","CLE",12,276,1.9950124688279303,2.1848739495798317,0,0.6578947368421053,0.32894736842105265,0,0,0,0,0,0,0,0,0,1.644736842105263
"Reed Sheppard","HOU",12,275,2.1314387211367674,1.7953321364452424,0,0.5272407732864675,0.1757469244288225,0,0,0,0,0,0,0,0,0,1.9332161687170475
"Andre Drummond","PHI",12,274,2.1699819168173597,3.0520646319569122,0.5385996409335727,2.185792349726776,0.36429872495446264,0,0,0,0,0,0,0,0,0.17953321364452424,3.6429872495446265
"Cole Anthony","MIL",14,274,3.3707865168539324,3.9316239316239314,0.17094017094017094,0.17482517482517482,0.34965034965034963,0,0.6837606837606838,0,0,0,0,0,0,0,4.195804195804196
"Luguentz Dort","OKC",9,273,2.2603978300180834,1.7985611510791366,0,0.18181818181818182,0.36363636363636365,0,1.618705035971223,0.17985611510791366,0,0,0,0,0,0,3.8181818181818183
"Brandon Williams","DAL",13,272,1.8867924528301887,2.4054982817869415,0,0.17123287671232876,0,0,0.8591065292096219,0,0,0,0,0,0,0,8.047945205479452
"Josh Okogie","HOU",12,271,2.2747952684258417,2.1314387211367674,0.17761989342806395,0.373134328358209,0,0,1.2433392539964476,0,0,0,0,0,0,0,4.664179104477612
"Egor Dëmin","BKN",13,269,1.9963702359346642,2.8828828828828827,0,0.18281535648994515,0,0,0.18018018018018017,0.18018018018018017,0,0,0,0,0,0.5405405405405406,2.376599634369287
"Isaiah Jackson","IND",14,268,4.049295774647887,4.18848167539267,0.6980802792321117,1.9538188277087034,1.0657193605683837,0.17761989342806395,0,0,0,0,0,0,0,0,5.328596802841918
"Buddy Hield","GSW",16,267,1.6695957820738137,0.8771929824561403,0.17543859649122806,0,0.176056338028169,0,0,0,0,0,0,0,0,0,1.056338028169014
"Malik Monk","SAC",11,267,1.6564952048823016,2.4390243902439024,0,0,0,0,0.6968641114982579,0.17421602787456447,0,0,0,0,0,0,3.8394415357766145
"Miles McBride","NYK",11,267,1.5301530153015301,1.6157989228007181,0.5385996409335727,0,0,0,0.17953321364452424,0,0,0,0,0,0,0,1.8050541516245486
"Simone Fontecchio","MIA",14,266,2.8253424657534247,3.4305317324185247,0.34305317324185247,0.17094017094017094,0.17094017094017094,0.17094017094017094,0,0,0,0,0,0,0,0,2.051282051282051
"Jaylin Williams","OKC",14,266,2.0720720720720722,1.9963702359346642,0.3629764065335753,0.5366726296958855,0.5366726296958855,0,0,0.7259528130671506,0,0,0,0,0,0,2.146690518783542
"Dillon Brooks","PHX",9,265,2.862254025044723,1.7730496453900708,0.5319148936170213,0.18050541516245489,0.9025270758122743,0,0.5319148936170213,0,0,0,0,0,0,0,4.873646209386282
"Keon Ellis","SAC",14,262,2.9490616621983916,3.9285714285714284,0.35714285714285715,0.17889087656529518,0.17889087656529518,0,0.8928571428571429,0,0,0,0,0,0,0,2.146690518783542
"Craig Porter Jr.","CLE",15,259,1.3711151736745886,1.639344262295082,0,0.1834862385321101,0,0,0.36429872495446264,0,0,0,0,0,0,0,2.5688073394495414
"Isaiah Joe","OKC",10,258,1.6483516483516483,1.465201465201465,0,0.18315018315018314,0,0,1.465201465201465,0.3663003663003663,0,0,0,0,0,0,4.761904761904762
"Kyle Filipowski","UTA",13,258,3.339517625231911,3.142329020332717,0.7393715341959335,0.37243947858473,0.5586592178770949,0,0,0.36968576709796674,0,0,0,0,0,0.18484288354898337,3.910614525139665
"Jose Alvarado","NOP",13,258,1.9848771266540643,2.059925093632959,0,0.3816793893129771,0,0,0.9363295880149812,0,0,0,0,0,0,0,4.00763358778626
"Jarred Vanderbilt","LAL",14,257,2.5210084033613445,2.2304832713754648,0.5576208178438662,0.7504690431519699,0.5628517823639775,0.18761726078799248,0.18587360594795538,0,0,0,0,0,0,0,3.189493433395872
"Tari Eason","HOU",11,255,1.6775396085740912,1.651376146788991,0,0,0,0.1893939393939394,0,0,0,0,0,0,0,0,0.946969696969697
"LaMelo Ball","CHA",8,255,2.374429223744292,2.394106813996317,0,0.5434782608695652,0.36231884057971014,0.18115942028985507,0.9208103130755064,0,0,0,0,0,0,0,6.521739130434782
"Jakob Poeltl","TOR",10,254,3.3488372093023258,3.903345724907063,0.37174721189591076,1.48975791433892,0.5586592178770949,0.186219739292365,0,0,0,0,0,0,0,0,4.655493482309125
"Jamal Shead","TOR",14,253,2.707749766573296,2.793296089385475,0.37243947858473,0.18726591760299627,0.18726591760299627,0,2.0484171322160147,0.186219739292365,0,0,0,0,0,0,4.868913857677903
"Mouhamed Gueye","ATL",15,253,2.827521206409048,2.443609022556391,0.5639097744360902,0.1890359168241966,0,0,0,0,0,0,0,0,0,0,1.890359168241966
"Jalen Suggs","ORL",11,253,3.6044362292051755,3.8817005545286505,0.5545286506469501,0.18484288354898337,0.18484288354898337,0.5545286506469501,0.9242144177449169,0.36968576709796674,0,0,0,0,0,0,5.175600739371534
"Will Richard","GSW",14,252,2.859778597785978,3.5185185185185186,0.37037037037037035,0.5514705882352942,0,0,0.18518518518518517,0.18518518518518517,0,0,0,0,0,0,3.125
"Nicolas Batum","LAC",14,250,2.8084252758274824,2.2222222222222223,0.20202020202020202,0.199203187250996,0.199203187250996,0,0,0,0,0,0,0,0,0,0.5976095617529881
"Dalton Knecht","LAL",14,249,1.8286814244465832,2.2988505747126435,0,0,0.38684719535783363,0,0,0,0,0,0,0,0,0,1.1605415860735009
"Goga Bitadze","ORL",15,249,2.9013539651837523,3.6538461538461537,1.1538461538461537,0.5836575875486382,0.19455252918287938,0,0,0,0,0,0,0,0,0,3.8910505836575875
"Aaron Wiggins","OKC",9,248,1.9342359767891684,2.5242718446601944,0,0,0.1926782273603083,0,0,0,0,0,0,0,0,0,1.1560693641618498
"Khris Middleton","WAS",10,248,3.142857142857143,3.041825095057034,0.19011406844106463,0.19083969465648856,0.7633587786259542,0,0.38022813688212925,0.19011406844106463,0,0,0,0,0,0,3.053435114503817
"Corey Kispert","WAS",13,247,1.5755329008341057,2.0484171322160147,0,0,0.18450184501845018,0,0.186219739292365,0,0,0,0,0,0,0,2.7675276752767526
"Vít Krejčí","ATL",11,247,2.75049115913556,2.1442495126705654,0.1949317738791423,0.19801980198019803,0.19801980198019803,0,0.3898635477582846,0,0,0,0,0,0,0,1.5841584158415842
"Al Horford","GSW",11,243,1.762977473065622,2.1442495126705654,0.1949317738791423,0.1968503937007874,0.984251968503937,0,0,0,0,0,0,0,0,0,0.984251968503937
"Bam Adebayo","MIA",8,243,1.2218045112781954,0.7504690431519699,0.18761726078799248,0.7532956685499058,0,0,0.18761726078799248,0.18761726078799248,0,0,0,0,0,0,6.5913370998116765
"Steven Adams","HOU",11,239,2.4665981500513876,1.4462809917355373,1.2396694214876034,1.4314928425357873,0.8179959100204499,0,0,0,0,0,0,0,0,0.2066115702479339,4.08997955010225
"Oso Ighodaro","PHX",15,236,3.810504634397528,3.8539553752535496,0.4056795131845842,0,0.8368200836820083,0.41841004184100417,0.2028397565922921,0,0,0,0,0,0,0.2028397565922921,3.9748953974895396
"Gradey Dick","TOR",14,234,1.1904761904761905,1.1952191235059761,0.398406374501992,0.3952569169960474,0,0,0,0.199203187250996,0,0,0,0,0,0,3.7549407114624507
"Jordan Clarkson","NYK",13,233,2.7892561983471076,2.6804123711340204,0.6185567010309279,0,0.4140786749482402,0,0.41237113402061853,0,0,0,0,0,0,0,2.898550724637681
"Kristaps Porziņģis","ATL",9,232,2.7663934426229506,2.658486707566462,0.40899795501022496,0.4106776180698152,0.4106776180698152,0.2053388090349076,0,0,0,0,0,0,0,0,8.829568788501026
"Sandro Mamukelashvili","TOR",13,232,2.293120638085743,2.589641434262948,0.199203187250996,0.1996007984031936,0.3992015968063872,0,0,0,0,0,0,0,0,0,2.9940119760479043
"Dru Smith","MIA",14,232,2.4390243902439024,2.529182879377432,0,0.3913894324853229,0,0,0.38910505836575876,0.38910505836575876,0,0,0,0,0,0,2.544031311154599
"Quinten Post","GSW",16,227,1.8722466960352422,1.9736842105263157,0.43859649122807015,0.22123893805309736,0.22123893805309736,0,0.21929824561403508,0,0,0,0,0,0,0,1.5486725663716814
"Cam Thomas","BKN",8,226,1.6198704103671706,1.5184381778741864,0,0,0,0.21505376344086022,0.6507592190889371,0,0,0,0,0,0,0,9.67741935483871
"Keaton Wallace","ATL",14,222,2.1715526601520088,2.3605150214592276,0,0,0.21978021978021978,0,0.2145922746781116,0,0,0,0,0,0,0,1.7582417582417582
"Cam Whitmore","WAS",13,221,1.7763845350052248,1.6632016632016633,0.8316008316008316,0,0.21008403361344538,0,0,0,0,0,0,0,0,0,2.73109243697479
"Collin Murray-Boyles","TOR",11,220,3,3.303964757709251,0.22026431718061673,0.2242152466367713,0.2242152466367713,0,0,0,0,0,0,0,0,0,2.4663677130044843
"Daniss Jenkins","DET",10,219,1.7241379310344827,1.935483870967742,0,0,0.2159827213822894,0,0.43010752688172044,0,0,0,0,0,0,0,3.8876889848812093
"Trendon Watford","PHI",10,213,3.125,3.5714285714285716,0,0.6696428571428571,0.6696428571428571,0.22321428571428573,0.6696428571428571,0,0,0,0,0,0,0,5.133928571428571
"Brook Lopez","LAC",14,213,2.8135990621336457,2.7842227378190256,0.46403712296983757,0.23696682464454977,1.4218009478672986,0,0,0,0,0,0,0,0,0.23201856148491878,4.028436018957346
"Jordan Poole","NOP",7,212,2.027027027027027,1.1286681715575622,0.22573363431151242,0.449438202247191,0,0,1.1286681715575622,0.22573363431151242,0,0,0,0,0,0,8.764044943820224
"Bogdan Bogdanović","LAC",8,209,2.573529411764706,2.93398533007335,0.7334963325183375,0.7371007371007371,0,0,0,0,0,0,0,0,0,0,3.6855036855036856
"Jalen Smith","CHI",13,208,3.013392857142857,3.7610619469026547,0,0.9009009009009009,0.45045045045045046,0,0.6637168141592921,0.22123893805309736,0,0,0,0,0,0,4.72972972972973
"Daniel Gafford","DAL",9,207,2.9342723004694835,4.491725768321513,0,0.9324009324009324,0,0,0,0,0,0,0,0,0,0,6.0606060606060606
"Day'Ron Sharpe","BKN",13,206,3.823178016726404,3.349282296650718,0.9569377990430622,1.431980906921241,1.1933174224343674,0.2386634844868735,0.23923444976076555,0,0,0,0,0,0,0,5.966587112171838
"Jordan Goodwin","PHX",12,205,2.347417840375587,1.3921113689095128,0.46403712296983757,0,0.2375296912114014,0.2375296912114014,0,0,0,0,0,0,0,0,1.4251781472684086
"Luka Garza","BOS",14,205,5.269461077844311,6.175771971496437,1.9002375296912113,1.2077294685990339,0.7246376811594203,0,0.4750593824228028,0.2375296912114014,0,0,0,0,0,0,5.555555555555555
"Drew Eubanks","SAC",14,205,2.2041763341067284,2.314814814814815,0,0.9302325581395349,0.6976744186046512,0,0,0,0,0,0,0,0,0,5.348837209302325
"De'Aaron Fox","SAS",6,204,1.8561484918793503,1.6091954022988506,0,0.234192037470726,0.234192037470726,0,0.45977011494252873,0.22988505747126436,0,0,0,0,0,0,4.4496487119437935
"Tony Bradley","IND",14,204,4.285714285714286,4.028436018957346,1.4218009478672986,0.9569377990430622,0.9569377990430622,0,0.23696682464454977,0,0,0,0,0,0,0,3.827751196172249
"Vince Williams Jr.","MEM",10,203,2.4676850763807288,1.4018691588785046,0.2336448598130841,0,0.7092198581560284,0,0.4672897196261682,0.2336448598130841,0,0,0,0,0,0,3.309692671394799
"Jay Huff","IND",14,202,3.2110091743119265,3.8901601830663615,0.9153318077803204,1.1494252873563218,0.22988505747126436,0.45977011494252873,0.2288329519450801,0,0,0,0,0,0,0,2.9885057471264367
"Kawhi Leonard","LAC",6,201,0.8588957055214724,0.49019607843137253,0.24509803921568626,0.2457002457002457,0,0,0,0,0,0,0,0,0,0,5.15970515970516
"Jaxson Hayes","LAL",12,200,2.176541717049577,2.8846153846153846,0.7211538461538461,0.7299270072992701,0.48661800486618007,0,0.7211538461538461,0,0,0,0,0,0,0,6.569343065693431
"Andrew Nembhard","IND",7,200,2.026221692491061,1.6786570743405276,0,0,0.47393364928909953,0,0,0.23980815347721823,0,0,0,0,0,0,6.161137440758294
"Caris LeVert","DET",10,198,1.4167650531286895,2.1176470588235294,0,0.23696682464454977,0,0,0,0,0,0,0,0,0,0,3.3175355450236967
"Jaylen Clark","MIN",12,197,3.4313725490196076,2.6634382566585955,0.24213075060532688,0.49627791563275436,0.24813895781637718,0,0.48426150121065376,0,0,0,0,0,0,0,2.729528535980149
"Jordan Hawkins","NOP",13,194,1.0309278350515463,1.5424164524421593,0,0,0,0,0,0.2570694087403599,0,0,0,0,0,0,1.8087855297157622
"Tobias Harris","DET",6,193,2.1712907117008444,2.6315789473684212,0,0.24330900243309003,0.24330900243309003,0,0,0,0,0,0,0,0,0,3.1630170316301705
"Tyus Jones","ORL",15,193,1.1464968152866242,1.288659793814433,0.25773195876288657,0.2518891687657431,0,0,0.5154639175257731,0,0,0,0,0,0,0,1.0075566750629723
"Nique Clifford","SAC",10,192,2.738095238095238,3.8095238095238093,0,0,0,0,0,0.47619047619047616,0,0,0,0,0,0,1.6666666666666667
"Brice Sensabaugh","UTA",13,191,2.754491017964072,3.32541567695962,0.2375296912114014,0,0.24154589371980675,0,0,0.2375296912114014,0,0,0,0,0,0,3.140096618357488
"Marvin Bagley III","WAS",13,190,3.2142857142857144,4.534606205250597,0.477326968973747,0.4750593824228028,0.4750593824228028,0,0.2386634844868735,0.2386634844868735,0,0,0,0,0,0,3.8004750593824226
"Jeremiah Robinson-Earl","IND",9,187,1.2755102040816326,1.2531328320802004,0.2506265664160401,0.2597402597402597,0,0,0.2506265664160401,0,0,0,0,0,0,0,2.857142857142857
"Jalen Wilson","BKN",12,185,2.1828103683492497,2.1739130434782608,0.8152173913043478,0,0,0,0.5434782608695652,0,0,0,0,0,0,0,3.287671232876712
"Jordan Walsh","BOS",11,184,3.611111111111111,4.087193460490464,0.2724795640326976,0.28328611898017,0,0,0.5449591280653951,0,0,0,0,0,0,0,1.4164305949008498
"Alex Caruso","OKC",10,183,0.9234828496042217,0.7894736842105263,0.2631578947368421,0.26455026455026454,0,0,1.0526315789473684,0.2631578947368421,0,0,0,0,0,0,2.6455026455026456
"Larry Nance Jr.","CLE",12,181,4.503311258278146,4.485488126649076,0.7915567282321899,0,0.7978723404255319,0,0.7915567282321899,0,0,0,0,0,0,0,1.8617021276595744
"Walter Clayton Jr.","UTA",11,178,2.6041666666666665,2.842377260981912,0.25839793281653745,0,0.26246719160104987,0,0.25839793281653745,0,0,0,0,0,0,0,3.4120734908136483
"Adem Bona","PHI",12,177,2.406417112299465,2.1108179419525066,1.3192612137203166,0.8130081300813008,0.5420054200542005,0,0.2638522427440633,0,0,0,0,0,0,0,3.5230352303523036
"Yves Missi","NOP",9,175,1.9257221458046767,1.6483516483516483,0.5494505494505495,0.27548209366391185,0.5509641873278237,0,0.27472527472527475,0,0,0,0,0,0,0,4.132231404958677
"Taurean Prince","MIL",8,169,2.8846153846153846,2.185792349726776,0.546448087431694,0.27624309392265195,0,0,0.273224043715847,0,0,0,0,0,0,0,1.1049723756906078
"Paul Reed","DET",13,163,3.404255319148936,3.0985915492957745,1.408450704225352,0.2857142857142857,1.1428571428571428,0.2857142857142857,0.28169014084507044,0,0,0,0,0,0,0,3.4285714285714284
"Luke Kornet","SAS",7,163,1.908957415565345,2.3323615160349855,0.5830903790087464,0.8875739644970414,0.2958579881656805,0,0.5830903790087464,0,0,0,0,0,0,0.5830903790087464,5.325443786982248
"RayJ Dennis","IND",11,161,2.3154848046309695,2.8901734104046244,0.28901734104046245,0.2898550724637681,0,0,0.28901734104046245,0,0,0,0,0,0,0,2.318840579710145
"Jabari Walker","PHI",13,158,3.400309119010819,3.6809815950920246,1.2269938650306749,0.9345794392523364,0,0,0,0.6134969325153374,0,0,0,0,0,0.3067484662576687,3.115264797507788
"Zion Williamson","NOP",5,157,1.82648401826484,2.719033232628399,0,0.3067484662576687,0,0.6134969325153374,0,0,0,0,0,0,0,0,11.349693251533742
"Nick Richards","PHX",15,156,3.6163522012578615,3.1446540880503147,1.5723270440251573,0.9433962264150944,0.6289308176100629,0,0,0,0,0,0,0,0,0,6.289308176100629
"Jonas Valančiūnas","DEN",13,155,4.220779220779221,4.53074433656958,0.32362459546925565,0.9771986970684039,1.6286644951140066,0,0,0,0,0,0,0,0,0.6472491909385113,9.446254071661238
"Justin Edwards","PHI",11,154,3.3950617283950617,2.147239263803681,0.3067484662576687,0,0.3105590062111801,0,0.3067484662576687,0,0,0,0,0,0,0,0.9316770186335404
"Walker Kessler","UTA",5,154,3.5541195476575123,2.26537216828479,1.6181229773462784,0,1.6129032258064515,0,0,0,0,0,0,0,0,0,3.870967741935484
"Isaiah Collier","UTA",6,152,2.857142857142857,3.0211480362537766,0,0,0.5988023952095808,0.5988023952095808,0.3021148036253776,0,0,0,0,0,0,0,4.790419161676646
"John Konchar","MEM",13,151,1.557632398753894,2.1875,0,0,0,0,0,0,0,0,0,0,0,0,0.3105590062111801
"Anthony Davis","DAL",5,149,2.0602218700475436,2.5157232704402515,0.31446540880503143,1.597444089456869,0.3194888178913738,0,0,0.31446540880503143,0,0,0,0,0,0.31446540880503143,9.26517571884984
"Drake Powell","BKN",8,149,2.857142857142857,2.6936026936026938,0.3367003367003367,0.6711409395973155,0.33557046979865773,0,0,0,0,0,0,0,0,0,1.342281879194631
"Taylor Hendricks","UTA",9,148,0.6289308176100629,0.6309148264984227,0,0,0,0,0,0,0,0,0,0,0,0,1.567398119122257
"Gary Payton II","GSW",15,148,2.848101265822785,2.7522935779816513,1.2232415902140672,0.32786885245901637,0.32786885245901637,0.32786885245901637,0,0,0,0,0,0,0,0,0.32786885245901637
"Tyrese Proctor","CLE",12,142,3.4188034188034186,1.0067114093959733,0.6711409395973155,0.34843205574912894,0.34843205574912894,0.34843205574912894,0.33557046979865773,0.33557046979865773,0,0,0,0,0,0,2.7874564459930316
"Dylan Harper","SAS",6,140,3.2085561497326203,3.1914893617021276,0.3546099290780142,0.35842293906810035,0,0,0,0,0,0,0,0,0,0,4.301075268817204
"Joel Embiid","PHI",6,140,2.2530329289428077,1.7421602787456445,0.6968641114982579,0.3448275862068966,1.0344827586206897,0.3448275862068966,0,0,0,0,0,0,0,0,10
"Trae Young","ATL",5,139,1.468189233278956,1.6339869281045751,0,0,0,0,1.6339869281045751,0,0,0,0,0,0,0,11.726384364820847
"Karlo Matković","NOP",12,137,2.4734982332155475,3.1578947368421053,0.3508771929824561,0.35587188612099646,0.35587188612099646,0,0,0.3508771929824561,0,0,0,0,0,0,2.8469750889679717
"Hugo González","BOS",11,136,3.676470588235294,3.597122302158273,0.3597122302158273,0.7518796992481203,0.37593984962406013,0,0.7194244604316546,0.3597122302158273,0,0,0,0,0,0,3.3834586466165413
"Rob Dillingham","MIN",12,136,2.413793103448276,3.4364261168384878,0.3436426116838488,0,0,0,0,0,0,0,0,0,0,0,2.422145328719723
"Ousmane Dieng","OKC",12,135,1.8018018018018018,2.097902097902098,0.34965034965034963,0,0.37174721189591076,0,0,0,0,0,0,0,0,0,0.7434944237918215
"Moussa Cisse","DAL",11,133,4.181184668989547,4.810996563573883,1.0309278350515463,2.1201413427561837,1.0600706713780919,0,0,0,0,0,0,0,0,0,7.067137809187279
"Jonathan Isaac","ORL",14,133,1.8083182640144666,2.482269503546099,0,1.1070110701107012,0,0,0.3546099290780142,0,0,0,0,0,0,0,4.428044280442805
"Jeremy Sochan","SAS",8,132,4.166666666666667,3.5587188612099645,0.35587188612099646,0.36900369003690037,0.36900369003690037,0.36900369003690037,0.7117437722419929,0,0,0,0,0,0,0,3.690036900369004
"Jaden Hardy","DAL",12,131,2.276707530647986,1.7543859649122806,0,0,0,0,0.3508771929824561,0,0,0,0,0,0,0,3.8461538461538463
"Caleb Martin","DAL",13,130,4.18848167539267,4.1522491349480966,1.0380622837370241,0,0.352112676056338,0,0,0,0,0,0,0,0,0,1.7605633802816902
"Amir Coffey","MIL",13,128,1.1342155009451795,1.1152416356877324,0,0,0,0,0.37174721189591076,0,0,0,0,0,0,0,1.1538461538461537
"Chaz Lanier","DET",11,128,0.5474452554744526,0,0.36496350364963503,0,0,0,0,0,0,0,0,0,0,0,1.094890510948905
"Ochai Agbaji","TOR",9,125,2.97951582867784,2.973977695167286,0,0.373134328358209,0,0,0.7434944237918215,0,0,0,0,0,0,0,2.611940298507463
"Ja'Kobe Walter","TOR",11,123,3.937007874015748,3.8910505836575875,1.1673151750972763,0,0.398406374501992,0,0.38910505836575876,0,0,0,0,0,0,0,2.3904382470119523
"Bilal Coulibaly","WAS",5,123,2.1235521235521237,2.3076923076923075,0,0,0,0.3875968992248062,0.38461538461538464,0,0,0,0,0,0,0,3.875968992248062
"Bradley Beal","LAC",6,121,2.880658436213992,2.880658436213992,0.411522633744856,0.411522633744856,0.411522633744856,0,0.823045267489712,0,0,0,0,0,0,0,4.526748971193416
"Micah Peavy","NOP",10,118,3.0303030303030303,3.585657370517928,0.398406374501992,0.4098360655737705,0,0,0,0,0,0,0,0,0,0,0.4098360655737705
"Cody Williams","UTA",9,118,2.676864244741874,2.2900763358778624,0,0,0,0,0.3816793893129771,0,0,0,0,0,0,0,1.5325670498084292
"Precious Achiuwa","SAC",7,118,1.3916500994035785,1.1952191235059761,0.796812749003984,0.7936507936507936,0,0.3968253968253968,0.796812749003984,0,0,0,0,0,0,0,5.158730158730159
"Sidy Cissoko","POR",9,117,3.629032258064516,3.629032258064516,0,0.4032258064516129,0,0,1.6129032258064515,0.4032258064516129,0,0,0,0,0,0.4032258064516129,4.838709677419355
"Guerschon Yabusele","NYK",12,116,2.6639344262295084,4.065040650406504,0,0.8264462809917356,0.4132231404958678,0,0,0,0,0,0,0,0,0.4065040650406504,2.479338842975207
"Mitchell Robinson","NYK",7,116,4.112554112554113,5.172413793103448,0,0.8695652173913043,0.8695652173913043,0,0,0,0,0,0,0,0,0,2.608695652173913
"Terrence Shannon Jr.","MIN",7,115,2.268041237113402,2.032520325203252,1.2195121951219512,0.41841004184100417,0,0,0.8130081300813008,0.4065040650406504,0,0,0,0,0,0,4.602510460251046
"Dwight Powell","DAL",12,114,4.921259842519685,6.299212598425197,0.3937007874015748,1.968503937007874,0.3937007874015748,0,0,0.3937007874015748,0,0,0,0,0,0.3937007874015748,6.299212598425197
"Chris Paul","LAC",9,114,3.289473684210526,2.1645021645021645,1.7316017316017316,0,0,0,0,0,0,0,0,0,0,0,1.7777777777777777
"Baylor Scheierman","BOS",11,113,2.2675736961451247,1.3636363636363635,1.3636363636363635,0.45248868778280543,0,0,1.8181818181818181,0,0,0,0,0,0,0,3.167420814479638
"Kevin Love","UTA",8,112,2.1459227467811157,2.1459227467811157,0.4291845493562232,1.2875536480686696,0.4291845493562232,0,0.4291845493562232,0,0,0,0,0,0,0,4.291845493562231
"Liam McNeeley","CHA",9,112,2.9166666666666665,2.4489795918367347,0.40816326530612246,0.425531914893617,0.425531914893617,0,0,0,0,0,0,0,0,0,4.680851063829787
"Bronny James","LAL",10,111,2.608695652173913,2.575107296137339,0.8583690987124464,0.44052863436123346,0,0,0,0,0,0,0,0,0,0,0.8810572687224669
"Bones Hyland","MIN",12,108,2.765957446808511,2.074688796680498,0.4149377593360996,0,0.4366812227074236,0.4366812227074236,0,0,0,0,0,0,0,0,1.7467248908296944
"Clint Capela","HOU",11,108,2.5462962962962963,3.7037037037037037,0.46296296296296297,0.46296296296296297,0.46296296296296297,0,0,0,0,0,0,0,0,0.46296296296296297,3.240740740740741
"Robert Williams III","POR",9,108,1.7699115044247788,2.192982456140351,0,0.44642857142857145,0.44642857142857145,0,0,0,0,0,0,0,0,0,0.8928571428571429
"Isaiah Livers","PHX",9,104,2.0316027088036117,3.125,0.44642857142857145,0,0,0,0,0,0,0,0,0,0,0,1.36986301369863
"Cam Christie","LAC",9,104,0.7518796992481203,1.4851485148514851,0,0.5076142131979695,0,0,0,0,0,0,0,0,0,0,4.568527918781726
"Brooks Barnhizer","OKC",13,103,2.380952380952381,3.7735849056603774,0,0,0,0,0,0,0,0,0,0,0,0,1.4423076923076923
"Justin Champagnie","WAS",12,101,2.8503562945368173,1.8691588785046729,0.9345794392523364,0,0,0,0,0,0,0,0,0,0,0,4.830917874396135
"Quenton Jackson","IND",5,101,2.2988505747126435,1.3824884792626728,0,0.9174311926605505,0,0,1.8433179723502304,0,0,0,0,0,0,0,8.715596330275229
"Dominick Barlow","PHI",4,100,2.450980392156863,2.9411764705882355,0.49019607843137253,0.49019607843137253,0.49019607843137253,0,0,0,0,0,0,0,0,0,4.411764705882353
"Kobe Sanders","LAC",6,100,3.4482758620689653,2.450980392156863,0.9803921568627451,0,0,0,0,0,0,0,0,0,0,0,2.4752475247524752
"Trayce Jackson-Davis","GSW",9,100,4.0476190476190474,5.607476635514018,0.9345794392523364,0,0.4854368932038835,0,0,0,0,0,0,0,0,0,3.3980582524271843
"Pat Spencer","GSW",9,99,1.9138755980861244,1.8604651162790697,0,0,0.49261083743842365,0,0.46511627906976744,0,0,0,0,0,0,0,3.4482758620689653
"Javon Small","MEM",8,99,1.627906976744186,0.9216589861751152,0,0,0,0,0,0,0,0,0,0,0,0,3.755868544600939
"Kevon Looney","NOP",7,99,3.4146341463414633,2.926829268292683,1.4634146341463414,0,0.4878048780487805,0,0,0,0,0,0,0,0,0,1.4634146341463414
"Bennedict Mathurin","IND",3,98,2.6699029126213594,2.4390243902439024,0.4878048780487805,0.4830917874396135,0.966183574879227,0,0,0,0,0,0,0,0,0,12.560386473429952
"Blake Wesley","POR",6,98,3.2110091743119265,2.7027027027027026,0,0.4672897196261682,0.4672897196261682,0,1.8018018018018018,0,0,0,0,0,0,0,6.074766355140187
"Nigel Hayes-Davis","PHX",12,97,2.4213075060532687,2.358490566037736,0,0,0.4975124378109453,0,0.4716981132075472,0,0,0,0,0,0,0,0.4975124378109453
"Ben Saraf","BKN",7,97,3.2581453634085213,4.975124378109452,0,0,0.5050505050505051,0,0.9950248756218906,0,0,0,0,0,0,0,3.0303030303030303
"Pat Connaughton","CHA",10,94,1.0309278350515463,1.5075376884422111,0,1.0582010582010581,0.5291005291005291,0,0.5025125628140703,0,0,0,0,0,0,0,4.761904761904762
"Nick Smith Jr.","LAL",6,90,1.0362694300518134,0.5128205128205128,0,0,0,0,0.5128205128205128,0,0,0,0,0,0,0,2.6178010471204187
"KJ Simpson","CHA",6,90,2.1739130434782608,2.150537634408602,0,0,0.5494505494505495,0,0.5376344086021505,0,0,0,0,0,0,0,4.395604395604396
"Taelon Peter","IND",10,90,1.278772378516624,2.525252525252525,0,0.5181347150259067,0,0,0.5050505050505051,0,0,0,0,0,0,0,1.5544041450777202
"Gabe Vincent","LAL",4,88,2.7247956403269753,3.8043478260869565,0,0.546448087431694,0.546448087431694,0,0.5434782608695652,0,0,0,0,0,0,0,2.185792349726776
"Branden Carlson","OKC",10,86,2.816901408450704,4.395604395604396,0,0.5780346820809249,0.5780346820809249,0,0,0,0,0,0,0,0,0,1.7341040462427746
"Julian Phillips","CHI",12,84,1.971830985915493,2.2099447513812156,0,0.5747126436781609,0,0,0,0,0,0,0,0,0,0,1.1494252873563218
"Jett Howard","ORL",10,84,1.4880952380952381,2.9411764705882355,0,0,0,0,0,0,0,0,0,0,0,0,0.6024096385542169
"Tidjane Salaün","CHA",7,83,2.2792022792022792,1.675977653631285,0.5586592178770949,0.5813953488372093,0,0,0,0,0,0,0,0,0,0,1.744186046511628
"Asa Newell","ATL",9,82,3.151862464183381,3.932584269662921,0.5617977528089888,1.1695906432748537,1.1695906432748537,0,0,0,0,0,0,0,0,0,3.508771929824561
"Obi Toppin","IND",3,82,2.028985507246377,2.9239766081871346,0,0,0.5747126436781609,0,0,0,0,0,0,0,0,0,2.8735632183908044
"Duop Reath","POR",10,81,2.292263610315186,3.4285714285714284,1.1428571428571428,0,0,0,0,0,0,0,0,0,0,0,0
"Dereck Lively II","DAL",5,80,4.335260115606936,4.597701149425287,1.7241379310344827,0.5813953488372093,1.744186046511628,0,0,0,0,0,0,0,0,0,2.9069767441860463
"Spencer Jones","DEN",9,78,3.488372093023256,4.4692737430167595,0,0.6060606060606061,0.6060606060606061,0,0,0,0,0,0,0,0,0,1.2121212121212122
"Caleb Love","POR",6,77,0.8450704225352113,1.1173184357541899,0,0,0,0,0,0,0,0,0,0,0,0,0
"Gui Santos","GSW",12,77,4.62962962962963,6.024096385542169,0.6024096385542169,0.6329113924050633,0.6329113924050633,0,0,0,0,0,0,0,0,0,2.5316455696202533
"Olivier-Maxence Prosper","MEM",9,76,1.1695906432748537,1.1299435028248588,0.5649717514124294,0.6060606060606061,0,0,0,0,0,0,0,0,0,0,6.0606060606060606
"Chris Boucher","BOS",7,76,4.9504950495049505,7.6923076923076925,0,1.3605442176870748,0.6802721088435374,0,0.6410256410256411,0,0,0,0,0,0,0,2.0408163265306123
"Nae'Qwan Tomlin","CLE",6,76,4.643962848297214,3.7037037037037037,1.2345679012345678,0.6211180124223602,0,0.6211180124223602,0.6172839506172839,0,0,0,0,0,0,0,5.590062111801243
"Gary Harris","MIL",8,76,1.9607843137254901,3.821656050955414,0,0,0,0,0,0,0,0,0,0,0,0,0
"Maxime Raynaud","SAC",6,74,1.8018018018018018,2.395209580838323,0,0.6024096385542169,0,0,0,0,0,0,0,0,0,0,4.819277108433735
"Jordan McLaughlin","SAS",8,74,2.236421725239617,3.2051282051282053,0,0,0,0,0.6410256410256411,0,0,0,0,0,0,0,1.910828025477707
"Darius Garland","CLE",3,73,1.9047619047619047,1.910828025477707,0.6369426751592356,0,0,0,0.6369426751592356,0,0,0,0,0,0,0,5.063291139240507
"Jamison Battle","TOR",10,73,1.6129032258064515,1.2903225806451613,0,0,0,0,0,0,0,0,0,0,0,0,0.6451612903225806
"Jericho Sims","MIL",10,73,1.9736842105263157,1.2738853503184713,0.6369426751592356,2.0408163265306123,1.3605442176870748,0,0,0,0,0,0,0,0,0,2.7210884353741496
"Julian Strawther","DEN",9,71,1.9736842105263157,2.5806451612903225,0,0,0,0,0,0,0,0,0,0,0,0,6.040268456375839
"Kyle Anderson","UTA",4,69,2.8268551236749118,2.857142857142857,0.7142857142857143,0,1.3986013986013985,0,0.7142857142857143,0,0,0,0,0,0,0,5.594405594405594
"Tyler Kolek","NYK",10,67,3.3834586466165413,2.9197080291970803,0,0,0,0,0.7299270072992701,0,0,0,0,0,0,0,3.875968992248062
"Chris Youngblood","OKC",13,66,4.119850187265918,5.970149253731344,0.746268656716418,0,0,0,0,0,0,0,0,0,0,0,3.7593984962406015
"Elijah Harkless","UTA",7,66,3.597122302158273,2.857142857142857,0.7142857142857143,1.4492753623188406,0,0.7246376811594203,2.857142857142857,0,0,0,0,0,0,0,6.521739130434782
"Xavier Tillman","BOS",8,65,2.7450980392156863,5.384615384615385,0,0,0,0,0.7692307692307693,0,0,0,0,0,0,0.7692307692307693,1.6
"Monté Morris","IND",6,65,1.0676156583629892,0.6993006993006993,0.6993006993006993,0,0,0,0,0,0,0,0,0,0,0,2.1739130434782608
"Devin Carter","SAC",8,65,2.7681660899653977,2.0833333333333335,0.6944444444444444,0,0,0.6896551724137931,1.3888888888888888,0,0,0,0,0,0,0,5.517241379310345
"Will Riley","WAS",9,64,0.7490636704119851,0,0,0,0,0,0,0,0,0,0,0,0,0,2.2900763358778624
"Carter Bryant","SAS",9,62,1.953125,0,0,0,0,0,0,0,0,0,0,0,0,0,1.6
"Thomas Bryant","CLE",9,61,2.380952380952381,3.125,0,0,0,0,0.78125,0,0,0,0,0,0,0,4.032258064516129
"Kobe Brown","LAC",7,60,0.8849557522123894,0.8695652173913043,0,0,0,0,0,0,0,0,0,0,0,0,3.6036036036036037
"Dalen Terry","CHI",8,59,2.2813688212927756,2.985074626865672,0,0.7751937984496124,0,0,0,0,0,0,0,0,0,0,2.3255813953488373
"Tristan Vukcevic","WAS",10,59,2.3715415019762847,3.125,0,1.6,0,0,0,0.78125,0,0,0,0,0,0,6.4
"Aaron Holiday","HOU",7,58,2.109704641350211,3.278688524590164,0,0,0.8695652173913043,0,0.819672131147541,0,0,0,0,0,0,0,5.217391304347826
"T.J. McConnell","IND",4,58,2.0161290322580645,3.225806451612903,0.8064516129032258,0,0,0,2.4193548387096775,0,0,0,0,0,0,0,3.225806451612903
"Ariel Hukporti","NYK",8,56,3.673469387755102,1.5873015873015872,0.7936507936507936,0.8403361344537815,2.5210084033613445,0,0,0,0,0,0,0,0,0,0.8403361344537815
"Jevon Carter","CHI",4,56,1.25,1.6528925619834711,0,0,0,0,0,0,0,0,0,0,0,0,0.8403361344537815
"Kelly Olynyk","SAS",5,56,3.9647577092511015,2.6315789473684212,0.8771929824561403,0,0,0,0,0,0,0,0,0,0,0,3.5398230088495577
"Cody Martin","IND",4,55,2.1186440677966103,3.278688524590164,0,0.8771929824561403,0,0,0.819672131147541,0,0,0,0,0,0,0,4.385964912280702
"Bobi Klintman","DET",6,53,3.9130434782608696,4.273504273504273,1.7094017094017093,1.7699115044247788,0,0,0,0.8547008547008547,0,0,0,0,0,0,4.424778761061947
"Jalen Pickett","DEN",7,53,1.293103448275862,1.694915254237288,0.847457627118644,0,0,0,0,0,0,0,0,0,0,0,1.7543859649122806
"Maxi Kleber","LAL",4,50,2.955665024630542,4.9504950495049505,0,0,0,0,0,0,0,0,0,0,0,0,1.9607843137254901
"Zach Edey","MEM",2,50,3.2863849765258215,1.8867924528301887,1.8867924528301887,1.8691588785046729,1.8691588785046729,0,0,0,0,0,0,0,0,0,8.411214953271028
"Jordan Miller","LAC",3,49,1.0638297872340425,1.0526315789473684,0,0,1.075268817204301,0,0,0,0,0,0,0,0,0,5.376344086021505
"Matisse Thybulle","POR",4,49,3.1531531531531534,1.8018018018018018,0.9009009009009009,0.9009009009009009,0,0,0,0.9009009009009009,0,0,0,0,0,0,4.504504504504505
"Rayan Rupert","POR",8,49,3.864734299516908,1.9230769230769231,0.9615384615384616,0,0,0,0.9615384615384616,0,0,0,0,0,0,0.9615384615384616,3.883495145631068
"Luke Travers","CLE",6,47,0.9523809523809523,0.9259259259259259,0,0,0.9803921568627451,0,0,0,0,0,0,0,0,0,2.9411764705882355
"Noah Penda","ORL",7,47,3.061224489795918,4.901960784313726,0,0,0,0,0.9803921568627451,0,0,0,0,0,0,0,3.1914893617021276
"Bismack Biyombo","SAS",6,46,4.918032786885246,5.319148936170213,1.0638297872340425,0,2.247191011235955,0,0,0,0,0,0,0,0,0,1.1235955056179776
"Lindy Waters III","SAS",6,46,2.1739130434782608,3.260869565217391,0,0,0,0,0,0,0,0,0,0,0,0,1.0869565217391304
"Rasheer Fleming","PHX",8,46,2.4038461538461537,2.7777777777777777,0,0,0,0,0,0,0,0,0,0,0,0,2
"Ryan Nembhard","DAL",5,45,1.530612244897959,2.0408163265306123,0,0,1.0204081632653061,0,1.0204081632653061,0,0,0,0,0,0,0,3.061224489795918
"Wendell Moore Jr.","DET",3,43,0.5747126436781609,0,0,0,0,0,1.1494252873563218,0,0,0,0,0,0,0,2.2988505747126435
"Bryce McGowens","NOP",6,43,2.1164021164021163,1.0526315789473684,0,0,1.0638297872340425,0,1.0526315789473684,0,0,0,0,0,0,0,7.446808510638298
"Yang Hansen","POR",6,42,2.1052631578947367,2.0833333333333335,2.0833333333333335,0,0,0,1.0416666666666667,0,0,0,0,0,0,1.0416666666666667,8.51063829787234
"Brandon Miller","CHA",2,40,2.9411764705882355,2.3529411764705883,1.1764705882352942,0,1.1764705882352942,0,0,0,0,0,0,0,0,0,7.0588235294117645
"Jae'Sean Tate","HOU",7,39,3.7037037037037037,2.3255813953488373,0,0,1.3157894736842106,0,0,0,0,0,0,0,0,0,0
"AJ Johnson","WAS",8,38,1.9607843137254901,3.896103896103896,0,0,0,0,0,0,0,0,0,0,0,0,3.9473684210526314
"Joan Beringer","MIN",9,37,5,5.319148936170213,1.0638297872340425,0,1.1627906976744187,0,0,0,0,0,0,0,0,0,3.488372093023256
"Leonard Miller","MIN",8,37,3.35195530726257,3.260869565217391,1.0869565217391304,0,0,1.1494252873563218,1.0869565217391304,0,0,0,0,0,0,0,4.597701149425287
"Johnny Furphy","IND",3,37,2.5316455696202533,1.2820512820512822,0,0,0,0,1.2820512820512822,0,0,0,0,0,0,0,1.25
"Jared McCain","PHI",4,36,2.898550724637681,1.4285714285714286,0,0,1.4705882352941178,0,0,0,0,0,0,0,0,0,1.4705882352941178
"Caleb Houstan","ATL",6,35,3.3112582781456954,3.7974683544303796,0,0,1.3888888888888888,0,0,0,0,0,0,0,0,0,1.3888888888888888
"Nolan Traore","BKN",4,35,3.3333333333333335,2.6666666666666665,0,0,0,0,0,0,0,0,0,0,0,1.3333333333333333,1.3333333333333333
"Jonathan Mogbo","TOR",7,35,2.5641025641025643,1.2658227848101267,1.2658227848101267,0,0,0,0,0,0,0,0,0,0,1.2658227848101267,0
"Khaman Maluach","PHX",7,35,4.9079754601226995,3.5294117647058822,0,1.2820512820512822,2.5641025641025643,0,0,0,0,0,0,0,0,0,7.6923076923076925
"Malaki Branham","WAS",5,34,1.4705882352941178,1.4285714285714286,0,0,0,0,0,0,0,0,0,0,0,0,6.0606060606060606
"Mac McClung","IND",3,34,4.081632653061225,4.054054054054054,0,0,0,0,0,0,0,0,0,0,0,0,4.109589041095891
"Dylan Cardwell","SAC",3,33,7.352941176470588,7.352941176470588,1.4705882352941178,2.9411764705882355,0,0,0,0,0,0,0,0,0,1.4705882352941178,2.9411764705882355
"Charles Bassey","MEM",2,31,3.7593984962406015,6.0606060606060606,0,0,1.492537313432836,0,0,0,0,0,0,0,0,0,2.985074626865672
"Coby White","CHI",1,30,2.34375,1.5625,0,1.5625,0,0,0,0,0,0,0,0,0,0,15.625
"Mason Plumlee","CHA",6,30,0.7633587786259542,1.4705882352941178,0,1.5873015873015872,0,0,0,1.4705882352941178,0,0,0,0,0,1.4705882352941178,6.349206349206349
"Jalen Green","PHX",2,30,1.6260162601626016,3.278688524590164,0,0,0,0,0,0,0,0,0,0,0,0,6.451612903225806
"Jase Richardson","ORL",7,30,0.7936507936507936,1.5384615384615385,0,0,0,0,1.5384615384615385,0,0,0,0,0,0,0,6.557377049180328
"LeBron James","LAL",1,30,0,0,0,0,0,0,0,0,0,0,0,0,0,0,4.761904761904762
"GG Jackson","MEM",6,28,2.272727272727273,2.9411764705882355,0,0,0,0,0,0,0,0,0,0,0,0,6.25
"Dario Šarić","SAC",3,28,0,0,0,0,0,0,0,0,0,0,0,0,0,0,1.7857142857142858
"PJ Hall","MEM",7,27,2.3622047244094486,3.0303030303030303,1.5151515151515151,0,0,0,0,0,0,0,0,0,0,0,3.278688524590164
"Tyson Etienne","BKN",5,25,2.912621359223301,1.8867924528301887,3.7735849056603774,0,0,0,1.8867924528301887,0,0,0,0,0,0,0,2
"E.J. Liddell","BKN",5,25,3.9215686274509802,3.8461538461538463,1.9230769230769231,0,0,0,1.9230769230769231,0,0,0,0,0,0,0,6
"Keshad Johnson","MIA",5,24,1.7391304347826086,1.7241379310344827,0,0,0,0,0,0,0,0,0,0,0,0,0
"JD Davison","HOU",5,24,2.150537634408602,4,0,0,0,0,0,0,0,0,0,0,0,0,2.3255813953488373
"DeAndre Jordan","NOP",2,23,1.1764705882352942,0,0,0,0,0,0,0,0,0,0,0,0,0,7.142857142857143
"Joe Ingles","MIN",5,23,1.8518518518518519,3.6363636363636362,0,0,0,0,0,0,0,0,0,0,0,0,0
"Yanic Konan Niederhäuser","LAC",5,22,2.2988505747126435,2.272727272727273,0,0,0,0,0,0,0,0,0,0,0,0,9.30232558139535
"Tolu Smith","DET",2,22,2.0833333333333335,2.0408163265306123,0,0,0,0,0,0,0,0,0,0,0,0,12.76595744680851
"Andre Jackson Jr.","MIL",6,22,3.125,4,0,0,0,0,2,0,0,0,0,0,0,0,2.1739130434782608
"Eric Gordon","PHI",3,21,2.150537634408602,2.0833333333333335,0,0,0,2.2222222222222223,0,0,0,0,0,0,0,0,0
"Zeke Nnaji","DEN",6,21,7.142857142857143,11.320754716981131,0,0,0,0,0,0,0,0,0,0,0,0,6.666666666666667
"Mark Sears","MIL",5,21,3.3707865168539324,0,0,0,0,0,0,0,0,0,0,0,0,0,14.285714285714286
"Paul George","PHI",1,21,0,0,0,2.4390243902439024,0,0,0,0,0,0,0,0,0,0,12.195121951219512
"Antonio Reeves","CHA",2,21,1.2345679012345678,0,0,0,0,0,0,0,0,0,0,0,0,0,0
"Jamir Watkins","WAS",3,21,4.301075268817204,6.25,2.0833333333333335,0,0,0,0,2.0833333333333335,0,0,0,0,0,0,2.2222222222222223
"Jeff Green","HOU",5,21,2.4096385542168677,4.444444444444445,0,0,0,0,0,0,0,0,0,0,0,0,0
"Johnny Juzang","MIN",7,21,3.061224489795918,5.769230769230769,0,0,0,0,0,0,0,0,0,0,0,0,2.1739130434782608
"James Wiseman","IND",1,20,2.4691358024691357,0,2.5,0,0,0,0,0,0,0,0,0,0,0,0
"Isaac Jones","DET",4,18,5.714285714285714,5.714285714285714,2.857142857142857,2.857142857142857,0,0,0,0,0,0,0,0,0,0,2.857142857142857
"David Jones Garcia","SAS",4,18,2.5974025974025974,2.6315789473684212,0,0,0,0,2.6315789473684212,0,0,0,0,0,0,0,7.6923076923076925
"Hunter Tyson","DEN",5,17,2.5316455696202533,2.380952380952381,2.380952380952381,0,0,0,0,0,0,0,0,0,0,0,0
"Mohamed Diawara","NYK",7,16,2.6315789473684212,4.878048780487805,0,0,0,0,0,0,0,0,0,0,0,0,2.857142857142857
"Drew Peterson","CHA",1,16,0,0,0,0,0,0,0,0,0,0,0,0,0,0,3.0303030303030303
"Jahmyl Telfort","LAC",3,16,3.1746031746031744,3.125,0,0,3.225806451612903,0,0,0,0,0,0,0,0,0,6.451612903225806
"Ron Harper Jr.","BOS",3,15,3.076923076923077,5.714285714285714,0,0,0,0,0,0,0,0,0,0,0,0,0
"N'Faly Dante","ATL",4,15,1.6129032258064515,3.125,0,3.3333333333333335,0,0,0,0,0,0,0,0,0,0,6.666666666666667
"Pacôme Dadiet","NYK",5,14,1.5151515151515151,2.7777777777777777,0,0,0,0,0,0,0,0,0,0,0,0,3.3333333333333335
"Daeqwon Plowden","SAC",1,14,0,0,0,0,0,0,0,0,0,0,0,0,0,0,0
"Anthony Gill","WAS",5,13,1.7543859649122806,0,3.4482758620689653,0,0,0,0,0,0,0,0,0,0,0,3.5714285714285716
"Miles Kelly","DAL",2,11,3.278688524590164,0,0,0,3.225806451612903,0,0,0,0,0,0,0,0,0,0
"Harrison Ingram","SAS",3,11,3.9215686274509802,3.8461538461538463,0,0,0,0,0,0,0,0,0,0,0,0,0
"Jahmir Young","MIA",2,10,3.9215686274509802,7.6923076923076925,0,0,0,0,0,0,0,0,0,0,0,0,0
"Kevin Porter Jr.","MIL",1,9,0,0,0,0,0,0,0,0,0,0,0,0,0,0,4.761904761904762
"Jacob Toppin","ATL",3,9,2.5641025641025643,0,0,0,0,0,0,0,0,0,0,0,0,0,0
"Thanasis Antetokounmpo","MIL",4,9,2.4390243902439024,0,0,0,0,0,0,0,0,0,0,0,0,0,0
"Riley Minix","SAS",3,8,2.380952380952381,0,0,0,0,0,0,0,0,0,0,0,0,0,0
"Adou Thiero","LAL",2,8,5.555555555555555,10.526315789473685,0,0,0,0,0,0,0,0,0,0,0,0,5.882352941176471
"Doug McDermott","SAC",1,8,2.5641025641025643,5,0,0,0,0,0,0,0,0,0,0,0,0,0
"Trey Jemison III","NYK",1,8,0,0,0,0,0,0,0,0,0,0,0,0,0,0,0
"Danny Wolf","BKN",3,8,0,0,0,0,0,0,0,0,0,0,0,0,0,0,6.25
"Chris Mañon","LAL",2,7,7.407407407407407,6.666666666666667,0,0,0,0,0,0,0,0,0,0,0,0,0
"Amari Williams","BOS",2,7,3.3333333333333335,6.25,0,0,0,0,0,0,0,0,0,0,0,0,0
"Colby Jones","DET",1,7,3.3333333333333335,6.25,0,0,0,0,0,0,0,0,0,0,0,0,0
"Hunter Sallis","PHI",3,7,3.225806451612903,6.25,0,0,0,0,0,0,0,0,0,0,0,0,0
"Christian Koloko","LAL",2,6,4,7.142857142857143,0,0,0,0,0,0,0,0,0,0,0,0,0
"Garrett Temple","TOR",2,6,0,0,0,0,0,0,0,0,0,0,0,0,0,0,0
"Johni Broome","PHI",2,6,0,0,0,0,0,0,0,0,0,0,0,0,0,0,0
"Hunter Dickinson","NOP",1,5,10,10,0,0,10,0,0,0,0,0,0,0,0,0,0
"DaRon Holmes II","DEN",2,4,4.761904761904762,8.333333333333334,0,0,0,0,0,0,0,0,0,0,0,0,0
"Pete Nance","MIL",1,4,0,0,0,0,0,0,0,0,0,0,0,0,0,0,0
"Koby Brea","PHX",1,4,0,0,0,0,0,0,0,0,0,0,0,0,0,0,10
"Sharife Cooper","WAS",2,4,0,0,0,0,0,0,0,0,0,0,0,0,0,0,0
"Jamaree Bouyea","PHX",1,3,0,0,0,0,0,0,0,0,0,0,0,0,0,0,0
"Kyle Lowry","PHI",1,3,0,0,0,0,0,0,0,0,0,0,0,0,0,0,0
"Myron Gardner","MIA",1,3,12.5,12.5,12.5,0,0,0,0,0,0,0,0,0,0,0,0
"Orlando Robinson","ORL",1,2,12.5,25,0,0,0,0,0,0,0,0,0,0,0,0,25
"Jamal Cain","ORL",2,1,0,0,0,0,0,0,0,0,0,0,0,0,0,0,0