Rk,Player,Age,Team,Pos,G,GS,MP,FG,FGA,FG%,3P,3PA,3P%,2P,2PA,2P%,eFG%,FT,FTA,FT%,ORB,DRB,TRB,AST,STL,BLK,TOV,PF,PTS,ORtg,DRtg,Awards,Player-additional
1,Tyrese Maxey,25,PHI,PG,13,13,525,12.8,28.2,0.456,4.6,11.1,0.413,8.3,17.1,0.484,0.537,8.5,9.6,0.886,0.4,5.5,5.9,9.2,1.7,0.9,3.1,3.0,38.8,125,116,,maxeyty01
2,Cooper Flagg,19,DAL,PG,15,15,505,8.3,18.3,0.455,1.6,5.4,0.293,6.7,12.9,0.521,0.497,3.3,4.2,0.783,1.5,7.3,8.8,4.3,1.8,1.0,3.0,3.2,21.5,103,111,,flaggco01
3,Devin Booker,29,PHO,SG,14,14,501,13.3,26.8,0.495,2.7,7.9,0.341,10.5,18.9,0.559,0.545,9.3,10.4,0.897,1.5,4.1,5.5,9.5,1.1,0.4,5.4,3.9,38.5,121,119,,bookede01
4,Franz Wagner,24,ORL,SF,14,14,501,10.1,22.0,0.461,2.4,6.7,0.357,7.8,15.3,0.506,0.515,8.3,10.1,0.829,2.5,5.9,8.4,5.2,1.5,0.6,2.8,3.4,31.0,121,114,,wagnefr01
5,Shai Gilgeous-Alexander,27,OKC,PG,15,15,499,15.6,29.4,0.531,3.3,8.5,0.386,12.3,20.9,0.591,0.587,11.9,13.2,0.904,0.6,6.5,7.1,9.8,2.1,1.4,2.5,2.7,46.5,137,105,,gilgesh01
6,Trey Murphy III,25,NOP,SF,14,14,498,9.3,20.1,0.466,3.9,10.4,0.377,5.4,9.6,0.561,0.564,4.5,4.8,0.939,2.4,7.0,9.3,4.3,2.1,0.2,3.0,3.1,27.1,121,123,,murphtr02
7,Miles Bridges,27,CHO,PF,14,14,493,10.1,23.9,0.420,4.5,12.4,0.362,5.6,11.5,0.483,0.514,5.6,6.3,0.891,1.5,8.1,9.6,5.4,1.0,0.6,2.2,2.5,30.2,120,120,,bridgmi02
8,VJ Edgecombe,20,PHI,SG,13,13,485,7.4,18.1,0.412,2.7,7.1,0.375,4.8,10.9,0.436,0.486,2.4,3.3,0.727,2.4,5.0,7.3,5.6,1.6,0.5,2.4,4.2,20.0,110,117,,edgecvj01
9,Evan Mobley,24,CLE,PF,14,14,479,9.1,19.5,0.467,2.3,6.5,0.364,6.8,13.0,0.519,0.528,5.3,8.4,0.628,3.5,8.5,12.0,5.9,1.7,2.2,3.7,3.3,25.8,113,111,,mobleev01
10,DeMar DeRozan,36,SAC,PF,14,14,476,9.8,19.5,0.500,1.3,3.3,0.394,8.5,16.3,0.521,0.533,5.1,6.0,0.852,0.7,3.8,4.5,4.8,1.6,0.2,1.4,2.8,25.9,120,124,,derozde01
11,James Harden,36,LAC,PG,13,13,470,10.5,24.1,0.436,5.0,13.3,0.376,5.5,10.8,0.510,0.540,10.1,10.9,0.922,0.8,7.9,8.7,12.0,1.3,0.7,5.3,2.7,36.1,123,120,,hardeja01
12,Lauri Markkanen,28,UTA,PF,13,13,470,13.5,28.3,0.479,5.0,12.7,0.389,8.6,15.6,0.552,0.566,8.2,9.3,0.880,3.0,5.1,8.1,2.7,1.2,0.7,1.8,2.5,40.2,128,121,,markkla01
13,Brandon Ingram,28,TOR,SF,14,14,468,10.9,22.5,0.486,1.7,6.2,0.279,9.2,16.3,0.565,0.525,6.0,6.8,0.881,1.0,7.5,8.5,5.4,1.4,1.1,3.7,3.3,29.5,111,113,,ingrabr01
14,Ryan Rollins,23,MIL,PG,15,14,464,10.3,20.1,0.513,3.8,8.2,0.463,6.5,11.8,0.548,0.608,2.5,3.2,0.774,1.1,4.6,5.8,8.2,2.6,0.3,3.8,4.6,26.9,118,117,,rolliry01
15,Julius Randle,31,MIN,PF,14,14,464,12.1,23.2,0.520,2.7,7.1,0.377,9.4,16.2,0.582,0.577,8.3,9.7,0.853,2.0,8.4,10.4,8.7,1.8,0.3,3.6,3.7,35.1,128,113,,randlju01
16,Derrick White,31,BOS,SG,14,14,461,8.3,23.4,0.356,4.0,13.1,0.306,4.3,10.3,0.421,0.442,3.6,4.3,0.825,1.4,4.5,6.0,8.2,2.6,1.8,1.8,2.6,24.3,113,113,,whitede01
17,Andrew Wiggins,30,MIA,SF,14,14,461,9.2,18.9,0.484,2.5,6.9,0.357,6.7,12.0,0.557,0.549,2.3,3.4,0.657,2.1,4.6,6.7,4.0,1.5,1.3,2.9,3.6,23.0,108,116,,wiggian01
18,Kon Knueppel,20,CHO,SF,14,13,460,9.0,19.4,0.465,4.7,11.7,0.402,4.3,7.6,0.562,0.586,3.1,3.6,0.882,1.4,7.4,8.8,4.0,1.3,0.3,3.7,3.6,25.9,114,120,,knuepko01
19,Dyson Daniels,22,ATL,SG,14,14,459,5.4,11.6,0.469,0.3,1.3,0.231,5.1,10.3,0.500,0.482,1.3,2.2,0.619,2.4,5.9,8.2,8.3,3.3,0.6,3.0,3.7,12.5,108,110,,daniedy01
20,Mikal Bridges,29,NYK,SF,13,13,456,8.3,16.6,0.500,3.4,8.0,0.421,4.9,8.6,0.573,0.601,2.1,2.6,0.800,1.7,4.3,6.0,6.6,2.7,1.6,1.4,2.7,22.0,135,113,,bridgmi01
21,Desmond Bane,27,ORL,SG,14,14,455,9.0,20.6,0.436,2.2,7.1,0.313,6.7,13.5,0.500,0.490,4.2,4.6,0.909,1.6,4.7,6.3,6.5,0.6,0.5,3.5,5.0,24.4,110,117,,banede01
22,Scottie Barnes,24,TOR,PF,14,14,455,11.0,21.9,0.502,2.2,5.4,0.404,8.8,16.5,0.535,0.552,4.1,5.0,0.813,2.8,8.4,11.2,7.7,2.1,2.6,2.7,4.9,28.3,121,109,,barnesc01
23,Pascal Siakam,31,IND,PF,13,13,454,11.7,25.9,0.454,2.6,7.2,0.362,9.1,18.7,0.489,0.504,7.6,11.2,0.676,2.4,7.2,9.6,6.4,1.6,0.5,3.3,4.4,33.7,112,119,,siakapa01
24,Duncan Robinson,31,DET,SF,14,14,452,6.1,13.8,0.443,4.4,10.6,0.416,1.7,3.2,0.533,0.603,1.9,2.5,0.750,0.6,3.5,4.1,2.8,1.3,0.5,0.9,4.1,18.5,129,115,,robindu01
25,Toumani Camara,25,POR,PF,13,13,450,6.1,15.0,0.410,2.8,8.9,0.314,3.3,6.0,0.552,0.503,1.6,2.2,0.714,2.6,4.5,7.1,3.9,1.5,0.6,2.7,4.3,16.6,108,120,,camarto01
26,Rui Hachimura,27,LAL,PF,13,13,450,8.5,14.7,0.577,2.8,5.6,0.500,5.7,9.1,0.624,0.672,2.4,3.2,0.733,1.0,4.3,5.3,1.7,1.0,0.3,1.7,2.7,22.1,126,119,,hachiru01
27,Myles Turner,29,MIL,C,15,15,449,6.7,15.2,0.441,3.8,8.8,0.434,2.9,6.4,0.450,0.566,2.4,3.5,0.697,1.9,8.1,10.0,3.0,2.0,2.8,2.2,4.3,19.7,113,113,,turnemy01
28,Jaylen Brown,29,BOS,SF,14,14,449,16.3,32.4,0.505,3.0,8.8,0.342,13.3,23.6,0.566,0.552,7.0,9.1,0.768,1.4,7.3,8.8,6.3,1.2,0.6,5.0,5.0,42.7,114,115,,brownja02
29,Nikola Jokić,30,DEN,C,13,13,448,15.3,23.6,0.648,2.6,6.6,0.393,12.7,17.0,0.747,0.703,7.8,9.0,0.857,4.3,14.4,18.7,15.5,2.5,1.2,4.4,3.8,40.9,147,105,,jokicni01
30,Max Christie,22,DAL,SG,15,12,447,6.5,13.7,0.473,4.0,8.7,0.458,2.5,5.0,0.500,0.618,2.0,2.7,0.731,0.1,5.1,5.2,4.1,0.8,0.8,1.7,2.8,18.9,119,115,,chrisma02
31,Payton Pritchard,28,BOS,PG,14,14,447,9.3,20.8,0.446,3.9,12.2,0.321,5.4,8.6,0.623,0.540,3.1,3.9,0.800,1.5,4.7,6.1,7.8,1.2,0.0,2.0,3.1,25.6,125,118,,pritcpa01
32,Keyonte George,22,UTA,PG,13,13,447,9.2,22.4,0.412,2.4,8.8,0.277,6.8,13.6,0.500,0.467,9.7,10.4,0.929,1.0,4.5,5.4,9.7,1.4,0.4,4.6,3.0,30.6,116,122,,georgke01
33,Deni Avdija,25,POR,SF,13,13,443,11.4,23.3,0.489,3.5,9.3,0.375,7.9,14.0,0.564,0.563,9.4,10.9,0.864,1.8,7.2,9.0,6.5,0.7,1.2,5.0,5.1,35.7,122,119,,avdijde01
34,Donovan Mitchell,29,CLE,SG,13,13,443,14.3,28.1,0.509,5.5,14.2,0.388,8.8,13.9,0.634,0.608,8.5,10.3,0.825,1.0,5.4,6.4,7.6,2.0,0.6,4.4,3.2,42.6,124,114,,mitchdo01
35,RJ Barrett,25,TOR,SF,14,14,442,10.8,21.6,0.500,2.7,7.9,0.338,8.1,13.7,0.594,0.562,4.3,6.1,0.702,1.2,6.2,7.4,5.9,1.3,0.4,2.4,4.3,28.6,117,115,,barrerj01
36,Alperen Şengün,23,HOU,C,12,12,442,10.9,22.6,0.480,1.9,4.3,0.447,9.0,18.4,0.488,0.522,7.3,9.8,0.739,4.3,9.6,13.9,10.0,1.7,1.3,4.5,4.4,30.9,125,112,,sengual01
37,Ivica Zubac,28,LAC,C,14,14,441,11.0,17.6,0.622,0.0,0.0,,11.0,17.6,0.622,0.622,3.4,4.5,0.750,5.3,11.8,17.1,3.4,0.9,1.6,3.3,4.1,25.3,123,117,,zubaciv01
38,Rudy Gobert,33,MIN,C,14,14,439,6.9,9.1,0.762,0.0,0.0,,6.9,9.1,0.762,0.762,2.4,4.9,0.489,4.5,9.9,14.5,2.3,0.9,2.7,2.6,4.3,16.2,129,111,,goberru01
39,Immanuel Quickley,26,TOR,PG,14,14,439,8.4,18.0,0.467,3.6,9.5,0.375,4.9,8.5,0.570,0.566,3.3,4.4,0.756,0.9,6.3,7.1,9.2,1.9,0.0,2.7,3.3,23.7,121,114,,quickim01
40,Jaden McDaniels,25,MIN,PF,14,14,436,10.2,18.5,0.553,2.7,5.2,0.521,7.5,13.3,0.566,0.626,3.5,4.1,0.842,1.5,5.4,7.0,3.6,1.5,2.0,2.9,5.2,26.7,122,114,,mcdanja02
41,Kevin Durant,37,HOU,SF,12,12,433,12.0,23.5,0.510,2.5,6.3,0.400,9.5,17.2,0.550,0.563,9.0,10.2,0.888,0.5,5.9,6.4,4.7,1.4,0.9,4.1,3.8,35.5,126,116,,duranke01
42,Jimmy Butler,36,GSW,SF,14,14,431,9.1,17.3,0.526,1.7,3.5,0.469,7.4,13.8,0.540,0.574,9.9,11.4,0.864,3.4,4.9,8.3,7.4,2.6,0.4,2.4,2.0,29.7,139,113,,butleji01
43,Davion Mitchell,27,MIA,PG,14,14,431,6.2,12.3,0.504,1.8,4.6,0.386,4.4,7.7,0.575,0.577,1.4,2.3,0.591,0.6,3.6,4.2,11.0,2.0,0.1,2.6,4.4,15.6,121,117,,mitchda01
44,P.J. Washington,27,DAL,PF,14,14,430,8.2,18.4,0.447,2.0,6.4,0.305,6.3,12.0,0.523,0.500,4.3,6.6,0.656,1.6,9.8,11.4,3.5,1.4,1.6,4.1,3.5,22.8,97,110,,washipj01
45,Karl-Anthony Towns,30,NYK,C,13,13,430,10.0,23.2,0.433,2.8,8.5,0.329,7.2,14.7,0.492,0.493,8.7,9.6,0.907,4.6,13.8,18.4,4.7,1.3,1.3,3.8,5.6,31.5,120,111,,townska01
46,Devin Vassell,25,SAS,SG,13,13,430,7.3,18.0,0.406,3.6,10.6,0.340,3.7,7.4,0.500,0.506,2.0,2.6,0.783,0.6,4.6,5.2,3.5,1.6,0.2,1.7,3.0,20.2,110,115,,vassede01
47,Isaiah Hartenstein,27,OKC,C,15,15,428,9.6,13.9,0.691,0.0,0.5,0.000,9.6,13.5,0.714,0.691,2.7,4.1,0.667,6.0,12.6,18.6,5.5,2.5,1.0,3.6,4.9,22.0,131,100,,harteis01
48,Brandin Podziemski,22,GSW,SG,15,7,426,7.3,16.0,0.455,3.1,8.2,0.384,4.2,7.9,0.529,0.552,2.4,3.1,0.750,0.7,7.0,7.6,5.3,2.1,0.6,2.1,3.8,20.1,115,113,,podzibr01
49,Dennis Schröder,32,SAC,PG,14,12,426,7.2,17.8,0.401,2.4,7.0,0.344,4.7,10.8,0.439,0.469,2.2,2.9,0.769,0.4,5.2,5.6,9.1,1.7,0.3,3.0,2.9,18.9,103,123,,schrode01
50,Amen Thompson,23,HOU,SF,12,12,426,9.3,19.7,0.471,0.7,3.4,0.207,8.6,16.4,0.525,0.488,4.8,6.3,0.759,3.1,5.3,8.5,7.2,1.7,0.7,3.1,3.1,24.0,120,116,,thompam01
51,Donte DiVincenzo,29,MIN,SG,14,14,425,6.8,15.9,0.430,4.6,12.1,0.380,2.2,3.8,0.588,0.574,3.8,4.5,0.850,1.5,4.7,6.1,5.4,1.6,0.9,2.2,3.6,22.0,124,115,,divindo01
52,Jaime Jaquez Jr.,24,MIA,SF,14,0,424,10.2,19.3,0.528,0.6,2.9,0.222,9.5,16.4,0.582,0.544,4.7,6.0,0.786,1.8,8.5,10.3,7.7,1.0,0.4,2.9,3.2,25.7,119,115,,jaqueja01
53,Herbert Jones,27,NOP,SF,14,14,423,5.7,14.2,0.398,2.7,7.2,0.371,3.0,7.1,0.426,0.492,1.7,2.4,0.714,1.4,4.3,5.7,3.7,2.2,0.3,2.9,5.6,15.7,100,124,,joneshe01
54,A.J. Green,26,MIL,SG,15,15,422,5.8,12.0,0.481,5.2,11.0,0.474,0.6,1.0,0.556,0.698,1.7,2.2,0.789,0.1,4.1,4.2,3.2,0.7,0.1,1.2,5.4,18.5,132,122,,greenaj01
55,Ajay Mitchell,23,OKC,SG,15,5,421,10.2,23.0,0.445,2.1,6.6,0.316,8.2,16.5,0.497,0.490,5.6,6.2,0.907,1.3,5.4,6.7,6.3,3.0,0.5,2.9,4.1,28.2,113,105,,mitchaj01
56,Wendell Carter Jr.,26,ORL,C,14,14,419,6.6,12.6,0.527,2.1,4.6,0.450,4.6,8.0,0.571,0.609,4.6,5.8,0.784,4.8,7.0,11.8,2.9,1.0,1.5,3.4,6.5,19.9,122,114,,cartewe01
57,Kelly Oubre Jr.,30,PHI,SF,12,12,418,8.5,17.2,0.497,2.6,7.7,0.343,5.9,9.4,0.622,0.574,3.5,4.4,0.789,1.6,5.4,7.0,1.8,1.5,1.2,2.1,3.7,23.2,117,116,,oubreke01
58,Grayson Allen,30,PHO,SG,13,13,417,9.4,20.1,0.468,5.9,13.3,0.447,3.5,6.9,0.508,0.616,3.1,4.0,0.794,0.7,4.0,4.7,6.5,2.4,0.5,2.7,3.5,27.9,127,116,,allengr01
59,Stephon Castle,21,SAS,PG,13,13,416,8.9,18.0,0.497,1.4,5.8,0.240,7.5,12.2,0.619,0.535,6.8,9.9,0.694,2.3,6.5,8.8,11.4,2.6,0.6,6.0,5.5,26.1,114,111,,castlst01
60,Victor Wembanyama,22,SAS,C,12,12,416,12.9,25.6,0.502,2.3,6.7,0.345,10.6,18.9,0.558,0.548,8.4,9.7,0.857,2.8,15.2,18.0,5.6,1.5,5.0,5.0,5.1,36.4,117,102,,wembavi01
61,Gary Trent Jr.,27,MIL,SG,15,12,415,6.1,15.3,0.398,3.9,10.5,0.374,2.2,4.8,0.452,0.526,1.5,2.1,0.722,0.1,2.6,2.8,3.5,1.8,0.1,1.3,3.6,17.6,109,120,,trentga02
62,Giannis Antetokounmpo,31,MIL,PF,13,13,414,18.0,28.6,0.629,1.0,2.1,0.500,17.0,26.5,0.639,0.647,9.7,15.2,0.636,5.5,10.7,16.3,10.3,1.4,1.7,5.3,3.9,46.7,128,114,,antetgi01
63,Royce O'Neale,32,PHO,SF,14,10,413,6.6,14.8,0.444,5.3,12.1,0.437,1.3,2.7,0.478,0.623,0.5,0.7,0.667,1.8,7.3,9.0,5.0,2.0,0.2,2.5,4.2,18.9,122,115,,onealro01
64,Zach LaVine,30,SAC,SG,12,12,412,10.7,20.9,0.511,4.3,10.2,0.422,6.4,10.7,0.596,0.614,5.2,5.9,0.885,0.2,4.6,4.8,3.1,0.8,0.2,2.7,3.4,31.0,118,125,,lavinza01
65,Jamal Murray,28,DEN,PG,12,12,412,11.7,25.1,0.467,3.5,9.8,0.357,8.2,15.2,0.538,0.537,5.5,5.9,0.940,0.8,7.0,7.8,8.5,1.9,0.4,3.3,2.0,32.4,121,112,,murraja01
66,Onyeka Okongwu,25,ATL,C,14,5,411,8.9,17.3,0.517,2.8,7.1,0.387,6.2,10.2,0.607,0.596,4.6,6.0,0.769,2.9,9.8,12.6,4.0,1.5,1.7,2.5,5.6,25.2,122,110,,okongon01
67,Nikola Vučević,35,CHI,C,13,13,409,9.3,19.2,0.485,2.9,7.0,0.410,6.4,12.2,0.528,0.560,2.2,2.9,0.760,3.0,11.9,14.9,5.5,1.0,0.7,2.5,3.8,23.7,117,116,,vucevni01
68,Jarace Walker,22,IND,PF,14,9,407,5.2,17.5,0.298,2.2,8.3,0.264,3.0,9.2,0.329,0.361,3.6,4.5,0.795,1.3,7.2,8.5,4.9,1.0,0.8,3.7,3.4,16.2,86,120,,walkeja02
69,Cade Cunningham,24,DET,PG,11,11,407,12.4,28.4,0.436,2.5,8.5,0.288,9.9,19.9,0.500,0.479,8.1,10.1,0.802,1.4,5.5,6.9,12.8,1.8,1.1,4.7,4.8,35.3,116,112,,cunnica01
70,Cason Wallace,22,OKC,SG,14,14,406,5.1,12.7,0.406,2.6,7.0,0.373,2.5,5.6,0.447,0.509,1.2,1.3,0.909,1.3,3.8,5.1,4.8,3.9,0.5,2.0,4.2,14.1,110,103,,wallaca01
71,Quentin Grimes,25,PHI,SG,13,0,406,8.2,17.2,0.476,3.8,9.5,0.400,4.4,7.7,0.569,0.586,5.7,6.9,0.828,0.6,5.3,5.9,6.6,1.4,0.9,4.5,3.8,25.9,116,117,,grimequ01
72,Jake LaRavia,24,LAL,PF,14,6,403,6.2,13.1,0.477,1.8,5.4,0.333,4.4,7.7,0.578,0.546,2.9,4.3,0.667,2.3,5.3,7.5,4.0,2.5,0.5,2.2,4.3,17.1,116,115,,laravja01
73,Jaren Jackson Jr.,26,MEM,C,14,14,402,10.1,21.2,0.478,2.7,7.1,0.377,7.5,14.1,0.529,0.541,6.2,7.7,0.803,1.5,7.0,8.5,2.2,0.8,2.2,3.4,7.0,29.2,108,117,,jacksja02
74,Jrue Holiday,35,POR,PG,12,12,401,8.6,19.4,0.446,3.6,9.9,0.365,5.0,9.4,0.531,0.539,2.4,2.9,0.840,1.9,5.5,7.3,11.5,2.2,0.3,4.1,2.8,23.3,119,118,,holidjr01
75,Russell Westbrook,37,SAC,SF,14,8,399,8.3,19.2,0.436,3.5,8.7,0.405,4.8,10.5,0.461,0.528,3.4,5.1,0.674,2.8,8.1,10.9,10.6,1.6,0.2,5.3,3.5,23.6,106,121,,westbru01
76,Austin Reaves,27,LAL,SG,11,11,399,11.5,23.8,0.482,3.6,11.0,0.330,7.9,12.8,0.613,0.558,11.0,12.7,0.867,0.8,5.9,6.8,10.9,1.8,0.1,4.5,3.3,37.6,127,116,,reaveau01
77,Deandre Ayton,27,LAL,C,13,13,395,12.1,17.5,0.692,0.0,0.0,,12.1,17.5,0.692,0.692,1.6,2.6,0.619,4.5,8.8,13.3,1.5,1.1,1.5,4.3,5.1,25.8,116,115,,aytonde01
78,Jalen Johnson,24,ATL,SF,12,12,395,12.1,20.5,0.587,1.6,4.1,0.382,10.5,16.5,0.638,0.625,5.5,6.8,0.807,1.8,11.9,13.7,9.1,2.5,0.4,4.3,3.1,31.2,123,108,,johnsja05
79,Naji Marshall,28,DAL,SF,15,1,394,6.4,13.8,0.462,1.3,4.9,0.268,5.1,9.0,0.566,0.509,5.8,7.3,0.790,1.4,7.1,8.5,4.0,2.2,0.0,1.8,3.7,19.9,118,111,,marshna01
80,Draymond Green,35,GSW,PF,14,14,394,4.6,12.4,0.373,2.5,7.2,0.356,2.1,5.2,0.395,0.475,1.2,2.1,0.588,1.6,8.2,9.8,9.7,1.3,1.2,5.5,6.3,13.0,95,113,,greendr01
81,Paolo Banchero,23,ORL,PF,12,12,393,10.0,21.7,0.461,1.3,5.4,0.250,8.7,16.4,0.530,0.492,10.4,13.5,0.766,1.3,11.4,12.7,6.0,1.1,1.3,3.9,3.5,31.7,114,111,,banchpa01
82,Michael Porter Jr.,27,BRK,SF,12,12,390,12.9,27.2,0.472,4.6,13.2,0.349,8.2,14.0,0.589,0.557,5.7,6.7,0.852,1.6,10.1,11.7,5.0,1.0,0.2,3.5,3.5,36.1,115,123,,portemi01
83,Harrison Barnes,33,SAS,PF,13,13,386,6.5,12.0,0.542,4.0,8.3,0.485,2.5,3.8,0.667,0.708,2.6,2.9,0.913,1.0,3.5,4.5,3.4,1.8,0.5,2.4,3.0,19.6,132,115,,barneha02
84,CJ McCollum,34,WAS,SG,13,13,384,8.6,21.9,0.394,4.1,11.0,0.378,4.5,11.0,0.411,0.489,4.4,5.4,0.818,1.1,4.0,5.1,5.2,1.2,0.4,2.3,3.7,25.8,109,127,,mccolcj01
85,Nic Claxton,26,BRK,C,13,13,382,9.6,15.7,0.610,0.0,0.8,0.000,9.6,14.9,0.641,0.610,6.0,8.4,0.712,4.7,6.9,11.6,6.5,1.4,2.3,2.2,4.5,25.1,135,122,,claxtni01
86,Josh Giddey,23,CHI,PG,11,11,379,10.7,22.6,0.473,2.1,5.9,0.354,8.6,16.6,0.515,0.519,6.3,8.4,0.750,2.2,11.8,14.0,12.8,1.4,0.6,4.8,2.7,29.7,117,116,,giddejo01
87,Matas Buzelis,21,CHI,PF,13,13,378,8.8,18.6,0.473,3.0,7.5,0.400,5.8,11.2,0.522,0.553,3.6,4.2,0.853,2.0,7.1,9.1,2.0,1.2,1.9,3.1,5.3,24.2,108,117,,buzelma01
88,Alex Sarr,20,WAS,C,13,13,377,12.2,23.4,0.519,1.7,5.0,0.350,10.4,18.5,0.564,0.556,3.5,4.7,0.737,3.8,9.3,13.1,5.8,1.1,3.5,3.8,3.5,29.5,112,120,,sarral01
89,Cedric Coward,22,MEM,SG,14,1,374,8.0,16.8,0.478,2.9,7.8,0.371,5.1,9.0,0.569,0.563,5.6,6.3,0.900,2.9,7.8,10.7,5.3,1.5,0.8,2.1,3.5,24.6,126,116,,cowarce01
90,Sion James,23,CHO,SG,14,9,374,4.5,9.8,0.461,2.6,5.8,0.444,1.9,4.0,0.484,0.592,2.1,2.4,0.842,0.6,5.0,5.7,2.7,1.4,0.6,1.8,3.0,13.7,119,121,,jamessi01
91,OG Anunoby,28,NYK,PF,12,12,373,9.0,18.9,0.476,4.0,10.1,0.392,5.0,8.7,0.574,0.582,2.4,3.2,0.760,2.4,6.2,8.6,3.3,3.0,1.0,2.8,3.6,24.4,117,112,,anunoog01
92,Jalen Brunson,29,NYK,PG,11,11,373,13.7,29.4,0.467,4.0,10.8,0.369,9.8,18.6,0.524,0.535,8.1,9.4,0.863,0.6,4.4,5.0,9.2,1.2,0.0,3.9,3.7,39.5,122,119,,brunsja01
93,Kyshawn George,22,WAS,SF,12,12,372,9.3,18.4,0.507,3.9,8.7,0.449,5.4,9.7,0.558,0.613,3.0,4.3,0.706,0.9,8.3,9.2,6.9,1.4,1.4,4.9,7.2,25.5,110,122,,georgky01
94,Luka Dončić,26,LAL,PG,10,10,371,13.8,29.4,0.469,4.7,14.3,0.327,9.1,15.1,0.603,0.549,12.5,15.9,0.787,1.2,10.4,11.6,11.6,2.2,0.8,4.8,3.3,44.7,124,112,,doncilu01
95,Anthony Black,22,ORL,PG,14,3,370,7.4,15.9,0.463,1.9,6.4,0.306,5.4,9.6,0.568,0.524,3.4,4.9,0.684,0.9,4.5,5.4,4.4,2.1,1.3,3.9,4.5,20.1,102,113,,blackan01
96,Shaedon Sharpe,22,POR,SG,13,13,370,13.0,30.1,0.433,3.2,11.5,0.275,9.9,18.6,0.531,0.485,7.1,8.7,0.812,2.4,6.2,8.6,3.3,2.4,0.4,4.7,3.8,36.3,105,117,,sharpsh01
97,Jeremiah Fears,19,NOP,PG,14,12,369,10.9,24.3,0.448,2.3,6.4,0.354,8.6,17.9,0.481,0.495,4.4,5.3,0.825,1.5,4.0,5.4,5.2,3.2,0.1,4.8,4.1,28.4,102,122,,fearsje01
98,Stephen Curry,37,GSW,PG,12,12,367,13.5,29.6,0.458,6.6,17.5,0.381,6.9,12.1,0.570,0.570,9.1,9.8,0.933,0.4,5.3,5.7,5.7,2.2,0.7,4.2,3.5,42.9,118,113,,curryst01
99,Nickeil Alexander-Walker,27,ATL,SG,12,9,365,9.2,20.8,0.441,3.0,9.2,0.324,6.2,11.6,0.533,0.512,6.3,7.5,0.845,1.0,3.4,4.4,5.6,1.7,1.4,4.0,2.6,27.6,108,115,,alexani01
100,Aaron Gordon,30,DEN,PF,12,12,365,10.8,20.2,0.536,3.7,8.2,0.452,7.1,12.0,0.593,0.627,6.7,7.7,0.879,2.5,7.4,9.9,2.2,1.3,0.4,2.2,3.2,32.1,133,113,,gordoaa01
101,Domantas Sabonis,29,SAC,C,11,11,365,9.5,18.6,0.510,0.5,2.6,0.200,9.0,16.1,0.560,0.524,4.8,6.6,0.725,4.8,12.6,17.3,5.3,1.7,0.3,3.6,5.7,24.3,112,118,,sabondo01
102,Jabari Smith Jr.,22,HOU,PF,11,11,363,8.0,17.6,0.457,3.0,8.0,0.373,5.0,9.5,0.529,0.543,2.6,3.1,0.826,1.8,7.8,9.5,2.5,1.2,1.2,1.5,4.1,21.7,126,115,,smithja05
103,Kyle Kuzma,30,MIL,PF,14,5,362,9.2,18.6,0.496,1.7,6.1,0.283,7.5,12.5,0.600,0.543,4.4,5.5,0.786,1.3,6.9,8.2,3.2,1.5,1.1,2.2,4.9,24.5,113,117,,kuzmaky01
104,Jerami Grant,31,POR,PF,13,1,362,9.0,19.5,0.464,3.5,8.7,0.403,5.6,10.8,0.512,0.553,9.2,10.8,0.845,1.4,3.6,5.0,3.9,1.5,0.6,2.7,5.7,30.7,128,121,,grantje01
105,Kris Dunn,31,LAC,PG,14,8,360,5.3,11.1,0.475,1.7,4.6,0.364,3.6,6.5,0.553,0.550,1.8,2.5,0.722,1.7,3.2,4.8,4.7,2.9,0.6,2.8,5.3,14.0,110,119,,dunnkr01
106,Jonathan Kuminga,23,GSW,PF,13,12,360,8.6,18.1,0.478,1.6,4.9,0.324,7.0,13.1,0.535,0.522,4.9,6.4,0.771,2.8,8.6,11.4,4.9,0.7,0.5,4.6,3.3,23.8,106,115,,kuminjo01
107,Santi Aldama,25,MEM,PF,14,0,358,9.0,19.5,0.463,2.6,8.4,0.313,6.4,11.1,0.576,0.530,2.5,4.3,0.576,2.9,9.7,12.6,4.6,2.0,1.0,2.4,2.9,23.2,108,114,,aldamsa01
108,Saddiq Bey,26,NOP,SF,13,7,358,7.8,18.2,0.429,3.8,9.6,0.400,4.0,8.6,0.460,0.534,2.6,3.7,0.704,3.1,5.3,8.5,3.6,1.4,0.0,1.2,1.8,22.0,121,126,,beysa01
109,Julian Champagnie,24,SAS,SF,13,8,357,5.3,12.7,0.415,3.7,9.7,0.375,1.6,3.0,0.545,0.559,3.0,3.9,0.759,1.4,6.8,8.1,2.2,2.0,0.5,2.3,2.2,17.2,113,112,,champju02
110,John Collins,28,LAC,PF,14,5,355,9.1,18.1,0.504,1.7,5.1,0.333,7.4,13.1,0.570,0.550,3.5,4.4,0.806,2.7,6.7,9.4,1.3,1.7,1.0,3.8,4.5,23.5,104,119,,collijo01
111,Ben Sheppard,24,IND,SG,14,5,354,4.4,14.0,0.314,1.7,7.7,0.224,2.7,6.3,0.426,0.376,1.3,1.7,0.769,1.6,6.8,8.4,3.3,0.9,0.4,1.2,4.7,11.9,93,120,,sheppbe01
112,Jaylen Wells,22,MEM,SG,14,14,354,6.5,17.7,0.366,2.8,9.8,0.284,3.7,7.9,0.467,0.444,1.9,2.8,0.667,2.3,4.4,6.6,2.8,1.1,0.0,1.6,3.8,17.6,97,120,,wellsja01
113,Svi Mykhailiuk,28,UTA,SF,13,13,353,6.2,13.2,0.469,3.5,9.4,0.371,2.7,3.8,0.714,0.602,0.7,0.8,0.833,1.3,3.1,4.4,3.6,0.9,0.4,1.2,2.4,16.6,125,124,,mykhasv01
114,Terance Mann,29,BRK,SG,13,13,352,6.6,14.0,0.475,2.1,5.5,0.375,4.6,8.4,0.541,0.550,2.5,2.9,0.857,2.8,2.8,5.5,5.7,1.5,0.4,1.5,5.8,17.8,126,126,,mannte01
115,Bub Carrington,20,WAS,PG,13,5,349,3.8,11.4,0.329,2.3,5.2,0.436,1.5,6.2,0.239,0.429,1.3,1.9,0.714,0.4,6.6,7.0,7.6,1.2,0.3,4.3,4.4,11.1,88,125,,carrica01
116,Jalen Duren,22,DET,C,12,12,347,12.2,18.1,0.674,0.0,0.0,,12.2,18.1,0.674,0.674,9.1,11.5,0.786,7.5,12.6,20.2,2.9,1.6,1.8,3.8,5.5,33.5,136,106,,durenja01
117,Ryan Kalkbrenner,24,CHO,C,13,13,346,7.8,9.6,0.812,0.0,0.1,0.000,7.8,9.5,0.824,0.812,2.4,2.9,0.810,5.8,7.0,12.8,0.7,1.7,4.0,3.1,3.9,18.0,135,114,,kalkbry01
118,De'Andre Hunter,28,CLE,SF,12,12,346,9.9,22.4,0.442,3.0,10.7,0.278,6.9,11.7,0.593,0.509,5.6,6.6,0.837,0.9,6.8,7.7,4.7,1.1,0.4,2.7,4.2,28.3,113,115,,huntede01
119,Ja Morant,26,MEM,PG,12,12,345,9.5,26.5,0.359,1.4,8.2,0.167,8.2,18.3,0.444,0.385,8.8,9.4,0.942,0.8,4.9,5.7,12.4,1.6,0.1,6.1,3.7,29.2,98,119,,moranja01
120,Norman Powell,32,MIA,SG,11,11,345,11.6,24.2,0.478,4.6,10.0,0.461,7.0,14.2,0.491,0.573,9.1,9.7,0.932,0.4,5.1,5.5,3.6,1.7,0.3,3.2,3.4,36.8,120,116,,powelno01
121,Neemias Queta,26,BOS,C,14,14,344,8.3,13.5,0.613,0.0,0.4,0.000,8.3,13.1,0.633,0.613,2.3,3.9,0.593,6.4,10.2,16.5,3.5,1.6,2.8,1.9,6.4,18.9,132,110,,quetane01
122,Kevin Huerter,27,CHI,SF,13,4,343,9.6,19.0,0.504,2.9,8.9,0.323,6.7,10.1,0.662,0.579,3.6,4.2,0.839,1.2,6.0,7.3,4.9,1.6,1.6,2.9,4.4,25.6,117,117,,huertke01
123,Jock Landale,30,MEM,C,14,13,342,7.7,14.1,0.544,2.2,4.8,0.457,5.5,9.3,0.588,0.621,2.2,3.2,0.696,4.3,6.2,10.4,3.3,1.2,0.8,2.2,5.8,19.7,122,118,,landajo01
124,Anfernee Simons,26,BOS,SG,14,0,342,9.6,23.8,0.405,5.5,14.0,0.396,4.1,9.8,0.418,0.521,2.6,2.9,0.900,0.7,3.5,4.2,4.8,0.9,0.4,2.5,4.4,27.4,113,119,,simonan01
125,Kel'el Ware,21,MIA,C,14,11,342,8.2,15.1,0.544,1.9,4.8,0.389,6.4,10.4,0.615,0.605,2.5,3.3,0.760,5.3,12.5,17.8,1.3,1.9,2.8,1.7,3.8,20.8,125,107,,wareke01
126,Collin Sexton,27,CHO,SG,13,9,342,9.2,19.3,0.474,3.0,7.0,0.420,6.2,12.3,0.506,0.551,7.2,8.5,0.850,0.6,3.8,4.4,8.7,1.3,0.0,5.2,4.2,28.5,116,122,,sextoco01
127,Ron Holland,20,DET,SF,14,5,339,6.6,16.9,0.392,2.0,6.6,0.298,4.6,10.3,0.452,0.450,2.7,3.1,0.864,1.8,6.2,8.0,3.7,3.4,0.7,3.8,5.9,17.8,96,108,,hollaro01
128,Naz Reid,26,MIN,C,14,0,338,9.3,20.2,0.458,3.8,10.5,0.360,5.5,9.7,0.565,0.552,1.8,2.8,0.650,2.4,9.6,11.9,4.1,1.8,1.7,2.9,5.5,24.2,110,110,,reidna01
129,Collin Gillespie,26,PHO,PG,14,0,337,6.8,17.6,0.385,4.6,11.9,0.386,2.2,5.6,0.385,0.516,1.9,2.4,0.765,2.2,6.2,8.3,10.2,2.0,0.9,2.9,2.6,20.0,121,115,,gilleco01
130,Jarrett Allen,27,CLE,C,13,13,335,10.5,17.9,0.586,0.0,0.6,0.000,10.5,17.4,0.605,0.586,6.9,9.0,0.766,4.3,9.5,13.9,3.2,2.0,1.7,2.9,2.5,27.9,125,110,,allenja01
131,Aaron Nesmith,26,IND,SF,11,11,335,7.6,20.7,0.367,4.4,11.7,0.373,3.2,9.0,0.359,0.473,4.4,5.5,0.795,2.4,4.5,6.9,2.4,1.3,0.4,1.1,3.8,23.9,112,121,,nesmiaa01
132,Ryan Dunn,23,PHO,SF,14,9,334,7.1,14.8,0.480,2.0,6.4,0.318,5.1,8.4,0.603,0.549,1.3,1.9,0.692,4.2,6.1,10.3,3.6,2.2,1.5,2.0,4.9,17.6,120,114,,dunnry01
133,D'Angelo Russell,29,DAL,PG,15,3,330,8.8,23.0,0.380,2.4,10.6,0.227,6.4,12.4,0.511,0.433,5.4,7.6,0.704,1.0,4.9,5.9,10.3,1.1,0.3,4.9,3.0,25.3,97,115,,russeda01
134,Isaac Okoro,25,CHI,SG,13,13,330,5.1,11.7,0.439,2.0,5.6,0.359,3.1,6.1,0.512,0.524,2.1,2.4,0.882,2.3,3.0,5.3,3.4,0.9,1.4,2.1,5.7,14.4,113,121,,okorois01
135,Tre Jones,26,CHI,PG,11,11,329,6.9,13.8,0.495,0.9,2.4,0.353,6.0,11.4,0.525,0.526,6.3,7.4,0.846,1.3,5.0,6.3,8.6,3.3,0.3,2.6,3.1,20.8,127,116,,jonestr01
136,Chet Holmgren,23,OKC,PF,11,11,328,11.5,19.5,0.591,2.8,6.9,0.404,8.7,12.6,0.694,0.663,6.5,7.5,0.863,2.7,10.8,13.4,2.7,1.0,2.1,3.5,5.9,32.4,128,103,,holmgch01
137,Kentavious Caldwell-Pope,32,MEM,SG,14,13,327,5.2,14.5,0.356,2.0,6.7,0.298,3.2,7.7,0.407,0.426,3.6,4.0,0.893,0.7,4.4,5.2,6.2,1.6,0.6,2.3,2.6,15.9,103,119,,caldwke01
138,Tre Johnson,19,WAS,SG,13,4,327,8.0,18.9,0.424,3.6,9.6,0.373,4.4,9.3,0.477,0.519,1.7,2.0,0.857,1.0,5.0,6.0,2.6,0.6,0.9,2.9,3.6,21.3,100,127,,johnstr03
139,Donovan Clingan,21,POR,C,13,13,326,6.6,13.8,0.479,1.1,5.7,0.200,5.4,8.0,0.679,0.521,2.2,2.3,0.938,8.3,8.5,16.8,2.2,1.3,2.6,1.3,5.2,16.5,132,116,,clingdo01
140,Noah Clowney,21,BRK,PF,13,7,326,5.1,14.6,0.347,3.3,11.1,0.297,1.8,3.6,0.500,0.459,4.9,6.6,0.750,1.5,6.1,7.6,3.4,1.2,0.7,3.1,3.9,18.4,102,124,,clownno01
141,Christian Braun,24,DEN,SG,11,11,325,7.1,14.4,0.495,0.9,4.2,0.214,6.2,10.2,0.609,0.526,3.4,4.3,0.793,2.7,4.5,7.1,4.9,1.3,0.4,2.1,3.6,18.5,121,115,,braunch01
142,Tristan Da Silva,24,ORL,SF,14,2,324,8.6,17.6,0.487,4.1,10.2,0.406,4.4,7.4,0.600,0.605,2.8,3.6,0.792,1.9,6.1,8.0,2.1,1.9,0.4,1.8,1.8,24.1,123,114,,dasiltr01
143,Derrick Jones Jr.,28,LAC,SF,13,13,324,7.5,14.2,0.533,2.5,7.1,0.348,5.1,7.1,0.717,0.620,3.4,4.3,0.786,1.7,3.1,4.8,2.2,1.7,2.3,1.5,4.0,20.9,127,120,,jonesde02
144,Javonte Green,32,DET,SG,14,3,321,5.3,13.5,0.396,2.1,6.8,0.304,3.3,6.7,0.489,0.473,4.0,5.3,0.750,2.1,5.9,8.0,2.5,2.2,1.0,1.5,3.6,16.8,115,111,,greenja02
145,Marcus Smart,31,LAL,SG,11,9,321,5.3,13.1,0.402,1.8,7.8,0.231,3.5,5.3,0.657,0.471,4.5,4.8,0.938,0.9,3.0,3.9,5.6,3.6,0.3,3.9,5.0,16.8,104,114,,smartma01
146,Moussa Diabaté,24,CHO,C,14,1,319,8.0,11.8,0.679,0.0,0.0,,8.0,11.8,0.679,0.679,5.7,8.2,0.704,8.3,8.5,16.8,2.3,1.4,3.2,1.7,5.1,21.7,148,116,,diabamo01
147,Derik Queen,21,NOP,C,14,2,316,8.4,17.8,0.470,0.2,1.6,0.100,8.2,16.3,0.505,0.474,5.6,7.3,0.766,4.0,9.5,13.5,5.7,2.2,1.7,5.0,6.7,22.5,104,119,,queende01
148,Moses Moody,23,GSW,SG,13,5,315,8.0,18.2,0.442,5.9,13.1,0.453,2.1,5.2,0.412,0.604,3.9,4.7,0.839,0.9,4.6,5.5,2.9,1.8,1.7,2.3,3.5,25.9,119,113,,moodymo01
149,Jusuf Nurkić,31,UTA,C,13,8,314,5.3,14.2,0.372,0.6,3.6,0.167,4.7,10.6,0.443,0.394,3.0,5.0,0.606,4.4,14.4,18.8,7.1,3.5,0.9,5.3,5.4,14.2,92,110,,nurkiju01
150,Bobby Portis,30,MIL,PF,15,0,313,8.9,18.9,0.468,3.1,7.2,0.426,5.8,11.8,0.494,0.548,1.5,2.1,0.714,2.7,9.9,12.7,2.6,0.8,0.2,2.7,3.8,22.3,107,118,,portibo01
151,Dean Wade,29,CLE,PF,14,2,312,3.9,10.2,0.382,2.4,7.5,0.320,1.5,2.7,0.556,0.500,1.4,1.8,0.750,1.8,6.0,7.8,3.0,1.7,1.2,0.6,3.5,11.6,121,114,,wadede01
152,Sam Merrill,29,CLE,SG,12,8,311,8.1,17.5,0.466,6.6,14.9,0.444,1.5,2.6,0.588,0.655,2.3,2.4,0.938,1.4,2.4,3.8,4.1,0.9,0.5,1.5,5.3,25.2,134,119,,merrisa01
153,Tre Mann,24,CHO,PG,14,1,308,8.4,23.2,0.365,3.4,11.3,0.306,5.0,11.9,0.421,0.439,1.9,2.0,0.923,1.6,5.3,6.9,6.7,1.7,0.3,4.2,5.0,22.2,97,120,,manntr01
154,Josh Hart,30,NYK,SF,12,0,306,6.7,14.2,0.473,1.9,5.8,0.324,4.9,8.4,0.574,0.538,1.9,2.5,0.750,3.0,9.2,12.2,8.8,1.7,0.3,3.9,3.8,17.2,115,114,,hartjo01
155,Cameron Johnson,29,DEN,SF,12,12,306,5.5,14.2,0.389,2.0,7.1,0.289,3.5,7.1,0.489,0.461,2.4,2.8,0.833,1.4,3.8,5.2,3.6,0.9,0.2,0.9,3.9,15.4,114,117,,johnsca02
156,Pelle Larsson,24,MIA,SG,14,11,305,7.4,13.8,0.538,2.5,6.5,0.386,4.9,7.3,0.673,0.629,3.7,4.6,0.806,0.7,4.9,5.7,5.8,0.9,0.3,2.5,3.9,21.1,124,118,,larsspe01
157,Mark Williams,24,PHO,C,12,9,305,8.6,14.0,0.614,0.0,0.0,,8.6,14.0,0.614,0.614,4.6,5.9,0.784,5.4,10.7,16.1,1.7,2.4,1.7,1.6,5.4,21.8,136,110,,willima07
158,Anthony Edwards,24,MIN,SG,10,10,303,13.5,28.8,0.467,4.9,12.5,0.388,8.6,16.3,0.529,0.552,8.8,10.2,0.862,1.4,5.6,7.1,5.6,1.9,0.9,3.8,2.7,40.6,119,114,,edwaran01
159,Sam Hauser,28,BOS,PF,14,2,301,5.0,15.9,0.313,4.6,14.1,0.329,0.3,1.8,0.182,0.458,0.5,0.7,0.750,1.7,5.8,7.5,3.0,1.2,0.7,1.7,2.3,15.1,102,116,,hausesa01
160,Keldon Johnson,26,SAS,SF,13,0,301,9.3,16.7,0.558,1.1,4.5,0.250,8.2,12.2,0.671,0.591,3.4,4.2,0.808,5.0,7.9,12.8,3.5,1.6,0.2,1.4,4.0,23.1,134,113,,johnske04
161,Peyton Watson,23,DEN,SF,13,3,300,4.8,10.9,0.441,0.8,3.1,0.263,4.0,7.9,0.510,0.478,2.9,4.0,0.720,2.3,5.3,7.6,2.7,2.4,2.6,2.1,3.9,13.3,108,110,,watsope01
162,Nikola Jović,22,MIA,PF,14,1,299,6.2,15.5,0.402,2.3,7.7,0.294,3.9,7.7,0.510,0.475,3.9,5.3,0.743,1.5,7.7,9.3,6.5,1.4,0.9,3.8,5.6,18.7,102,114,,jovicni01
163,Klay Thompson,35,DAL,SF,14,7,298,7.4,21.8,0.338,5.0,16.1,0.311,2.3,5.6,0.417,0.453,0.9,0.9,1.000,0.5,5.2,5.6,3.9,0.8,0.8,2.5,1.6,20.7,91,115,,thompkl01
164,Zaccharie Risacher,20,ATL,SF,12,12,297,9.7,20.3,0.477,3.2,9.2,0.345,6.5,11.1,0.586,0.555,2.1,3.0,0.684,1.1,4.0,5.1,2.9,2.2,1.1,1.6,3.3,24.6,110,113,,risacza01
165,Tim Hardaway Jr.,33,DEN,SG,13,1,296,8.0,17.3,0.462,5.4,11.4,0.471,2.6,5.9,0.444,0.618,2.8,2.9,0.944,0.7,3.4,4.1,3.1,1.3,0.2,0.5,2.8,24.1,137,116,,hardati02
166,Bruce Brown,29,DEN,SG,13,0,292,4.8,11.6,0.414,1.5,3.6,0.409,3.3,7.9,0.417,0.479,2.1,2.5,0.867,2.3,6.9,9.2,2.6,1.5,0.3,1.7,5.0,13.2,112,113,,brownbr01
167,Ausar Thompson,23,DET,SF,10,10,291,9.5,18.8,0.504,0.7,2.1,0.308,8.8,16.7,0.529,0.522,3.1,6.4,0.487,3.3,7.5,10.8,5.6,2.9,1.1,2.3,4.7,22.8,113,108,,thompau01
168,Landry Shamet,28,NYK,SG,13,4,288,6.5,14.5,0.448,4.3,10.5,0.413,2.2,4.0,0.542,0.598,4.3,5.2,0.839,1.0,3.5,4.5,2.5,0.8,0.3,1.0,2.8,21.6,135,119,,shamela01
169,Patrick Williams,24,CHI,PF,13,0,284,5.8,13.4,0.432,3.3,8.1,0.408,2.5,5.3,0.469,0.556,2.3,3.3,0.700,1.5,4.6,6.1,3.3,2.5,0.8,2.3,3.6,17.2,110,117,,willipa01
170,Jaylon Tyson,23,CLE,SG,11,7,284,7.3,14.9,0.489,4.0,8.6,0.462,3.3,6.3,0.526,0.622,1.7,2.1,0.769,2.5,4.8,7.3,3.3,2.3,1.5,1.8,6.9,20.1,126,112,,tysonja01
171,Mike Conley,38,MIN,PG,14,4,282,4.4,10.3,0.426,3.2,6.9,0.463,1.2,3.4,0.350,0.582,2.5,2.5,1.000,0.8,3.9,4.7,8.2,1.9,0.5,2.4,4.4,14.5,129,116,,conlemi01
172,Ayo Dosunmu,26,CHI,SG,11,0,280,10.4,18.8,0.554,3.4,7.2,0.465,7.0,11.6,0.609,0.643,4.9,5.4,0.906,0.5,4.0,4.5,6.2,1.2,0.2,2.3,3.2,29.0,132,121,,dosunay01
173,Lonzo Ball,28,CLE,PG,12,2,276,4.2,12.4,0.342,3.2,10.0,0.322,1.0,2.4,0.429,0.473,1.2,1.7,0.700,2.4,5.9,8.3,10.9,2.2,0.3,4.6,4.1,12.9,105,113,,balllo01
174,Tyrese Martin,26,BRK,SG,13,2,275,6.4,17.2,0.371,3.0,10.1,0.298,3.4,7.1,0.475,0.459,1.1,1.6,0.667,2.5,4.8,7.3,5.7,1.2,0.5,2.5,2.3,16.8,102,125,,martity01
175,Reed Sheppard,21,HOU,PG,12,0,275,10.1,20.5,0.491,5.9,12.4,0.478,4.1,8.1,0.511,0.636,1.1,1.6,0.667,0.5,5.2,5.8,6.7,3.4,0.7,2.7,4.3,27.2,132,112,,sheppre01
176,Cole Anthony,25,MIL,PG,14,0,274,9.1,21.6,0.419,1.9,6.5,0.297,7.1,15.2,0.471,0.464,1.4,2.6,0.533,1.4,6.6,8.0,12.7,1.7,0.9,5.1,6.8,21.4,100,117,,anthoco01
177,Andre Drummond,32,PHI,C,12,4,274,7.0,11.8,0.597,1.2,2.8,0.438,5.8,9.0,0.647,0.649,2.6,4.2,0.625,6.7,13.5,20.2,1.6,1.6,1.8,1.2,4.2,17.9,140,110,,drumman01
178,Luke Kennard,29,ATL,SG,12,0,274,6.0,12.4,0.486,3.1,7.2,0.429,2.9,5.2,0.567,0.611,2.1,2.2,0.923,1.4,3.3,4.6,3.6,2.1,0.2,2.6,2.6,17.2,115,115,,kennalu01
179,Kris Murray,25,POR,SF,12,0,273,4.6,9.6,0.482,1.0,3.3,0.316,3.6,6.3,0.568,0.536,0.7,1.0,0.667,2.6,3.9,6.5,2.2,2.2,0.3,1.2,3.8,11.0,118,119,,murrakr01
180,Luguentz Dort,26,OKC,SF,9,9,273,4.1,11.9,0.343,2.1,7.8,0.273,2.0,4.1,0.478,0.433,2.1,2.3,0.923,2.5,4.6,7.1,2.3,1.4,0.4,1.1,4.4,12.4,109,109,,dortlu01
181,Brandon Williams,26,DAL,PG,13,5,272,8.6,19.7,0.435,0.9,5.3,0.161,7.7,14.4,0.536,0.457,6.3,8.1,0.787,1.2,4.6,5.8,7.2,3.8,0.3,4.1,3.8,24.3,102,109,,willibr03
182,Josh Okogie,27,HOU,SG,12,10,271,5.7,11.5,0.492,2.9,6.4,0.457,2.7,5.1,0.536,0.619,3.3,4.0,0.818,2.0,2.9,4.9,2.7,3.5,0.4,1.3,4.6,17.5,141,114,,okogijo01
183,Isaiah Jackson,24,IND,C,14,10,268,8.3,14.3,0.580,0.0,0.0,,8.3,14.3,0.580,0.580,4.8,6.0,0.794,6.9,8.8,15.7,2.6,1.8,0.9,2.8,8.1,21.3,124,117,,jacksis01
184,Miles McBride,25,NYK,SG,11,3,267,7.2,17.8,0.404,4.3,11.1,0.387,2.9,6.6,0.432,0.525,1.1,1.8,0.600,1.6,3.8,5.4,4.8,1.6,0.2,1.6,3.0,19.7,116,118,,mcbrimi01
185,Malik Monk,27,SAC,SG,11,0,267,9.1,20.0,0.456,3.9,8.8,0.440,5.3,11.2,0.469,0.553,3.2,3.5,0.900,0.5,2.5,3.0,4.0,1.8,0.9,1.9,3.3,25.3,113,123,,monkma01
186,Simone Fontecchio,30,MIA,SF,14,0,266,9.0,18.3,0.495,6.3,12.6,0.500,2.7,5.6,0.485,0.668,3.1,3.6,0.857,1.2,5.1,6.3,2.7,1.4,0.5,2.0,5.6,27.5,125,117,,fontesi01
187,Jaylin Williams,23,OKC,PF,14,1,266,4.4,13.3,0.329,3.1,11.7,0.266,1.3,1.6,0.778,0.445,0.9,1.3,0.714,1.5,10.7,12.2,5.8,1.5,1.5,2.6,4.2,12.8,100,103,,willija07
188,Keon Ellis,26,SAC,SG,14,2,263,6.1,13.4,0.453,4.3,9.6,0.444,1.8,3.7,0.476,0.613,1.2,1.8,0.700,0.7,3.0,3.7,1.6,3.6,0.7,1.1,5.9,17.7,117,119,,elliske01
189,Josh Minott,23,BOS,PF,13,9,263,6.6,14.4,0.461,2.5,7.4,0.333,4.2,7.0,0.595,0.546,2.7,3.2,0.824,4.7,8.4,13.1,3.6,2.7,0.9,1.7,5.5,18.4,127,110,,minotjo01
190,Cam Spencer,25,MEM,SG,14,1,262,6.4,15.4,0.419,4.8,10.7,0.450,1.6,4.7,0.346,0.576,4.1,4.7,0.885,0.4,4.7,5.0,7.5,1.8,0.2,2.1,3.6,21.8,124,118,,spencca01
191,Ace Bailey,19,UTA,SF,13,4,261,7.5,18.0,0.414,2.4,7.3,0.325,5.1,10.7,0.475,0.480,2.5,3.1,0.824,4.7,3.8,8.6,3.6,1.5,0.4,3.3,5.8,19.8,106,122,,baileac01
192,Craig Porter Jr.,25,CLE,PG,15,0,259,6.3,12.0,0.530,2.2,4.9,0.444,4.2,7.1,0.590,0.621,1.1,2.2,0.500,3.6,4.0,7.6,6.7,2.9,1.4,2.4,2.7,15.9,127,112,,portecr01
193,Isaiah Joe,26,OKC,SG,10,0,259,8.4,19.5,0.433,6.4,15.7,0.405,2.1,3.7,0.550,0.596,4.3,4.9,0.885,1.3,4.9,6.2,3.0,1.3,0.2,2.1,3.4,27.5,124,109,,joeis01
194,Jose Alvarado,27,NOP,PG,13,0,258,6.5,15.4,0.420,3.8,9.7,0.392,2.7,5.7,0.467,0.543,2.1,2.5,0.846,1.1,4.7,5.9,6.1,2.5,0.0,2.7,4.0,18.8,115,123,,alvarjo01
195,Kyle Filipowski,22,UTA,C,13,5,258,6.4,15.7,0.412,2.0,6.4,0.314,4.4,9.2,0.480,0.476,3.7,5.3,0.690,3.7,9.8,13.4,5.5,0.9,1.3,2.9,6.6,18.6,110,118,,filipky01
196,Jarred Vanderbilt,26,LAL,PF,14,2,257,4.1,9.4,0.440,0.8,2.6,0.286,3.4,6.8,0.500,0.480,3.0,3.6,0.842,3.6,11.1,14.6,3.9,2.6,0.9,4.1,5.1,12.0,102,110,,vandeja01
197,Tari Eason,24,HOU,PF,11,1,255,9.1,18.4,0.495,5.2,10.3,0.509,3.9,8.1,0.476,0.637,1.0,1.4,0.714,3.1,8.0,11.1,3.5,1.7,1.0,3.7,3.5,24.4,122,114,,easonta01
198,LaMelo Ball,24,CHO,PG,8,8,255,11.3,28.0,0.405,4.3,13.8,0.315,7.0,14.2,0.493,0.483,6.2,7.4,0.846,1.9,8.5,10.4,14.5,2.1,0.2,5.1,4.9,33.3,116,118,,ballla01
199,Jakob Poeltl,30,TOR,C,10,10,254,8.8,12.1,0.723,0.0,0.0,,8.8,12.1,0.723,0.723,3.5,6.5,0.543,5.2,8.8,14.0,3.2,1.1,1.1,2.2,6.7,21.1,134,113,,poeltja01
200,Jamal Shead,23,TOR,PG,14,0,253,5.4,12.5,0.433,3.0,7.1,0.421,2.4,5.4,0.448,0.552,2.4,3.0,0.813,0.9,3.6,4.5,13.1,2.1,0.2,3.4,5.4,16.3,122,115,,sheadja01
201,Buddy Hield,33,GSW,SG,15,0,252,7.0,16.5,0.425,3.4,10.6,0.321,3.6,5.9,0.613,0.529,2.3,2.5,0.923,0.9,3.6,4.6,4.6,2.5,0.0,2.8,3.6,19.7,107,115,,hieldbu01
202,Ziaire Williams,24,BRK,SF,11,0,251,6.6,16.7,0.395,3.9,12.4,0.313,2.7,4.3,0.636,0.512,4.3,5.0,0.846,1.6,3.9,5.4,1.0,1.9,1.0,1.7,5.4,21.3,111,124,,willizi02
203,Nicolas Batum,37,LAC,PF,14,2,250,3.8,11.4,0.333,3.4,10.4,0.327,0.4,1.0,0.400,0.482,0.8,0.8,1.000,1.2,7.0,8.2,2.2,2.4,1.6,1.6,5.6,11.8,102,117,,batumni01
204,Isaiah Stewart,24,DET,C,11,4,250,8.6,17.5,0.489,2.7,6.9,0.389,5.9,10.7,0.554,0.565,3.0,4.4,0.696,4.6,8.6,13.1,2.9,0.4,4.6,2.3,6.7,22.9,121,109,,stewais01
205,Khris Middleton,34,WAS,SF,10,10,248,7.2,15.1,0.475,1.7,5.3,0.321,5.5,9.8,0.558,0.531,2.6,3.6,0.737,2.5,4.9,7.4,4.5,1.7,0.4,3.0,6.2,18.7,108,125,,middlkh01
206,Aaron Wiggins,27,OKC,SG,9,5,248,10.0,21.7,0.459,4.9,11.7,0.417,5.1,10.0,0.510,0.572,1.2,1.8,0.667,1.8,4.7,6.4,3.9,0.8,1.4,1.8,3.9,26.0,116,109,,wiggiaa01
207,Corey Kispert,26,WAS,SF,13,0,247,6.8,13.6,0.500,3.4,8.9,0.383,3.4,4.7,0.720,0.625,2.7,3.6,0.737,0.8,4.9,5.7,4.0,0.6,0.4,1.7,3.2,19.7,124,128,,kispeco01
208,Dalton Knecht,24,LAL,SF,13,1,246,7.7,16.5,0.464,2.9,9.0,0.326,4.7,7.5,0.632,0.554,1.2,1.8,0.667,1.6,4.5,6.1,1.6,1.4,1.2,1.6,3.7,19.4,110,117,,knechda01
209,Egor Demin,19,BRK,PG,12,5,246,5.5,14.8,0.373,4.0,11.1,0.357,1.6,3.8,0.421,0.507,1.6,1.8,0.889,1.2,5.9,7.1,7.9,2.0,0.4,3.6,4.2,16.6,106,123,,demineg01
210,Bam Adebayo,28,MIA,C,8,8,243,10.5,23.2,0.452,3.0,8.8,0.340,7.5,14.4,0.519,0.516,5.8,6.7,0.861,1.5,10.6,12.1,4.3,1.5,0.4,3.0,2.4,29.7,110,112,,adebaba01
211,Steven Adams,32,HOU,C,11,2,239,5.2,10.1,0.510,0.0,0.0,,5.2,10.1,0.510,0.510,3.5,4.8,0.739,11.6,9.7,21.3,3.3,1.7,1.7,2.5,5.0,13.9,134,112,,adamsst01
212,Dillon Brooks,30,PHO,SF,8,8,239,12.6,27.4,0.459,4.3,12.6,0.339,8.3,14.8,0.562,0.537,6.3,6.7,0.939,1.2,4.1,5.3,3.0,3.2,0.4,3.2,5.7,35.7,115,114,,brookdi01
213,Will Richard,23,GSW,SG,13,4,237,8.7,15.3,0.566,3.6,8.9,0.409,5.0,6.5,0.781,0.684,3.6,4.6,0.783,3.2,3.2,6.5,3.4,2.8,0.2,2.0,5.6,24.6,135,114,,richawi02
214,Goga Bitadze,26,ORL,C,14,0,235,6.1,8.8,0.698,0.4,1.2,0.333,5.7,7.6,0.757,0.721,4.3,5.9,0.724,4.7,9.8,14.5,3.3,1.4,3.7,1.4,6.1,16.9,149,108,,bitadgo01
215,Gradey Dick,22,TOR,SG,14,0,234,6.9,16.0,0.430,3.4,9.5,0.362,3.4,6.5,0.531,0.538,4.7,5.7,0.821,1.2,5.1,6.3,1.8,1.4,0.0,1.0,2.4,21.8,120,116,,dickgr01
216,Jordan Clarkson,33,NYK,SG,13,0,233,10.3,21.6,0.476,3.9,10.7,0.365,6.4,10.9,0.585,0.567,3.9,4.5,0.864,2.3,2.7,4.9,4.5,1.0,0.4,2.5,5.5,28.4,123,119,,clarkjo01
217,Dru Smith,28,MIA,SG,14,0,232,6.3,13.1,0.478,2.3,6.1,0.387,3.9,7.0,0.556,0.567,2.3,2.7,0.857,2.3,3.1,5.5,9.0,4.1,0.4,2.3,4.9,17.2,126,112,,smithdr01
218,Sandro Mamukelashvili,26,TOR,C,13,0,232,9.0,15.5,0.579,2.9,6.3,0.452,6.1,9.2,0.667,0.671,4.1,5.1,0.800,2.7,6.9,9.6,4.9,1.2,1.2,2.4,4.7,24.9,132,114,,mamuksa01
219,Kristaps Porziņģis,30,ATL,C,9,9,232,10.0,23.2,0.430,2.8,9.1,0.311,7.1,14.0,0.507,0.491,8.9,10.4,0.863,3.5,6.9,10.4,6.7,1.0,2.8,2.0,5.5,31.7,123,112,,porzikr01
220,Mouhamed Gueye,23,ATL,PF,14,2,231,7.3,14.7,0.500,2.0,6.9,0.294,5.3,7.8,0.684,0.569,1.0,2.0,0.500,3.1,7.8,10.8,4.1,1.2,1.6,2.4,5.5,17.8,111,112,,gueyemo02
221,Cam Thomas,24,BRK,SG,8,8,226,11.4,28.4,0.402,3.4,9.7,0.356,8.0,18.7,0.425,0.462,10.6,12.1,0.875,0.6,1.7,2.4,4.5,0.9,0.2,3.4,3.2,36.9,109,128,,thomaca02
222,Cam Whitmore,21,WAS,SF,13,0,221,9.5,20.9,0.455,2.3,7.2,0.324,7.2,13.8,0.523,0.510,3.2,4.2,0.750,1.7,4.7,6.3,1.7,2.3,0.4,2.8,3.6,24.5,101,124,,whitmca01
223,Jalen Suggs,24,ORL,PG,10,10,221,9.1,16.9,0.538,3.9,9.8,0.400,5.2,7.2,0.727,0.654,5.0,5.6,0.885,1.5,6.9,8.5,9.6,3.5,0.7,6.5,7.6,27.1,117,109,,suggsja01
224,Oso Ighodaro,23,PHO,PF,14,4,220,5.7,11.0,0.520,0.0,0.0,,5.7,11.0,0.520,0.520,1.5,3.1,0.500,1.3,8.6,9.9,3.7,1.3,2.2,4.0,7.7,13.0,93,113,,ighodos01
225,Collin Murray-Boyles,20,TOR,PF,11,3,220,7.3,14.6,0.500,1.9,3.9,0.500,5.4,10.8,0.500,0.566,3.4,4.5,0.762,4.1,4.1,8.2,2.8,1.7,1.1,2.6,5.8,20.0,117,115,,murraco01
226,Al Horford,39,GSW,C,10,0,216,4.4,13.1,0.339,3.1,9.5,0.326,1.3,3.5,0.375,0.458,0.0,0.0,,2.2,6.4,8.6,4.0,1.8,2.2,2.9,3.5,12.0,93,112,,horfoal01
227,Quinten Post,25,GSW,PF,15,7,214,6.7,15.2,0.441,4.0,10.9,0.367,2.7,4.2,0.632,0.574,1.1,1.6,0.714,2.9,10.1,13.0,2.9,1.3,2.0,2.0,3.8,18.5,115,111,,postqu01
228,Brook Lopez,37,LAC,C,14,0,213,7.7,18.3,0.423,4.4,12.6,0.352,3.3,5.6,0.583,0.545,1.9,2.6,0.727,0.9,6.3,7.3,1.9,1.2,2.6,3.0,5.6,21.8,101,119,,lopezbr01
229,Trendon Watford,25,PHI,PF,10,4,213,7.9,14.7,0.538,1.1,2.7,0.417,6.8,12.0,0.566,0.577,3.2,4.3,0.737,2.9,7.7,10.6,8.4,0.9,0.5,3.2,6.3,20.1,124,117,,watfotr01
230,Jordan Poole,26,NOP,PG,7,4,212,8.1,22.9,0.354,4.6,13.6,0.339,3.5,9.2,0.375,0.455,7.2,7.4,0.969,0.7,2.1,2.8,5.5,0.5,0.5,3.5,4.2,28.0,109,129,,poolejo01
231,Vit Krejci,25,ATL,PG,10,0,211,8.7,16.1,0.542,5.8,12.1,0.481,2.9,4.0,0.722,0.722,1.6,2.2,0.700,0.7,4.7,5.4,4.0,1.1,0.7,1.3,5.6,24.8,134,116,,krejcvi01
232,Keaton Wallace,26,ATL,PG,13,2,209,5.2,12.2,0.426,2.9,7.0,0.419,2.3,5.2,0.435,0.546,0.5,0.9,0.500,0.2,5.4,5.6,8.8,2.5,0.5,2.5,4.3,13.8,112,112,,wallake01
233,Bogdan Bogdanović,33,LAC,SG,8,2,209,6.2,15.7,0.394,3.3,9.8,0.341,2.9,6.0,0.480,0.500,2.6,3.1,0.846,0.5,6.7,7.2,6.4,1.7,0.2,2.9,5.0,18.4,108,120,,bogdabo01
234,Jalen Smith,25,CHI,C,13,0,208,11.1,22.6,0.490,5.0,12.4,0.400,6.1,10.2,0.600,0.600,2.9,4.3,0.684,5.9,12.6,18.5,4.1,0.9,0.9,2.9,6.1,30.0,121,116,,smithja04
235,Daniel Gafford,27,DAL,C,9,9,207,8.3,12.6,0.661,0.0,0.0,,8.3,12.6,0.661,0.661,5.0,6.1,0.815,4.5,7.4,11.9,2.3,1.8,3.4,2.3,5.6,21.6,133,108,,gaffoda01
236,Drew Eubanks,28,SAC,C,14,3,205,8.5,12.8,0.661,0.0,0.2,0.000,8.5,12.6,0.673,0.661,3.4,7.1,0.484,2.1,6.9,8.9,0.9,1.6,3.2,3.0,4.1,20.4,108,118,,eubandr01
237,Tony Bradley,28,IND,C,14,3,204,7.6,12.9,0.589,0.0,0.2,0.000,7.6,12.7,0.600,0.589,3.0,4.4,0.684,6.7,4.4,11.1,2.5,0.5,0.7,1.6,8.1,18.3,129,122,,bradlto01
238,Jay Huff,27,IND,C,14,2,202,6.3,16.8,0.375,3.0,11.4,0.265,3.3,5.4,0.609,0.465,2.1,3.0,0.692,3.3,6.1,9.3,2.3,0.2,5.8,1.9,6.5,17.7,103,116,,huffja01
239,Kawhi Leonard,34,LAC,SF,6,6,201,13.1,26.1,0.505,3.5,8.7,0.400,9.7,17.4,0.557,0.571,6.5,6.7,0.963,1.2,7.2,8.4,5.2,3.7,1.0,2.7,1.7,36.2,123,114,,leonaka01
240,Andrew Nembhard,26,IND,PG,7,7,200,8.7,21.9,0.398,3.1,9.4,0.325,5.7,12.5,0.453,0.468,8.5,8.7,0.973,0.5,2.4,2.8,10.1,0.5,0.5,4.0,4.0,29.0,115,124,,nembhan01
241,Caris LeVert,31,DET,SG,10,0,198,8.4,16.6,0.507,2.9,7.2,0.400,5.5,9.4,0.590,0.594,2.9,4.8,0.600,0.5,3.6,4.1,8.4,1.4,1.0,4.1,2.9,22.6,114,114,,leverca01
242,Jaylen Clark,24,MIN,SG,12,0,197,5.1,11.1,0.457,1.9,5.3,0.364,3.1,5.8,0.542,0.543,2.4,3.9,0.625,3.6,3.4,7.0,2.2,2.4,0.2,1.2,6.7,14.5,123,115,,clarkja02
243,Jordan Hawkins,23,NOP,SG,13,0,194,5.6,17.7,0.314,2.5,10.1,0.250,3.0,7.6,0.400,0.386,1.3,1.8,0.714,1.5,4.8,6.3,3.5,0.5,0.0,1.0,2.0,14.9,96,128,,hawkijo01
244,Tobias Harris,33,DET,PF,6,6,193,6.9,17.5,0.394,2.0,6.9,0.286,4.9,10.6,0.465,0.451,4.2,4.4,0.944,1.2,7.7,8.9,4.2,1.2,0.2,2.0,4.4,20.0,111,113,,harrito02
245,Nique Clifford,23,SAC,SG,10,2,192,4.2,12.5,0.333,1.5,5.6,0.261,2.7,6.8,0.393,0.392,1.7,2.4,0.700,1.7,5.6,7.3,5.4,1.0,1.0,1.7,5.6,11.5,97,123,,cliffni01
246,Marvin Bagley III,26,WAS,PF,13,0,190,9.4,14.3,0.655,0.7,1.5,0.500,8.6,12.8,0.673,0.681,3.7,5.2,0.714,5.9,7.6,13.5,3.9,1.5,1.7,3.0,6.6,23.1,131,122,,baglema01
247,Day'Ron Sharpe,24,BRK,C,12,0,189,7.2,11.6,0.622,0.8,2.6,0.300,6.4,9.0,0.714,0.656,4.6,7.0,0.667,7.2,9.0,16.2,5.9,2.6,1.5,6.2,7.5,19.8,114,118,,sharpda01
248,Daniss Jenkins,24,DET,PG,9,3,189,10.3,21.4,0.482,3.0,6.3,0.480,7.3,15.1,0.483,0.553,2.5,3.5,0.714,2.0,2.5,4.5,9.3,3.3,0.0,3.8,3.8,26.2,117,112,,jenkida01
249,Jeremiah Robinson-Earl,25,IND,PF,9,3,187,4.8,13.4,0.358,0.8,4.3,0.176,4.0,9.1,0.444,0.387,2.0,2.3,0.889,6.3,8.8,15.1,1.8,1.3,0.0,1.5,2.5,12.4,103,119,,robinje02
250,Luka Garza,27,BOS,C,13,0,185,9.4,16.5,0.574,2.2,5.7,0.381,7.3,10.8,0.675,0.639,4.6,5.9,0.773,8.6,5.9,14.6,3.0,1.1,1.6,1.3,10.8,25.6,147,115,,garzalu01
251,Jaxson Hayes,25,LAL,C,11,1,185,6.3,9.1,0.686,0.3,0.3,1.000,6.0,8.9,0.676,0.700,1.8,2.9,0.636,3.4,8.6,12.0,3.4,1.0,1.3,1.6,4.4,14.6,138,115,,hayesja02
252,Jordan Goodwin,27,PHO,PG,11,0,184,7.1,16.6,0.429,3.4,8.7,0.394,3.7,7.9,0.467,0.532,1.6,2.1,0.750,4.5,6.3,10.8,5.8,3.4,0.3,3.2,4.7,19.2,116,112,,goodwjo01
253,Alex Caruso,31,OKC,SG,10,0,183,5.3,13.8,0.385,3.4,9.3,0.371,1.9,4.5,0.412,0.510,1.3,1.6,0.833,0.5,5.0,5.6,6.4,5.0,0.8,2.4,1.9,15.4,109,100,,carusal01
254,Larry Nance Jr.,33,CLE,PF,12,1,181,4.7,13.7,0.340,1.8,6.7,0.269,2.9,7.0,0.407,0.406,0.3,0.8,0.333,2.6,7.3,9.8,4.1,1.6,0.5,2.3,8.8,11.4,92,114,,nancela02
255,Tyus Jones,29,ORL,PG,14,1,178,2.4,9.4,0.257,0.5,5.1,0.105,1.9,4.3,0.438,0.286,0.0,0.0,,0.8,2.7,3.5,5.4,2.7,0.5,1.3,2.4,5.4,83,114,,jonesty01
256,Walter Clayton,22,UTA,PG,11,0,178,5.9,14.4,0.407,2.7,7.7,0.345,3.2,6.7,0.480,0.500,3.7,3.7,1.000,1.6,5.3,6.9,9.3,1.3,0.8,4.0,5.3,18.1,114,121,,claytwa01
257,Adem Bona,22,PHI,C,12,3,177,2.4,5.4,0.450,0.0,0.3,0.000,2.4,5.2,0.474,0.450,2.2,4.4,0.500,4.1,7.1,11.2,0.8,1.4,5.4,1.9,4.9,7.1,102,111,,bonaad01
258,Yves Missi,21,NOP,C,9,5,175,6.2,10.1,0.611,0.0,0.0,,6.2,10.1,0.611,0.611,2.5,5.0,0.500,7.0,5.0,12.0,3.4,0.8,2.5,3.1,3.9,14.8,118,124,,missiyv01
259,Brice Sensabaugh,22,UTA,SF,12,0,174,10.1,22.1,0.457,5.7,15.8,0.362,4.4,6.3,0.696,0.586,3.8,4.1,0.933,1.6,7.4,9.0,3.5,1.6,0.3,2.7,4.9,29.8,119,119,,sensabr01
260,Vince Williams Jr.,25,MEM,SG,9,1,174,6.2,15.6,0.397,3.8,10.5,0.359,2.4,5.1,0.474,0.517,3.2,3.8,0.857,1.6,8.6,10.2,6.5,1.9,0.5,4.9,4.9,19.4,100,115,,willivi01
261,Jalen Wilson,25,BRK,PF,11,0,173,5.9,14.9,0.396,4.5,10.1,0.444,1.4,4.8,0.294,0.547,2.8,3.7,0.769,0.6,2.5,3.1,2.0,0.6,0.0,2.3,4.2,19.1,107,129,,wilsoja03
262,Jordan Walsh,21,BOS,PF,10,2,173,5.2,11.3,0.462,2.0,4.9,0.412,3.2,6.3,0.500,0.551,0.9,1.2,0.750,3.8,8.9,12.7,2.9,2.9,1.7,0.6,6.3,13.3,133,109,,walshjo01
263,De'Aaron Fox,28,SAS,PG,5,5,171,12.1,23.7,0.512,3.4,9.0,0.375,8.7,14.7,0.596,0.583,3.4,3.7,0.923,2.0,3.1,5.1,9.6,1.4,0.3,5.6,3.7,31.0,115,116,,foxde01
264,Taurean Prince,31,MIL,SF,8,0,169,4.8,10.7,0.447,3.4,7.9,0.429,1.4,2.8,0.500,0.605,0.8,0.8,1.000,0.0,3.7,3.7,2.3,1.7,0.6,1.4,5.7,13.9,114,119,,princta02
265,RayJ Dennis,24,IND,PG,11,0,161,6.4,20.5,0.314,3.5,10.8,0.324,2.9,9.7,0.303,0.400,2.3,2.6,0.889,2.3,3.2,5.6,7.3,0.9,1.2,4.1,4.7,18.7,92,122,,dennira01
266,Jabari Walker,23,PHI,PF,13,5,158,4.9,11.6,0.421,0.6,3.7,0.167,4.3,7.9,0.538,0.447,1.2,1.5,0.800,4.9,6.4,11.3,1.5,0.6,0.9,1.5,6.7,11.6,109,118,,walkeja01
267,Zion Williamson,25,NOP,PF,5,5,157,11.9,24.3,0.487,0.0,0.0,,11.9,24.3,0.487,0.487,11.9,17.8,0.667,5.0,5.6,10.6,7.2,3.1,0.3,5.3,3.7,35.6,111,121,,willizi01
268,Jonas Valančiūnas,33,DEN,C,13,0,155,12.4,22.7,0.548,0.6,1.9,0.333,11.8,20.8,0.567,0.562,7.5,10.3,0.727,6.2,12.8,19.0,4.7,0.3,2.8,4.4,7.8,33.0,120,109,,valanjo01
269,Paul Reed,26,DET,C,12,2,155,11.4,16.6,0.685,1.2,2.5,0.500,10.1,14.1,0.717,0.722,2.2,3.7,0.583,7.7,9.2,16.9,4.9,4.0,3.4,4.3,7.4,26.1,129,102,,reedpa01
270,Justin Edwards,22,PHI,SF,11,1,154,7.5,16.6,0.453,5.0,11.9,0.421,2.5,4.7,0.533,0.604,0.9,0.9,1.000,2.2,4.1,6.3,4.1,0.6,0.6,1.6,7.2,20.9,126,120,,edwarju01
271,Walker Kessler,24,UTA,C,5,5,154,8.0,11.4,0.703,1.9,2.5,0.750,6.2,8.9,0.690,0.784,4.3,6.2,0.700,7.1,9.6,16.7,4.6,2.2,2.8,4.9,6.8,22.2,127,114,,kesslwa01
272,Anthony Davis,32,DAL,PF,5,5,149,12.2,23.5,0.520,0.9,3.4,0.273,11.3,20.0,0.563,0.540,7.2,9.7,0.742,5.3,10.6,16.0,3.4,2.5,1.9,3.4,4.1,32.5,114,106,,davisan02
273,Taylor Hendricks,22,UTA,PF,9,3,148,4.8,12.8,0.375,1.3,5.5,0.235,3.5,7.4,0.478,0.425,1.9,2.6,0.750,5.1,7.1,12.2,1.3,1.3,1.0,1.6,1.3,12.8,106,120,,hendrta01
274,Nick Richards,28,PHO,C,14,1,145,6.7,12.0,0.556,0.0,0.0,,6.7,12.0,0.556,0.556,6.0,8.4,0.720,6.0,10.4,16.4,1.7,0.7,2.3,4.3,7.0,19.4,113,113,,richani01
275,Tyrese Proctor,21,CLE,PG,12,0,142,6.9,20.5,0.339,4.0,13.5,0.293,3.0,6.9,0.429,0.435,2.0,2.3,0.857,0.7,3.3,4.0,4.6,1.3,0.0,2.0,6.6,19.8,100,117,,proctty01
276,Joel Embiid,31,PHI,C,6,6,140,13.8,29.9,0.460,3.1,9.6,0.321,10.7,20.3,0.525,0.511,10.0,12.0,0.829,3.1,8.3,11.4,6.9,1.7,3.1,5.5,4.5,40.6,113,112,,embiijo01
277,Dylan Harper,19,SAS,SG,6,0,140,11.0,22.1,0.500,1.7,4.8,0.357,9.3,17.2,0.540,0.539,5.2,6.2,0.833,1.7,6.6,8.3,7.9,1.4,0.0,3.8,6.2,29.0,118,114,,harpedy01
278,Trae Young,27,ATL,PG,5,5,139,8.8,23.7,0.371,1.7,8.8,0.192,7.1,14.9,0.477,0.407,10.9,13.2,0.821,0.0,3.4,3.4,13.2,1.4,0.3,3.4,3.1,30.2,113,117,,youngtr01
279,Gary Payton II,33,GSW,SG,14,0,138,5.2,12.5,0.417,1.0,5.5,0.188,4.2,6.9,0.600,0.458,0.0,0.0,,4.2,8.7,12.8,5.2,3.1,1.4,2.8,5.5,11.4,103,108,,paytoga02
280,John Konchar,29,MEM,SG,12,0,138,4.1,7.5,0.545,2.0,4.8,0.429,2.0,2.7,0.750,0.682,0.3,0.3,1.000,1.0,8.2,9.2,3.7,3.1,1.7,1.4,3.1,10.5,127,112,,konchjo01
281,Luke Kornet,30,SAS,C,6,1,138,8.7,10.8,0.806,0.0,0.0,,8.7,10.8,0.806,0.806,3.8,5.6,0.688,6.6,7.0,13.6,3.8,0.0,2.4,1.4,4.2,21.3,161,114,,kornelu01
282,Karlo Matković,24,NOP,PF,12,0,137,9.3,13.2,0.703,1.4,3.2,0.444,7.9,10.0,0.786,0.757,1.1,2.9,0.375,2.9,8.9,11.8,3.6,0.7,2.1,1.8,5.0,21.1,136,122,,matkoka01
283,Rob Dillingham,21,MIN,PG,12,0,136,8.4,21.3,0.393,1.0,4.5,0.231,7.3,16.8,0.438,0.418,2.8,3.8,0.727,0.7,3.8,4.5,8.7,3.1,0.0,5.6,5.2,20.6,90,113,,dilliro01
284,Hugo González,19,BOS,SF,11,1,136,5.1,11.4,0.452,1.8,3.7,0.500,3.3,7.7,0.429,0.532,0.0,0.4,0.000,2.9,5.1,8.1,2.6,3.3,0.7,2.2,7.3,12.1,106,112,,gonzahu01
285,Ousmane Dieng,22,OKC,C,12,0,135,3.9,12.9,0.306,1.1,6.1,0.176,2.9,6.8,0.421,0.347,1.4,1.4,1.000,1.4,6.1,7.5,2.9,0.4,1.8,2.2,3.6,10.4,84,109,,diengou01
286,Moussa Cisse,23,DAL,C,11,1,133,7.0,10.5,0.667,0.0,0.0,,7.0,10.5,0.667,0.667,3.2,8.8,0.360,7.7,8.4,16.1,0.4,1.1,5.6,3.5,8.4,17.2,108,107,,cissemo01
287,Jaden Hardy,23,DAL,SG,12,0,131,7.8,19.2,0.407,5.3,11.7,0.455,2.5,7.5,0.333,0.546,4.3,5.3,0.800,1.1,4.6,5.7,1.4,1.4,0.4,4.6,4.6,25.3,97,114,,hardyja02
288,Isaiah Collier,21,UTA,PG,5,1,131,6.5,10.9,0.600,0.7,1.8,0.400,5.8,9.1,0.640,0.633,6.2,8.7,0.708,0.0,6.5,6.5,13.4,0.7,0.7,4.4,5.8,19.9,127,121,,colliis01
289,Caleb Martin,30,DAL,SF,13,0,130,2.5,7.9,0.318,0.4,2.5,0.143,2.2,5.4,0.400,0.341,2.5,2.9,0.875,3.2,4.7,7.9,5.0,1.8,0.7,2.5,8.6,7.9,99,113,,martica02
290,Amir Coffey,28,MIL,SG,13,0,128,3.0,7.1,0.421,0.7,3.0,0.250,2.2,4.1,0.545,0.474,1.1,1.1,1.000,1.5,3.7,5.2,2.6,0.0,0.4,0.4,2.2,7.8,122,124,,coffeam01
291,Jonathan Isaac,28,ORL,PF,13,0,126,4.2,11.0,0.379,1.5,6.9,0.222,2.7,4.2,0.636,0.448,3.0,4.6,0.667,3.0,11.0,14.1,0.4,2.3,1.9,1.1,3.4,12.9,108,108,,isaacjo01
292,Ochai Agbaji,25,TOR,SG,9,1,125,3.4,9.5,0.360,0.4,4.5,0.083,3.0,4.9,0.615,0.380,1.9,3.0,0.625,0.8,6.4,7.2,2.3,1.9,0.4,1.1,6.1,9.1,92,114,,agbajoc01
293,Drake Powell,20,BRK,SG,7,0,124,7.1,13.4,0.529,2.0,4.3,0.455,5.1,9.0,0.565,0.603,0.8,0.8,1.000,1.2,5.1,6.3,5.5,2.4,0.4,3.5,4.7,16.9,109,123,,poweldr01
294,Ja'Kobe Walter,21,TOR,SG,11,0,123,3.8,11.9,0.323,2.3,8.5,0.273,1.5,3.5,0.444,0.419,2.3,2.7,0.857,2.3,3.1,5.4,2.3,2.7,0.4,3.5,7.7,12.3,89,114,,walteja01
295,Bilal Coulibaly,21,WAS,SG,5,5,123,6.1,16.7,0.364,1.9,6.5,0.294,4.2,10.3,0.407,0.420,4.2,5.7,0.733,1.5,6.8,8.4,6.5,2.3,2.3,3.8,4.2,18.2,96,121,,coulibi01
296,Bradley Beal,32,LAC,SG,6,6,121,7.4,19.8,0.375,2.9,7.8,0.368,4.5,12.0,0.379,0.448,2.5,3.3,0.750,0.8,1.2,2.1,4.1,1.2,0.0,3.7,5.8,20.2,92,125,,bealbr01
297,Micah Peavy,24,NOP,SG,10,0,118,5.4,13.3,0.406,1.2,5.0,0.250,4.2,8.3,0.500,0.453,0.4,0.8,0.500,4.6,5.0,9.5,4.2,0.4,0.4,0.8,6.2,12.5,115,127,,peavymi01
298,Precious Achiuwa,26,SAC,C,7,4,118,6.8,12.3,0.548,0.0,3.2,0.000,6.8,9.1,0.739,0.548,2.8,5.2,0.538,4.0,7.6,11.5,2.0,2.0,1.2,1.2,2.8,16.3,117,120,,achiupr01
299,Chaz Lanier,24,DET,SG,10,0,117,4.5,13.4,0.333,3.7,11.8,0.310,0.8,1.6,0.500,0.470,1.2,1.2,1.000,2.4,2.4,4.9,4.1,1.2,0.0,0.4,1.2,13.8,124,117,,laniech01
300,Guerschon Yabusele,30,NYK,C,12,0,116,4.1,12.8,0.323,2.9,9.1,0.318,1.2,3.7,0.333,0.435,1.2,2.5,0.500,5.0,7.4,12.4,1.7,0.8,0.4,0.8,5.4,12.4,112,117,,yabusgu01
301,Mitchell Robinson,27,NYK,C,7,7,116,5.4,9.1,0.591,0.0,0.0,,5.4,9.1,0.591,0.591,0.4,1.2,0.333,16.5,9.5,26.0,2.9,1.7,2.9,2.1,7.8,11.1,146,111,,robinmi01
302,Terrence Shannon Jr.,25,MIN,SG,7,0,115,3.7,11.6,0.321,1.7,4.5,0.364,2.1,7.0,0.294,0.393,2.1,2.9,0.714,1.2,5.8,7.0,3.3,1.7,0.0,2.5,4.5,11.1,91,115,,shannte01
303,Dwight Powell,34,DAL,C,12,0,114,2.5,4.9,0.500,0.0,0.0,,2.5,4.9,0.500,0.500,6.1,7.4,0.833,4.9,5.7,10.6,3.3,1.6,0.8,2.0,10.2,11.0,135,112,,poweldw01
304,Chris Paul,40,LAC,PG,9,0,114,3.1,11.8,0.259,2.6,8.7,0.300,0.4,3.1,0.143,0.370,0.4,0.4,1.000,2.2,4.8,7.0,12.7,3.9,0.0,3.1,6.6,9.2,106,117,,paulch01
305,Liam McNeeley,20,CHO,SF,9,0,112,3.9,12.5,0.310,2.6,7.7,0.333,1.3,4.7,0.273,0.414,5.6,6.5,0.867,1.7,5.6,7.3,4.7,0.9,0.4,2.2,6.0,15.9,115,122,,mcneeli01
306,Jeremy Sochan,22,SAS,PF,7,0,109,7.5,12.0,0.630,2.2,4.4,0.500,5.3,7.5,0.706,0.722,3.1,4.0,0.778,1.8,6.6,8.4,4.9,1.3,0.9,3.5,8.9,20.4,127,113,,sochaje01
307,Bones Hyland,25,MIN,PG,12,0,108,8.4,16.3,0.514,3.5,10.1,0.348,4.8,6.2,0.786,0.622,1.3,1.8,0.750,0.4,4.8,5.3,7.0,2.6,0.0,3.5,5.7,21.5,116,114,,hylanbo01
308,Clint Capela,31,HOU,C,11,0,108,7.3,11.4,0.640,0.0,0.0,,7.3,11.4,0.640,0.640,3.7,4.6,0.800,12.4,10.1,22.4,1.8,1.4,2.7,1.8,5.0,18.3,150,111,,capelca01
309,Bronny James,21,LAL,SG,9,1,107,3.2,11.7,0.269,0.9,4.5,0.200,2.3,7.2,0.313,0.308,0.9,0.9,1.000,1.8,2.3,4.1,7.2,3.6,0.5,2.3,5.0,8.1,91,114,,jamesbr02
310,Cam Christie,20,LAC,SG,9,0,104,6.7,15.3,0.438,3.4,8.2,0.412,3.4,7.2,0.467,0.547,5.3,7.2,0.733,1.4,5.8,7.2,3.8,1.0,1.0,1.0,1.4,22.1,128,122,,chrisca02
311,Brooks Barnhizer,23,OKC,SG,13,0,103,3.3,6.6,0.500,0.0,0.5,0.000,3.3,6.1,0.538,0.500,0.9,1.9,0.500,2.4,10.3,12.7,1.9,0.9,0.9,0.5,4.7,7.5,120,105,,barnhbr01
312,Justin Champagnie,24,WAS,SF,12,3,101,3.7,11.6,0.320,0.9,4.6,0.200,2.8,6.9,0.400,0.360,6.5,7.9,0.824,7.9,7.9,15.7,1.9,1.9,0.0,0.9,5.6,14.8,124,123,,champju01
313,Quenton Jackson,27,IND,PG,5,3,101,9.3,17.3,0.541,2.8,5.6,0.500,6.5,11.7,0.560,0.622,6.1,8.4,0.722,2.3,5.6,7.9,8.4,2.3,0.5,2.8,4.7,27.5,131,118,,jacksqu01
314,Baylor Scheierman,25,BOS,SG,10,0,100,5.0,9.0,0.556,4.0,7.5,0.533,1.0,1.5,0.667,0.778,0.5,0.5,1.000,2.5,8.0,10.5,2.0,1.5,0.5,1.0,4.0,14.5,152,114,,scheiba01
315,Trayce Jackson-Davis,25,GSW,C,9,0,100,7.2,13.4,0.536,0.0,0.0,,7.2,13.4,0.536,0.536,3.8,5.3,0.727,4.8,5.3,10.0,5.3,1.4,1.9,3.3,8.1,18.2,117,113,,jackstr02
316,Robert Williams,28,POR,C,8,0,100,7.5,12.2,0.615,0.5,1.4,0.333,7.0,10.8,0.652,0.635,0.0,0.5,0.000,7.0,7.5,14.5,2.8,2.3,2.3,0.9,3.7,15.4,141,114,,williro04
317,Kobe Sanders,23,LAC,SG,6,1,100,7.0,17.0,0.412,4.0,10.5,0.381,3.0,6.5,0.462,0.529,3.0,3.5,0.857,2.5,2.5,5.0,4.0,2.0,0.0,3.0,7.0,20.9,111,123,,sandeko01
318,Dominick Barlow,22,PHI,PF,4,3,100,5.8,10.6,0.545,1.0,3.4,0.286,4.8,7.2,0.667,0.591,2.9,3.9,0.750,5.3,4.8,10.1,3.9,1.4,1.4,3.4,4.8,15.4,120,117,,barlodo01
319,Pat Spencer,29,GSW,PG,9,0,99,6.8,19.3,0.350,2.4,6.3,0.385,4.3,13.0,0.333,0.413,5.3,5.8,0.917,1.9,4.3,6.3,7.7,2.9,0.5,2.4,3.9,21.2,110,113,,spencpa01
320,Javon Small,23,MEM,PG,8,0,99,4.7,13.3,0.357,2.8,9.0,0.316,1.9,4.3,0.444,0.464,3.8,4.7,0.800,0.5,3.3,3.8,10.4,0.0,0.5,3.8,3.3,16.1,106,123,,smallja01
321,Kevon Looney,29,NOP,C,7,6,99,4.0,11.4,0.348,0.5,3.0,0.167,3.5,8.4,0.412,0.370,1.5,3.0,0.500,6.4,6.9,13.4,5.4,1.0,2.0,2.5,6.9,9.9,102,123,,looneke01
322,Kevin Love,37,UTA,PF,7,0,99,4.3,12.0,0.360,2.9,10.1,0.286,1.4,1.9,0.750,0.480,4.8,5.8,0.833,2.4,12.0,14.4,8.6,0.0,1.0,3.4,3.8,16.3,118,119,,loveke01
323,Blake Wesley,22,POR,SG,6,0,98,6.7,16.2,0.412,1.0,4.8,0.200,5.7,11.4,0.500,0.441,2.9,4.8,0.600,1.0,5.7,6.7,9.1,4.8,0.5,3.3,6.7,17.2,104,112,,weslebl01
324,Bennedict Mathurin,23,IND,SF,3,3,98,11.5,22.6,0.511,3.8,9.1,0.421,7.7,13.5,0.571,0.596,14.9,19.2,0.775,1.4,6.7,8.2,3.4,0.5,0.0,4.3,5.3,41.9,124,122,,mathube01
325,Cody Williams,21,UTA,SG,8,0,97,4.4,12.2,0.360,1.0,5.4,0.182,3.4,6.9,0.500,0.400,0.5,1.5,0.333,1.0,2.9,3.9,2.0,1.0,0.5,1.5,6.4,10.3,86,123,,willico04
326,Ben Saraf,19,BRK,SG,7,5,97,3.5,13.6,0.259,1.5,6.5,0.231,2.0,7.0,0.286,0.315,3.0,4.0,0.750,1.5,5.0,6.5,8.5,1.0,0.0,4.5,6.5,11.5,85,126,,sarafbe01
327,Pat Connaughton,33,CHO,SG,10,0,94,6.7,14.4,0.464,3.1,8.7,0.353,3.6,5.6,0.636,0.571,3.1,4.6,0.667,1.5,8.2,9.7,3.1,2.1,0.5,1.5,2.1,19.5,122,118,,connapa01
328,Nigel Hayes-Davis,31,PHO,SF,11,0,93,4.7,10.9,0.429,0.5,4.2,0.125,4.2,6.8,0.615,0.452,0.0,0.0,,2.6,4.2,6.8,2.6,2.6,0.0,2.6,4.7,9.9,93,116,,hayesni01
329,Isaiah Livers,27,PHO,PF,8,0,92,3.7,8.4,0.438,2.6,7.4,0.357,1.1,1.1,1.000,0.594,1.6,1.6,1.000,2.1,5.3,7.4,2.1,1.1,1.6,0.5,3.2,11.6,141,117,,liveris01
330,Taelon Peter,23,IND,SG,10,0,90,3.1,12.6,0.250,2.6,11.5,0.227,0.5,1.0,0.500,0.354,1.6,1.6,1.000,2.1,5.2,7.3,6.8,1.0,1.0,4.2,2.6,10.5,84,120,,peterta01
331,KJ Simpson,23,CHO,PG,6,0,90,7.0,19.8,0.351,2.7,7.5,0.357,4.3,12.3,0.348,0.419,1.6,2.1,0.750,1.6,5.9,7.5,9.6,2.1,0.0,5.4,4.3,18.2,93,119,,simpskj01
332,Nick Smith Jr.,21,LAL,SG,6,0,90,8.6,19.8,0.432,4.3,9.7,0.444,4.3,10.2,0.421,0.541,1.1,1.6,0.667,0.0,3.2,3.2,7.0,1.6,0.5,5.4,2.1,22.5,97,118,,smithni01
333,Sidy Cissoko,21,POR,SF,8,0,89,3.7,7.9,0.467,0.5,2.6,0.200,3.2,5.3,0.600,0.500,2.1,3.7,0.571,3.2,3.7,6.8,3.2,1.1,0.0,1.1,8.4,10.0,122,122,,cissosi01
334,Branden Carlson,26,OKC,C,10,0,86,7.3,16.9,0.433,2.3,8.5,0.267,5.1,8.5,0.600,0.500,1.1,2.3,0.500,3.4,8.5,11.8,2.8,1.1,3.4,1.7,5.6,18.0,108,103,,carlsbr01
335,Julian Phillips,22,CHI,SF,12,0,84,5.0,13.4,0.375,1.7,6.7,0.250,3.4,6.7,0.500,0.438,0.0,0.0,,3.9,2.2,6.2,1.1,2.8,1.7,0.6,3.9,11.7,104,117,,phillju01
336,Jett Howard,22,ORL,SF,10,0,84,5.7,16.6,0.345,4.6,12.6,0.364,1.1,4.0,0.286,0.483,0.0,0.0,,0.6,2.9,3.4,4.0,0.6,1.7,0.6,2.9,16.0,110,117,,howarje01
337,Tidjane Salaün,20,CHO,PF,7,0,83,4.1,11.0,0.368,2.3,7.0,0.333,1.7,4.1,0.429,0.474,2.3,3.5,0.667,2.9,11.6,14.5,2.9,1.2,0.6,1.7,4.6,12.8,111,118,,salauti01
338,Obi Toppin,27,IND,PF,3,0,82,8.6,20.7,0.417,1.7,9.8,0.176,6.9,10.9,0.632,0.458,5.2,5.2,1.000,1.7,9.8,11.5,2.9,1.7,0.0,3.5,4.0,24.2,102,118,,toppiob01
339,Asa Newell,20,ATL,PF,8,0,80,9.4,18.9,0.500,4.7,9.4,0.500,4.7,9.4,0.500,0.625,4.1,5.3,0.778,5.3,4.7,10.0,0.6,2.4,1.8,2.4,6.5,27.7,122,112,,newelas01
340,Dereck Lively II,21,DAL,C,5,3,80,5.2,8.2,0.643,0.0,0.0,,5.2,8.2,0.643,0.643,2.3,3.5,0.667,3.5,9.9,13.4,5.8,1.7,4.1,4.7,8.7,12.8,107,106,,livelde01
341,Spencer Jones,24,DEN,SF,9,0,78,3.1,5.6,0.556,1.2,3.1,0.400,1.9,2.5,0.750,0.667,1.9,2.5,0.750,1.2,0.0,1.2,2.5,3.7,0.6,3.7,7.4,9.3,99,112,,jonessp01
342,Gui Santos,23,GSW,PF,12,0,77,5.6,13.0,0.429,3.1,9.9,0.313,2.5,3.1,0.800,0.548,0.6,1.2,0.500,5.0,5.0,9.9,1.2,2.5,0.0,3.1,9.3,14.9,103,114,,santogu01
343,Olivier-Maxence Prosper,23,MEM,PF,9,0,76,6.2,12.3,0.500,0.0,3.1,0.000,6.2,9.3,0.667,0.500,9.9,9.9,1.000,3.7,7.4,11.1,3.1,0.6,0.6,2.5,2.5,22.2,132,119,,prospol01
344,Gary Harris,31,MIL,SG,8,0,76,5.0,10.7,0.471,2.5,6.3,0.400,2.5,4.4,0.571,0.588,0.0,0.0,,0.6,1.9,2.5,2.5,3.1,1.3,1.3,3.8,12.6,112,117,,harriga01
345,Chris Boucher,33,BOS,PF,7,0,76,4.6,14.5,0.318,0.7,7.9,0.083,3.9,6.6,0.600,0.341,1.3,1.3,1.000,1.3,9.9,11.2,1.3,2.6,3.3,0.7,9.9,11.2,89,107,,bouchch01
346,Nae'Qwan Tomlin,25,CLE,PF,6,0,76,8.6,16.7,0.519,0.0,4.9,0.000,8.6,11.7,0.737,0.519,5.6,6.2,0.900,7.4,4.9,12.3,2.5,3.7,3.1,1.2,9.3,22.8,133,107,,tomlina01
347,Jordan McLaughlin,29,SAS,PG,8,0,74,6.5,15.7,0.417,3.3,9.8,0.333,3.3,5.9,0.556,0.521,2.0,2.0,1.000,2.0,2.0,3.9,6.5,4.6,0.0,1.3,4.6,18.3,127,110,,mclaujo01
348,Maxime Raynaud,22,SAC,C,6,0,74,5.7,14.6,0.391,0.0,1.9,0.000,5.7,12.7,0.450,0.391,5.1,5.7,0.889,4.4,9.5,13.9,2.5,1.3,1.3,3.8,3.8,16.5,96,120,,raynama01
349,Jamison Battle,24,TOR,SF,10,0,73,9.7,13.6,0.714,7.1,9.7,0.733,2.6,3.9,0.667,0.976,0.0,0.0,,0.6,6.5,7.1,1.3,1.3,0.6,2.6,3.2,26.6,140,115,,battlja01
350,Jericho Sims,27,MIL,C,10,0,73,2.6,3.9,0.667,0.0,0.0,,2.6,3.9,0.667,0.667,2.0,2.6,0.750,5.2,6.5,11.8,2.6,0.7,1.3,2.6,3.9,7.2,128,119,,simsje01
351,Darius Garland,26,CLE,PG,3,3,73,7.7,23.1,0.333,4.5,12.2,0.368,3.2,10.9,0.294,0.431,5.1,5.1,1.000,1.9,3.9,5.8,9.6,1.9,0.0,3.2,3.9,25.1,111,116,,garlada01
352,Gabe Vincent,29,LAL,PG,3,3,72,2.0,8.7,0.231,1.3,6.7,0.200,0.7,2.0,0.333,0.308,2.0,2.0,1.000,0.7,1.3,2.0,4.7,2.0,0.0,1.3,4.7,7.4,96,119,,vincega01
353,Duop Reath,29,POR,C,9,0,71,8.6,14.5,0.591,7.9,13.2,0.600,0.7,1.3,0.500,0.864,0.0,0.0,,0.7,3.3,4.0,2.6,0.0,0.7,0.7,4.6,25.0,166,124,,reathdu01
354,Julian Strawther,23,DEN,SG,9,0,71,7.5,20.4,0.367,1.4,10.9,0.125,6.1,9.5,0.643,0.400,6.1,8.8,0.692,0.0,9.5,9.5,2.7,0.0,0.7,2.0,4.1,22.4,97,115,,strawju01
355,Tyler Kolek,24,NYK,PG,10,0,67,7.1,17.1,0.417,2.1,9.3,0.231,5.0,7.9,0.636,0.479,0.0,0.0,,1.4,2.1,3.6,9.3,0.7,0.0,4.3,6.4,16.4,101,121,,kolekty01
356,Chris Youngblood,23,OKC,SG,13,0,66,2.9,11.0,0.267,2.9,10.3,0.286,0.0,0.7,0.000,0.400,4.4,4.4,1.000,1.5,3.7,5.1,1.5,0.7,0.0,0.0,8.1,13.2,122,111,,youngch01
357,Devin Carter,23,SAC,PG,8,0,65,3.6,15.1,0.238,1.4,7.9,0.182,2.2,7.2,0.300,0.286,3.6,3.6,1.000,2.2,6.5,8.7,6.5,4.3,0.7,4.3,5.8,12.3,80,115,,cartede02
358,Monte Morris,30,IND,PG,6,0,65,5.1,14.5,0.350,1.5,5.8,0.250,3.6,8.7,0.417,0.400,1.5,2.9,0.500,0.7,4.4,5.1,6.5,0.7,0.7,1.5,2.2,13.1,98,122,,morrimo01
359,Will Riley,19,WAS,SF,9,0,64,5.8,13.2,0.444,0.7,2.9,0.250,5.1,10.2,0.500,0.472,2.2,4.4,0.500,2.2,8.0,10.2,5.1,1.5,0.0,1.5,1.5,14.6,108,124,,rileywi01
360,Elijah Harkless,25,UTA,SG,6,0,63,3.0,8.3,0.364,1.5,5.3,0.286,1.5,3.0,0.500,0.455,2.3,3.8,0.600,1.5,3.0,4.5,3.0,2.3,0.0,2.3,7.5,9.8,99,121,,harklej01
361,Thomas Bryant,28,CLE,C,9,0,61,7.7,17.7,0.435,0.0,8.5,0.000,7.7,9.2,0.833,0.435,0.0,2.3,0.000,3.8,9.2,13.1,0.8,2.3,2.3,0.8,4.6,15.4,93,109,,bryanth01
362,Xavier Tillman Sr.,27,BOS,C,7,0,61,7.4,14.7,0.500,1.6,6.5,0.250,5.7,8.2,0.700,0.556,0.0,0.0,,5.7,8.2,13.9,3.3,2.5,0.8,0.8,5.7,16.4,131,111,,tillmxa01
363,Kobe Brown,26,LAC,PF,7,0,60,4.2,9.1,0.455,0.8,5.0,0.167,3.3,4.2,0.800,0.500,3.3,3.3,1.000,3.3,9.1,12.5,5.8,0.0,0.0,2.5,1.7,12.5,123,123,,brownko01
364,Tristan Vukcevic,22,WAS,C,10,0,59,7.9,17.4,0.455,2.4,7.9,0.300,5.5,9.5,0.583,0.523,4.8,7.9,0.600,0.8,6.3,7.1,3.2,0.8,3.2,4.0,4.8,23.0,98,123,,vukcetr01
365,Dalen Terry,23,CHI,SG,8,0,59,4.8,10.3,0.462,1.6,4.0,0.400,3.2,6.4,0.500,0.538,2.4,4.8,0.500,0.0,4.8,4.8,6.4,0.8,1.6,1.6,4.8,13.5,115,120,,terryda01
366,Aaron Holiday,29,HOU,PG,7,0,58,8.5,15.3,0.556,4.3,9.4,0.455,4.3,6.0,0.714,0.694,6.8,7.7,0.889,0.0,3.4,3.4,6.0,0.9,0.9,4.3,4.3,28.1,135,119,,holidaa01
367,T.J. McConnell,33,IND,PG,4,0,58,9.8,28.5,0.343,0.8,4.9,0.167,8.9,23.6,0.379,0.357,0.8,0.8,1.000,0.8,2.4,3.3,7.3,2.4,0.0,0.8,4.1,21.1,90,120,,mccontj01
368,Ariel Hukporti,23,NYK,C,8,2,56,3.4,6.8,0.500,0.0,0.0,,3.4,6.8,0.500,0.500,0.0,0.0,,6.0,8.5,14.5,4.3,0.9,1.7,4.3,7.7,6.8,99,115,,hukpoar01
369,Jevon Carter,30,CHI,PG,4,0,56,8.4,17.6,0.476,8.4,14.3,0.588,0.0,3.4,0.000,0.714,1.7,1.7,1.000,1.7,4.2,5.9,5.9,1.7,0.0,1.7,2.5,26.8,141,120,,carteje01
370,Cody Martin,30,IND,SF,4,0,55,1.7,8.6,0.200,0.0,4.3,0.000,1.7,4.3,0.400,0.200,2.6,5.1,0.500,0.9,11.1,12.0,1.7,3.4,1.7,3.4,4.3,6.0,55,111,,martico01
371,Carter Bryant,20,SAS,PF,8,0,54,5.4,18.8,0.286,1.8,9.8,0.182,3.6,8.9,0.400,0.333,2.7,2.7,1.000,0.0,7.2,7.2,0.0,1.8,0.9,3.6,4.5,15.2,70,112,,bryanca01
372,Jalen Pickett,26,DEN,SG,7,1,53,6.4,13.6,0.467,2.7,6.4,0.429,3.6,7.3,0.500,0.567,0.9,0.9,1.000,1.8,4.5,6.4,6.4,0.0,0.0,3.6,3.6,16.4,111,119,,pickeja02
373,Bobi Klintman,22,DET,SF,6,0,53,6.3,18.9,0.333,2.7,9.9,0.273,3.6,9.0,0.400,0.405,0.0,2.7,0.000,4.5,9.9,14.4,3.6,1.8,0.0,4.5,8.1,15.3,81,110,,klintbo01
374,Matisse Thybulle,28,POR,SG,4,0,49,5.7,9.5,0.600,3.8,5.7,0.667,1.9,3.8,0.500,0.800,3.8,3.8,1.000,0.0,3.8,3.8,2.9,9.5,0.0,1.0,6.7,19.1,164,103,,thybuma01
375,Kyle Anderson,32,UTA,SF,3,0,49,7.8,16.5,0.471,0.0,0.0,,7.8,16.5,0.471,0.471,4.8,6.8,0.714,2.9,3.9,6.8,8.7,1.0,0.0,2.9,5.8,20.4,115,123,,anderky01
376,Jordan Miller,26,LAC,SF,3,0,49,8.1,16.3,0.500,5.1,9.2,0.556,3.1,7.1,0.429,0.656,7.1,8.1,0.875,3.1,5.1,8.1,3.1,1.0,0.0,3.1,2.0,28.5,133,123,,millejo02
377,Maxi Kleber,34,LAL,PF,3,0,48,2.0,4.0,0.500,2.0,3.0,0.667,0.0,1.0,0.000,0.750,1.0,2.0,0.500,2.0,5.0,7.0,4.0,1.0,2.0,0.0,6.0,7.0,171,117,,klebima01
378,Noah Penda,21,ORL,SF,7,0,47,6.1,11.2,0.545,2.0,2.0,1.000,4.1,9.2,0.444,0.636,3.1,4.1,0.750,6.1,7.1,13.3,6.1,1.0,2.0,3.1,6.1,17.4,132,113,,pendano01
379,Luke Travers,24,CLE,SG,6,0,47,2.0,16.0,0.125,0.0,6.0,0.000,2.0,10.0,0.200,0.125,6.0,6.0,1.000,4.0,7.0,11.0,4.0,3.0,4.0,1.0,2.0,10.0,84,107,,travelu01
380,Bismack Biyombo,33,SAS,C,6,0,46,1.0,2.1,0.500,0.0,0.0,,1.0,2.1,0.500,0.500,0.0,0.0,,2.1,4.2,6.3,2.1,3.1,1.0,2.1,9.4,2.1,91,110,,biyombi01
381,Caleb Love,24,POR,SG,5,0,45,7.3,26.0,0.280,3.1,15.6,0.200,4.2,10.4,0.400,0.340,0.0,0.0,,1.0,9.4,10.4,8.3,1.0,0.0,1.0,2.1,17.7,93,119,,loveca01
382,Ryan Nembhard,22,DAL,PG,5,0,45,7.3,15.5,0.467,0.0,4.1,0.000,7.3,11.4,0.636,0.467,2.1,3.1,0.667,1.0,0.0,1.0,9.3,0.0,0.0,6.2,3.1,16.6,89,121,,nembhry01
383,Bryce McGowens,23,NOP,SG,6,0,43,5.7,14.8,0.385,0.0,2.3,0.000,5.7,12.5,0.455,0.385,9.1,11.4,0.800,0.0,4.6,4.6,3.4,2.3,0.0,1.1,4.6,20.5,114,124,,mcgowbr01
384,Wendell Moore Jr.,24,DET,SG,3,0,43,3.3,6.6,0.500,0.0,1.1,0.000,3.3,5.5,0.600,0.500,0.0,0.0,,1.1,3.3,4.4,3.3,2.2,1.1,1.1,1.1,6.6,110,113,,moorewe01
385,Lindy Waters III,28,SAS,SG,5,0,41,5.9,11.8,0.500,5.9,11.8,0.500,0.0,0.0,,0.750,0.0,0.0,,0.0,4.7,4.7,3.5,0.0,0.0,0.0,4.7,17.7,159,119,,waterli01
386,Rayan Rupert,21,POR,SG,7,0,40,2.3,10.5,0.222,1.2,7.0,0.167,1.2,3.5,0.333,0.278,1.2,2.3,0.500,1.2,8.2,9.4,2.3,2.3,0.0,1.2,8.2,7.0,78,116,,ruperra01
387,Brandon Miller,23,CHO,SF,2,2,40,12.0,30.1,0.400,2.4,13.2,0.182,9.6,16.9,0.571,0.440,8.4,12.0,0.700,0.0,0.0,0.0,9.6,1.2,1.2,3.6,6.0,34.9,107,123,,millebr02
388,Jae'Sean Tate,30,HOU,SF,7,0,39,5.1,13.9,0.364,0.0,3.8,0.000,5.1,10.1,0.500,0.364,0.0,0.0,,1.3,6.3,7.6,1.3,1.3,0.0,1.3,7.6,10.1,87,117,,tateja01
389,AJ Johnson,21,WAS,SG,8,0,38,2.5,13.5,0.182,0.0,2.5,0.000,2.5,11.1,0.222,0.182,3.7,4.9,0.750,2.5,3.7,6.2,4.9,0.0,0.0,1.2,3.7,8.6,79,130,,johnsaj01
390,Joan Beringer,19,MIN,PF,9,0,37,10.3,14.1,0.727,0.0,0.0,,10.3,14.1,0.727,0.727,2.6,3.8,0.667,2.6,12.8,15.4,0.0,1.3,2.6,2.6,11.5,23.1,124,108,,berinjo01
391,Leonard Miller,22,MIN,SF,8,0,37,7.7,15.4,0.500,0.0,6.4,0.000,7.7,9.0,0.857,0.500,3.8,6.4,0.600,1.3,12.8,14.1,5.1,2.6,0.0,5.1,7.7,19.2,95,108,,millele01
392,Kelly Olynyk,34,SAS,C,4,0,37,6.5,10.4,0.625,1.3,1.3,1.000,5.2,9.1,0.571,0.688,0.0,0.0,,6.5,7.8,14.3,17.0,0.0,0.0,3.9,6.5,14.3,145,117,,olynyke01
393,Johnny Furphy,21,IND,SG,3,0,37,3.8,7.6,0.500,2.5,3.8,0.667,1.3,3.8,0.333,0.667,0.0,0.0,,1.3,6.4,7.6,0.0,2.5,0.0,3.8,5.1,10.2,84,118,,furphjo01
394,Rasheer Fleming,21,PHO,PF,7,0,36,6.7,20.2,0.333,2.7,12.1,0.222,4.0,8.1,0.500,0.400,0.0,0.0,,5.4,2.7,8.1,2.7,1.3,1.3,1.3,6.7,16.2,100,118,,flemira01
395,Jared McCain,21,PHI,SG,4,0,36,0.0,12.0,0.000,0.0,2.7,0.000,0.0,9.4,0.000,0.000,0.0,0.0,,0.0,2.7,2.7,5.4,1.3,0.0,1.3,5.4,0.0,28,120,,mccaija01
396,Khaman Maluach,19,PHO,C,7,0,35,4.2,9.7,0.429,0.0,4.2,0.000,4.2,5.5,0.750,0.429,9.7,11.1,0.875,1.4,6.9,8.3,1.4,0.0,5.5,6.9,11.1,18.0,92,114,,maluakh01
397,Jonathan Mogbo,24,TOR,PF,7,0,35,4.1,8.1,0.500,0.0,0.0,,4.1,8.1,0.500,0.500,0.0,0.0,,4.1,8.1,12.2,5.4,1.4,2.7,1.4,5.4,8.1,123,111,,mogbojo01
398,Malaki Branham,22,WAS,SG,5,0,34,8.3,15.1,0.545,1.4,6.9,0.200,6.9,8.3,0.833,0.591,8.3,11.0,0.750,4.1,6.9,11.0,4.1,0.0,0.0,1.4,2.8,26.1,138,128,,branhma01
399,Mac McClung,27,IND,SG,3,0,34,9.7,25.0,0.389,2.8,13.9,0.200,6.9,11.1,0.625,0.444,4.2,5.5,0.750,0.0,5.5,5.5,1.4,6.9,1.4,2.8,8.3,26.4,92,107,,mccluma01
400,Dylan Cardwell,24,SAC,C,3,1,33,2.8,8.5,0.333,0.0,1.4,0.000,2.8,7.1,0.400,0.333,1.4,2.8,0.500,2.8,4.3,7.1,0.0,2.8,4.3,2.8,14.2,7.1,70,115,,cardwdy01
401,Nolan Traoré,19,BRK,PG,3,0,33,3.0,13.3,0.222,3.0,8.9,0.333,0.0,4.4,0.000,0.333,1.5,3.0,0.500,0.0,1.5,1.5,5.9,3.0,0.0,3.0,7.4,10.3,79,124,,traorno01
402,Caleb Houstan,23,ATL,SF,5,0,32,5.9,11.8,0.500,4.4,8.8,0.500,1.5,2.9,0.500,0.688,4.4,4.4,1.000,4.4,0.0,4.4,2.9,1.5,1.5,4.4,5.9,20.6,122,118,,houstca01
403,Charles Bassey,25,MEM,C,2,0,31,4.5,12.1,0.375,0.0,0.0,,4.5,12.1,0.375,0.375,1.5,4.5,0.333,10.6,12.1,22.7,3.0,1.5,1.5,1.5,7.6,10.6,107,113,,bassech01
404,Jase Richardson,20,ORL,SG,7,0,30,1.6,8.0,0.200,0.0,4.8,0.000,1.6,3.2,0.500,0.200,1.6,3.2,0.500,0.0,1.6,1.6,9.6,0.0,0.0,4.8,1.6,4.8,68,121,,richaja02
405,Mason Plumlee,35,CHO,C,6,0,30,3.2,3.2,1.000,0.0,0.0,,3.2,3.2,1.000,1.000,3.2,6.4,0.500,1.6,6.4,8.0,3.2,0.0,0.0,3.2,1.6,9.6,112,124,,plumlma01
406,Jalen Green,23,PHO,SG,2,2,30,17.8,37.2,0.478,9.7,22.6,0.429,8.1,14.5,0.556,0.609,4.8,8.1,0.600,3.2,3.2,6.5,6.5,3.2,0.0,3.2,3.2,50.1,122,115,,greenja05
407,Coby White,25,CHI,SG,1,0,30,7.8,21.9,0.357,4.7,12.5,0.375,3.1,9.4,0.333,0.464,21.9,21.9,1.000,0.0,6.3,6.3,12.5,1.6,0.0,4.7,4.7,42.3,136,119,,whiteco01
408,Yang Hansen,20,POR,C,5,0,29,3.2,14.5,0.222,0.0,4.8,0.000,3.2,9.7,0.333,0.222,8.1,9.7,0.833,4.8,1.6,6.4,0.0,0.0,3.2,4.8,6.4,14.5,80,123,,yangha01
409,GG Jackson II,21,MEM,PF,6,0,28,6.7,23.4,0.286,0.0,10.0,0.000,6.7,13.4,0.500,0.286,6.7,11.7,0.571,1.7,3.3,5.0,1.7,5.0,0.0,0.0,5.0,20.1,83,112,,jacksgg01
410,Dario Šarić,31,SAC,C,3,0,28,1.7,8.4,0.200,1.7,3.3,0.500,0.0,5.0,0.000,0.300,3.3,3.3,1.000,1.7,6.7,8.4,3.3,0.0,0.0,1.7,0.0,8.4,96,126,,saricda01
411,PJ Hall,23,MEM,C,7,0,27,8.7,15.6,0.556,1.7,5.2,0.333,6.9,10.4,0.667,0.611,3.5,5.2,0.667,5.2,10.4,15.6,3.5,0.0,3.5,1.7,5.2,22.6,127,115,,hallpj01
412,Tyson Etienne,26,BRK,PG,5,0,25,3.9,21.4,0.182,3.9,19.5,0.200,0.0,1.9,0.000,0.273,0.0,0.0,,0.0,0.0,0.0,0.0,0.0,0.0,0.0,5.8,11.7,61,132,,etienty01
413,E.J. Liddell,25,BRK,PF,5,0,25,7.8,21.4,0.364,3.9,15.6,0.250,3.9,5.8,0.667,0.455,3.9,5.8,0.667,1.9,11.7,13.6,0.0,0.0,0.0,0.0,7.8,23.4,106,124,,liddeej01
414,Zach Edey,23,MEM,C,1,1,25,5.6,13.1,0.429,0.0,1.9,0.000,5.6,11.3,0.500,0.429,13.1,16.9,0.778,3.8,9.4,13.1,0.0,3.8,3.8,1.9,7.5,24.4,122,106,,edeyza01
415,JD Davison,23,HOU,PG,5,0,24,8.2,16.5,0.500,6.2,12.4,0.500,2.1,4.1,0.500,0.688,0.0,4.1,0.000,0.0,0.0,0.0,4.1,2.1,2.1,0.0,4.1,22.7,140,117,,davisjd01
416,Keshad Johnson,24,MIA,SF,5,0,24,5.7,26.5,0.214,1.9,13.2,0.143,3.8,13.2,0.286,0.250,0.0,0.0,,1.9,13.2,15.1,0.0,3.8,1.9,1.9,3.8,13.2,54,103,,johnske10
417,Joe Ingles,38,MIN,SF,5,0,23,0.0,4.1,0.000,0.0,4.1,0.000,0.0,0.0,,0.000,0.0,0.0,,0.0,0.0,0.0,12.4,2.1,0.0,0.0,4.1,0.0,122,118,,inglejo01
418,DeAndre Jordan,37,NOP,C,2,1,23,8.5,10.6,0.800,0.0,0.0,,8.5,10.6,0.800,0.800,2.1,4.3,0.500,8.5,12.8,21.3,0.0,0.0,0.0,2.1,2.1,19.2,140,124,,jordade01
419,Andre Jackson Jr.,24,MIL,SG,6,0,22,0.0,4.3,0.000,0.0,2.2,0.000,0.0,2.2,0.000,0.000,0.0,0.0,,2.2,2.2,4.3,13.0,4.3,2.2,4.3,6.5,0.0,84,113,,jacksan01
420,Yanic Konan Niederhauser,22,LAC,C,5,0,22,15.9,18.1,0.875,0.0,0.0,,15.9,18.1,0.875,0.875,11.3,18.1,0.625,6.8,6.8,13.6,4.5,0.0,2.3,2.3,4.5,43.1,158,122,,konanya01
421,Tolu Smith,25,DET,PF,2,0,22,13.0,17.3,0.750,0.0,0.0,,13.0,17.3,0.750,0.750,10.8,15.2,0.714,8.7,15.2,23.8,4.3,2.2,2.2,2.2,4.3,36.8,154,103,,smithto05
422,Johnny Juzang,24,MIN,SG,7,0,21,6.8,20.3,0.333,4.5,15.8,0.286,2.3,4.5,0.500,0.444,2.3,4.5,0.500,2.3,4.5,6.8,2.3,0.0,0.0,2.3,6.8,20.3,95,120,,juzanjo01
423,Zeke Nnaji,25,DEN,PF,6,0,21,9.2,16.1,0.571,2.3,9.2,0.250,6.9,6.9,1.000,0.643,4.6,6.9,0.667,2.3,2.3,4.6,4.6,0.0,0.0,4.6,16.1,25.3,115,119,,nnajize01
424,Jeff Green,39,HOU,PF,5,0,21,9.4,14.1,0.667,9.4,14.1,0.667,0.0,0.0,,1.000,0.0,0.0,,2.4,2.4,4.7,0.0,0.0,2.4,0.0,4.7,28.3,202,120,,greenje02
425,Mark Sears,23,MIL,PG,5,0,21,11.4,20.5,0.556,6.8,11.4,0.600,4.6,9.1,0.500,0.722,13.7,18.2,0.750,2.3,0.0,2.3,2.3,0.0,0.0,9.1,6.8,43.2,112,126,,searsma01
426,Eric Gordon,37,PHI,SG,3,0,21,6.9,11.5,0.600,4.6,9.2,0.500,2.3,2.3,1.000,0.800,0.0,0.0,,0.0,0.0,0.0,2.3,2.3,0.0,4.6,4.6,18.3,105,120,,gordoer01
427,Jamir Watkins,24,WAS,SG,3,0,21,6.7,8.9,0.750,0.0,2.2,0.000,6.7,6.7,1.000,0.750,0.0,0.0,,2.2,11.1,13.4,0.0,0.0,2.2,2.2,8.9,13.4,116,122,,watkija01
428,Antonio Reeves,25,CHO,SG,2,0,21,6.9,13.8,0.500,6.9,11.5,0.600,0.0,2.3,0.000,0.750,0.0,0.0,,2.3,2.3,4.6,0.0,0.0,0.0,0.0,2.3,20.6,153,126,,reevean01
429,Paul George,35,PHI,PF,1,1,21,4.6,20.6,0.222,2.3,9.2,0.250,2.3,11.5,0.200,0.278,9.2,16.1,0.571,0.0,16.1,16.1,6.9,0.0,4.6,2.3,0.0,20.6,88,109,,georgpa01
430,James Wiseman,24,IND,C,1,1,20,4.7,7.1,0.667,0.0,0.0,,4.7,7.1,0.667,0.667,0.0,0.0,,9.4,0.0,9.4,0.0,0.0,2.4,7.1,4.7,9.4,84,124,,wisemja01
431,Isaac Jones,25,2TM,PF,4,1,18,5.2,10.4,0.500,0.0,5.2,0.000,5.2,5.2,1.000,0.500,2.6,5.2,0.500,5.2,0.0,5.2,2.6,0.0,0.0,0.0,10.4,13.0,133,129,,jonesis01
431,Isaac Jones,25,SAC,PF,3,1,17,2.8,5.5,0.500,0.0,2.8,0.000,2.8,2.8,1.000,0.500,2.8,5.5,0.500,5.5,0.0,5.5,2.8,0.0,0.0,0.0,11.0,8.3,141,129,,jonesis01
431,Isaac Jones,25,DET,PF,1,0,1,47.6,95.3,0.500,0.0,47.6,0.000,47.6,47.6,1.000,0.500,0.0,0.0,,0.0,0.0,0.0,0.0,0.0,0.0,0.0,0.0,95.3,116,122,,jonesis01
432,Hunter Tyson,25,DEN,PF,5,0,17,0.0,19.9,0.000,0.0,11.3,0.000,0.0,8.5,0.000,0.000,0.0,0.0,,2.8,25.5,28.4,0.0,2.8,0.0,0.0,5.7,0.0,15,99,,tysonhu01
433,Mohamed Diawara,20,NYK,SF,7,0,16,9.0,12.0,0.750,3.0,3.0,1.000,6.0,9.0,0.667,0.875,0.0,6.0,0.000,0.0,6.0,6.0,3.0,3.0,0.0,3.0,6.0,20.9,109,113,,diawamo01
434,Jahmyl Telfort,24,LAC,PF,3,0,16,0.0,6.2,0.000,0.0,6.2,0.000,0.0,0.0,,0.000,3.1,12.5,0.250,0.0,6.2,6.2,3.1,0.0,0.0,3.1,6.2,3.1,36,125,,telfoja01
435,Drew Peterson,26,CHO,PF,1,0,16,0.0,9.0,0.000,0.0,6.0,0.000,0.0,3.0,0.000,0.000,3.0,6.0,0.500,3.0,0.0,3.0,3.0,0.0,3.0,0.0,0.0,3.0,65,123,,peterdr01
436,N'Faly Dante,24,ATL,C,4,0,15,3.1,12.6,0.250,0.0,0.0,,3.1,12.6,0.250,0.250,3.1,3.1,1.000,9.4,12.6,22.0,0.0,6.3,0.0,3.1,3.1,9.4,90,99,,nfalyda01
437,Ron Harper Jr.,25,BOS,SF,3,0,15,10.0,23.3,0.429,6.7,20.0,0.333,3.3,3.3,1.000,0.571,0.0,0.0,,3.3,6.7,10.0,10.0,0.0,3.3,0.0,6.7,26.6,143,115,,harpero02
438,Pacome Dadiet,20,NYK,SG,5,0,14,3.4,13.7,0.250,0.0,3.4,0.000,3.4,10.3,0.333,0.250,6.8,6.8,1.000,0.0,10.3,10.3,6.8,0.0,0.0,0.0,3.4,13.7,116,118,,dadiepa01
439,Daeqwon Plowden,27,SAC,SG,1,0,14,3.3,16.7,0.200,0.0,10.0,0.000,3.3,6.7,0.500,0.200,0.0,0.0,,6.7,0.0,6.7,0.0,0.0,0.0,0.0,0.0,6.7,70,130,,plowdda01
440,Anthony Gill,33,WAS,PF,5,0,13,10.8,14.4,0.750,3.6,3.6,1.000,7.2,10.8,0.667,0.875,7.2,7.2,1.000,3.6,10.8,14.4,0.0,0.0,0.0,7.2,3.6,32.4,120,125,,gillan01
441,Harrison Ingram,23,SAS,SF,3,0,11,8.8,13.2,0.667,4.4,4.4,1.000,4.4,8.8,0.500,0.833,0.0,0.0,,13.2,0.0,13.2,0.0,0.0,0.0,0.0,8.8,21.9,182,121,,ingraha01
442,David Jones García,24,SAS,SF,3,0,11,17.6,30.7,0.571,0.0,0.0,,17.6,30.7,0.571,0.571,4.4,13.2,0.333,8.8,4.4,13.2,17.6,0.0,0.0,0.0,8.8,39.5,139,119,,jonesda06
443,Miles Kelly,23,DAL,PG,2,0,11,4.2,8.5,0.500,0.0,4.2,0.000,4.2,4.2,1.000,0.500,0.0,0.0,,4.2,12.7,17.0,0.0,0.0,0.0,4.2,8.5,8.5,79,112,,kellymi02
444,Jahmir Young,25,MIA,PG,2,0,10,4.5,13.6,0.333,0.0,4.5,0.000,4.5,9.1,0.500,0.333,0.0,0.0,,0.0,4.5,4.5,9.1,0.0,0.0,4.5,9.1,9.1,75,121,,youngja05
445,Thanasis Antetokounmpo,33,MIL,SF,4,0,9,5.3,10.6,0.500,0.0,0.0,,5.3,10.6,0.500,0.500,0.0,0.0,,0.0,5.3,5.3,0.0,5.3,10.6,0.0,5.3,10.6,99,99,,antetth01
446,Jacob Toppin,25,ATL,SF,3,0,9,15.7,21.0,0.750,0.0,0.0,,15.7,21.0,0.750,0.750,0.0,0.0,,0.0,5.2,5.2,0.0,0.0,0.0,0.0,5.2,31.4,140,119,,toppija01
447,Kevin Porter Jr.,25,MIL,PG,1,1,9,15.9,26.5,0.600,10.6,15.9,0.667,5.3,10.6,0.500,0.800,10.6,10.6,1.000,0.0,0.0,0.0,10.6,5.3,0.0,0.0,0.0,53.1,178,115,,porteke02
448,Riley Minix,25,SAS,SF,3,0,8,24.1,36.2,0.667,6.0,18.1,0.333,18.1,18.1,1.000,0.750,0.0,0.0,,6.0,6.0,12.1,6.0,6.0,0.0,0.0,6.0,54.3,153,104,,minixri01
449,Trey Jemison,26,NYK,C,1,0,8,0.0,0.0,,0.0,0.0,,0.0,0.0,,,0.0,0.0,,6.0,6.0,12.0,0.0,0.0,0.0,0.0,0.0,0.0,233,121,,jemistr01
450,Doug McDermott,34,SAC,SF,1,0,8,11.7,17.6,0.667,11.7,17.6,0.667,0.0,0.0,,1.000,0.0,0.0,,0.0,0.0,0.0,0.0,0.0,0.0,5.9,5.9,35.2,111,130,,mcderdo01
451,Hunter Sallis,22,PHI,SG,3,0,7,6.9,6.9,1.000,0.0,0.0,,6.9,6.9,1.000,1.000,0.0,0.0,,0.0,6.9,6.9,6.9,0.0,0.0,13.8,6.9,13.8,66,120,,sallihu01
452,Chris Mañon,24,LAL,SG,2,0,7,0.0,6.9,0.000,0.0,6.9,0.000,0.0,0.0,,0.000,0.0,0.0,,0.0,13.8,13.8,0.0,0.0,6.9,0.0,13.8,0.0,0,107,,manonch01
453,Amari Williams,24,BOS,PF,2,0,7,7.1,14.3,0.500,0.0,0.0,,7.1,14.3,0.500,0.500,0.0,0.0,,7.1,7.1,14.3,7.1,7.1,0.0,0.0,7.1,14.3,141,102,,william01
454,Colby Jones,23,DET,SG,1,0,7,6.8,20.4,0.333,0.0,13.6,0.000,6.8,6.8,1.000,0.333,0.0,0.0,,0.0,27.2,27.2,13.6,0.0,0.0,0.0,6.8,13.6,106,101,,jonesco02
455,Johni Broome,23,PHI,PF,2,0,6,16.1,40.1,0.400,0.0,8.0,0.000,16.1,32.1,0.500,0.400,0.0,0.0,,16.1,0.0,16.1,8.0,0.0,0.0,0.0,0.0,32.1,113,125,,broomjo01
456,Christian Koloko,25,LAL,C,2,0,6,0.0,0.0,,0.0,0.0,,0.0,0.0,,,0.0,0.0,,0.0,8.0,8.0,0.0,0.0,0.0,0.0,8.0,0.0,,119,,kolokch01
457,Garrett Temple,39,TOR,SG,2,0,6,0.0,7.9,0.000,0.0,7.9,0.000,0.0,0.0,,0.000,0.0,0.0,,0.0,0.0,0.0,0.0,0.0,7.9,0.0,0.0,0.0,0,114,,templga01
458,Danny Wolf,21,BRK,PF,2,0,6,0.0,8.1,0.000,0.0,0.0,,0.0,8.1,0.000,0.000,16.2,16.2,1.000,0.0,16.2,16.2,16.2,0.0,0.0,0.0,0.0,16.2,153,121,,wolfda01
459,Hunter Dickinson,25,NOP,C,1,0,5,9.8,19.6,0.500,0.0,0.0,,9.8,19.6,0.500,0.500,0.0,0.0,,0.0,0.0,0.0,0.0,0.0,9.8,19.6,19.6,19.6,43,121,,dickihu01
460,Adou Thiero,21,LAL,SF,1,0,5,9.7,9.7,1.000,0.0,0.0,,9.7,9.7,1.000,1.000,19.3,19.3,1.000,9.7,0.0,9.7,0.0,0.0,0.0,0.0,0.0,38.6,227,125,,thierad01
461,Sharife Cooper,24,WAS,PG,2,0,4,0.0,0.0,,0.0,0.0,,0.0,0.0,,,0.0,0.0,,0.0,0.0,0.0,0.0,0.0,0.0,11.7,0.0,0.0,0,133,,coopesh01
462,DaRon Holmes,23,DEN,PF,2,0,4,12.1,12.1,1.000,12.1,12.1,1.000,0.0,0.0,,1.500,0.0,0.0,,0.0,0.0,0.0,0.0,0.0,0.0,0.0,12.1,36.2,300,121,,holmeda01
463,Koby Brea,23,PHO,SG,1,0,4,12.1,24.2,0.500,0.0,12.1,0.000,12.1,12.1,1.000,0.500,24.2,24.2,1.000,0.0,0.0,0.0,12.1,0.0,0.0,0.0,0.0,48.5,164,125,,breako01
464,Pete Nance,25,MIL,PF,1,0,4,47.8,59.7,0.800,23.9,35.8,0.667,23.9,23.9,1.000,1.000,0.0,0.0,,0.0,11.9,11.9,0.0,0.0,0.0,0.0,0.0,119.4,207,119,,nancepe01
465,Myron Gardner,24,MIA,SF,1,0,3,15.1,15.1,1.000,15.1,15.1,1.000,0.0,0.0,,1.500,0.0,0.0,,0.0,15.1,15.1,15.1,0.0,0.0,0.0,30.3,45.4,279,111,,gardnmy01
466,Kyle Lowry,39,PHI,PG,1,0,3,16.1,16.1,1.000,16.1,16.1,1.000,0.0,0.0,,1.500,0.0,0.0,,0.0,0.0,0.0,16.1,16.1,0.0,0.0,0.0,48.2,282,89,,lowryky01
467,Orlando Robinson,25,ORL,C,1,0,2,0.0,0.0,,0.0,0.0,,0.0,0.0,,,0.0,0.0,,0.0,0.0,0.0,0.0,0.0,0.0,0.0,24.0,0.0,,121,,robinor01