"Name","TeamAbbreviation","GamesPlayed","Minutes","Turnovers","LiveBallTurnovers","DeadBallTurnovers","LiveBallTurnoverPct","LostBallTurnovers","LostBallOutOfBoundsTurnovers","BadPassTurnovers","BadPassOutOfBoundsTurnovers","Travels","3SecondViolations","StepOutOfBoundsTurnovers","OffensiveGoaltends"
"Franz Wagner","ORL",15,538,2.671415850400712,1.6918967052537845,0.9795191451469278,0.6333333333333333,0.8904719501335708,0.17809439002671415,0.8014247551202137,0.3561887800534283,0.3561887800534283,0,0,0
"Devin Booker","PHX",15,530,5.102954341987466,3.6705461056401076,1.432408236347359,0.7192982456140351,1.611459265890779,0.35810205908683973,2.0590868397493285,0.26857654431512984,0.26857654431512984,0,0,0
"Tyrese Maxey","PHI",13,525,3.1746031746031744,2.0541549953314657,1.1204481792717087,0.6470588235294118,0.9337068160597572,0.2801120448179272,1.1204481792717087,0.3734827264239029,0.09337068160597572,0,0,0
"Cooper Flagg","DAL",15,505,3.0927835051546393,1.8744142455482662,1.218369259606373,0.6060606060606061,0.9372071227741331,0.09372071227741331,0.9372071227741331,0.37488284910965325,0.28116213683223995,0,0.18744142455482662,0
"Lauri Markkanen","UTA",14,502,1.7958412098298677,1.3232514177693762,0.4725897920604915,0.7368421052631579,0.5671077504725898,0.2835538752362949,0.7561436672967864,0,0,0,0,0
"Shai Gilgeous-Alexander","OKC",15,499,2.4975984630163306,1.633045148895293,0.8645533141210374,0.6538461538461539,0.4803073967339097,0.09606147934678194,1.1527377521613833,0.2881844380403458,0.19212295869356388,0,0.09606147934678194,0
"Trey Murphy III","NOP",14,498,2.909796314258002,1.7458777885548011,1.1639185257032008,0.6,0.6789524733268671,0.09699321047526673,1.066925315227934,0.6789524733268671,0,0,0,0.09699321047526673
"Dyson Daniels","ATL",15,497,3.073967339097022,2.3054755043227666,0.7684918347742555,0.75,0.9606147934678194,0,1.344860710854947,0.09606147934678194,0.2881844380403458,0,0.09606147934678194,0.09606147934678194
"Desmond Bane","ORL",15,494,3.498542274052478,1.554907677356657,1.9436345966958213,0.4444444444444444,0.38872691933916426,0.2915451895043732,1.1661807580174928,0.38872691933916426,0.38872691933916426,0,0,0
"Miles Bridges","CHA",14,493,2.217936354869817,1.5429122468659595,0.6750241080038573,0.6956521739130435,0.3857280617164899,0,1.1571841851494695,0.4821600771456123,0,0,0,0.09643201542912247
"Derrick White","BOS",15,493,2.1384928716904277,1.3238289205702647,0.814663951120163,0.6190476190476191,0.5091649694501018,0.20366598778004075,0.814663951120163,0.4073319755600815,0,0,0,0
"VJ Edgecombe","PHI",13,485,2.414486921529175,1.8108651911468814,0.6036217303822937,0.75,0.704225352112676,0.2012072434607646,1.1066398390342052,0.1006036217303823,0.30181086519114686,0,0,0
"Duncan Robinson","DET",15,482,1.0967098703888336,0.6979062811565304,0.3988035892323031,0.6363636363636364,0.09970089730807577,0.19940179461615154,0.5982053838484547,0,0.09970089730807577,0,0,0
"Payton Pritchard","BOS",15,482,2.158273381294964,1.2332990750256938,0.9249743062692704,0.5714285714285714,0.41109969167523125,0.30832476875642345,0.8221993833504625,0.20554984583761562,0.20554984583761562,0,0,0
"Keyonte George","UTA",14,482,4.667328699106256,2.9791459781529297,1.6881827209533267,0.6382978723404256,1.1916583912611718,0.3972194637537239,1.7874875868917577,0.3972194637537239,0.09930486593843098,0,0,0
"Toumani Camara","POR",14,482,2.9411764705882355,2.156862745098039,0.7843137254901961,0.7333333333333333,0.39215686274509803,0,1.7647058823529411,0.6862745098039216,0,0,0,0
"Jaylen Brown","BOS",15,481,5.486542443064182,2.691511387163561,2.7950310559006213,0.49056603773584906,1.3457556935817805,0.5175983436853002,1.3457556935817805,0.4140786749482402,0.6211180124223602,0,0.10351966873706005,0
"Evan Mobley","CLE",14,479,3.7848605577689245,2.689243027888446,1.095617529880478,0.7105263157894737,1.593625498007968,0.398406374501992,1.095617529880478,0.29880478087649404,0.199203187250996,0,0,0
"DeMar DeRozan","SAC",14,476,1.3916500994035785,1.0934393638170974,0.2982107355864811,0.7857142857142857,0.1988071570576541,0,0.8946322067594433,0,0.09940357852882704,0,0,0
"Rui Hachimura","LAL",14,475,1.6016016016016017,0.6006006006006006,1.001001001001001,0.375,0.2002002002002002,0.1001001001001001,0.4004004004004004,0.3003003003003003,0,0,0,0
"Deni Avdija","POR",14,473,4.780876494023905,3.2868525896414345,1.4940239043824701,0.6875,1.6932270916334662,0.49800796812749004,1.593625498007968,0.398406374501992,0.099601593625498,0,0,0
"James Harden","LAC",13,470,5.246589716684155,4.197271773347325,1.0493179433368311,0.8,1.154249737670514,0,3.04302203567681,0.5246589716684156,0.1049317943336831,0,0,0
"Jimmy Butler III","GSW",15,469,2.579979360165119,1.6511867905056758,0.9287925696594427,0.64,0.41279669762641896,0.20639834881320948,1.238390092879257,0.30959752321981426,0.10319917440660474,0,0.10319917440660474,0
"Brandon Ingram","TOR",14,468,3.7716615698267075,2.4464831804281344,1.325178389398573,0.6486486486486487,1.1213047910295617,0.2038735983690112,1.325178389398573,0.3058103975535168,0.3058103975535168,0,0.1019367991845056,0
"Devin Vassell","SAS",14,465,1.654601861427094,1.0341261633919339,0.6204756980351603,0.625,0.31023784901758017,0,0.7238883143743536,0.31023784901758017,0,0,0,0
"Ryan Rollins","MIL",15,464,3.8702928870292888,2.719665271966527,1.1506276150627615,0.7027027027027027,1.0460251046025104,0.20920502092050208,1.6736401673640167,0.7322175732217573,0.10460251046025104,0,0,0
"Julius Randle","MIN",14,464,3.593429158110883,1.540041067761807,2.0533880903490758,0.42857142857142855,0.5133470225872689,0.6160164271047228,1.0266940451745379,0.8213552361396304,0.2053388090349076,0,0,0
"Andrew Wiggins","MIA",14,461,2.8855721393034828,2.08955223880597,0.7960199004975125,0.7241379310344828,1.3930348258706469,0.09950248756218906,0.6965174129353234,0.19900497512437812,0.09950248756218906,0,0,0
"Kon Knueppel","CHA",14,460,3.615702479338843,2.37603305785124,1.2396694214876034,0.6571428571428571,0.9297520661157025,0.4132231404958678,1.4462809917355373,0.4132231404958678,0.2066115702479339,0,0,0
"Mikal Bridges","NYK",13,456,1.371308016877637,0.8438818565400844,0.5274261603375527,0.6153846153846154,0.2109704641350211,0,0.6329113924050633,0.10548523206751055,0.31645569620253167,0,0.10548523206751055,0
"Scottie Barnes","TOR",14,455,2.722513089005236,1.675392670157068,1.0471204188481675,0.6153846153846154,0.10471204188481675,0.10471204188481675,1.5706806282722514,0.31413612565445026,0.10471204188481675,0,0.10471204188481675,0
"Wendell Carter Jr.","ORL",15,454,3.2769556025369977,1.0570824524312896,2.219873150105708,0.3225806451612903,0.5285412262156448,0.10570824524312897,0.5285412262156448,0.5285412262156448,0.21141649048625794,0,0.21141649048625794,0
"Pascal Siakam","IND",13,454,3.361344537815126,1.7857142857142858,1.5756302521008403,0.53125,0.6302521008403361,0.10504201680672269,1.1554621848739495,0.21008403361344538,0.31512605042016806,0,0.10504201680672269,0
"Brandin Podziemski","GSW",16,452,2.025586353944563,0.8528784648187633,1.1727078891257996,0.42105263157894735,0.42643923240938164,0.21321961620469082,0.42643923240938164,0.31982942430703626,0.31982942430703626,0,0,0
"Myles Turner","MIL",15,449,2.2388059701492535,1.0660980810234542,1.1727078891257996,0.47619047619047616,0.5330490405117271,0.10660980810234541,0.5330490405117271,0.10660980810234541,0.10660980810234541,0,0.21321961620469082,0
"Nikola Jokić","DEN",13,448,4.311251314405888,3.259726603575184,1.0515247108307044,0.7560975609756098,1.0515247108307044,0,2.2082018927444795,0.4206098843322818,0,0,0,0
"Max Christie","DAL",15,447,1.7130620985010707,0.8565310492505354,0.8565310492505354,0.5,0.32119914346895073,0.10706638115631692,0.5353319057815846,0.32119914346895073,0,0,0.10706638115631692,0
"Royce O'Neale","PHX",15,444,2.3655913978494625,1.5053763440860215,0.8602150537634409,0.6363636363636364,0.3225806451612903,0.10752688172043011,1.1827956989247312,0.3225806451612903,0,0,0,0
"Onyeka Okongwu","ATL",15,444,2.8969957081545066,0.7510729613733905,2.1459227467811157,0.25925925925925924,0.3218884120171674,0.2145922746781116,0.4291845493562232,0.4291845493562232,0.5364806866952789,0,0.1072961373390558,0
"Donovan Mitchell","CLE",13,443,4.416403785488959,2.5236593059936907,1.8927444794952681,0.5714285714285714,0.6309148264984227,0.8412197686645636,1.8927444794952681,0.6309148264984227,0,0,0,0
"RJ Barrett","TOR",14,442,2.38353196099675,1.408450704225352,0.9750812567713976,0.5909090909090909,0.3250270855904659,0,1.0834236186348862,0.4333694474539545,0.21668472372697725,0,0.21668472372697725,0
"Alperen Sengun","HOU",12,442,4.479283314669653,3.135498320268757,1.343784994400896,0.7,0.8958566629339306,0.4479283314669653,2.2396416573348263,0.11198208286674133,0,0,0.11198208286674133,0
"Ivica Zubac","LAC",14,441,3.2768361581920904,1.694915254237288,1.5819209039548023,0.5172413793103449,0.5649717514124294,0.3389830508474576,1.1299435028248588,0.22598870056497175,0.11299435028248588,0,0,0
"Cade Cunningham","DET",12,441,4.684095860566448,3.812636165577342,0.8714596949891068,0.813953488372093,0.5446623093681917,0,3.2679738562091503,0.4357298474945534,0,0,0,0
"Rudy Gobert","MIN",14,439,2.6607538802660753,1.441241685144124,1.2195121951219512,0.5416666666666666,0.6651884700665188,0.11086474501108648,0.7760532150776053,0.4434589800443459,0,0,0,0
"Immanuel Quickley","TOR",14,439,2.741228070175439,1.644736842105263,1.0964912280701755,0.6,0.10964912280701754,0.10964912280701754,1.5350877192982457,0.32894736842105265,0.21929824561403508,0,0,0
"Jaden McDaniels","MIN",14,436,3.0033370411568407,1.3348164627363737,1.668520578420467,0.4444444444444444,0.778642936596218,0.22246941045606228,0.5561735261401557,0.5561735261401557,0,0,0.22246941045606228,0
"Jaren Jackson Jr.","MEM",15,435,3.5437430786267994,1.2181616832779623,2.3255813953488373,0.34375,0.5537098560354374,0.11074197120708748,0.6644518272425249,0.11074197120708748,0.11074197120708748,0,0,0
"Jalen Johnson","ATL",13,434,4.282655246252677,2.569593147751606,1.7130620985010707,0.6,0.8565310492505354,0.10706638115631692,1.7130620985010707,0.7494646680942184,0.21413276231263384,0,0,0
"Kevin Durant","HOU",12,433,4.031354983202688,2.9115341545352744,1.1198208286674132,0.7222222222222222,1.2318029115341544,0.335946248600224,1.6797312430011198,0.11198208286674133,0.11198208286674133,0,0,0
"Austin Reaves","LAL",12,433,4.5203969128996695,2.9768467475192946,1.543550165380375,0.6585365853658537,0.8820286659316428,0.33076074972436603,2.094818081587652,0.5512679162072768,0,0,0.11025358324145534,0
"Davion Mitchell","MIA",14,431,2.6652452025586353,1.812366737739872,0.8528784648187633,0.68,0.746268656716418,0,1.0660980810234542,0.6396588486140725,0,0,0,0
"Karl-Anthony Towns","NYK",13,430,3.7652270210409746,1.2181616832779623,2.547065337763012,0.3235294117647059,0.8859357696566998,0.11074197120708748,0.33222591362126247,0.22148394241417496,0.22148394241417496,0,0,0
"P.J. Washington","DAL",14,430,4.18041804180418,2.6402640264026402,1.54015401540154,0.631578947368421,1.21012101210121,0.11001100110011001,1.4301430143014302,0.77007700770077,0.11001100110011001,0,0.11001100110011001,0.11001100110011001
"Jake LaRavia","LAL",15,428,2.027027027027027,1.4639639639639639,0.5630630630630631,0.7222222222222222,0.33783783783783783,0,1.1261261261261262,0.33783783783783783,0.11261261261261261,0,0.11261261261261261,0
"Isaiah Hartenstein","OKC",15,427,3.644646924829157,1.7084282460136675,1.9362186788154898,0.46875,0.45558086560364464,0.11389521640091116,1.2528473804100229,0.3416856492027335,0,0,0,0.11389521640091116
"Amen Thompson","HOU",12,426,3.1431897555296855,1.6298020954598371,1.5133876600698486,0.5185185185185185,0.9313154831199069,0.11641443538998836,0.6984866123399301,0.6984866123399301,0.11641443538998836,0,0.11641443538998836,0.11641443538998836
"Dennis Schröder","SAC",14,426,3.0100334448160537,1.6722408026755853,1.3377926421404682,0.5555555555555556,0.6688963210702341,0.2229654403567447,1.0033444816053512,0.6688963210702341,0.2229654403567447,0,0,0
"Donte DiVincenzo","MIN",14,425,2.2598870056497176,1.3559322033898304,0.903954802259887,0.6,0.6779661016949152,0.11299435028248588,0.6779661016949152,0.5649717514124294,0,0,0,0
"Draymond Green","GSW",15,425,5.47945205479452,3.1963470319634704,2.2831050228310503,0.5833333333333334,0.3424657534246575,0.1141552511415525,2.853881278538813,0.7990867579908676,0,0,0,0
"Deandre Ayton","LAL",14,425,4.072398190045249,2.1493212669683257,1.9230769230769231,0.5277777777777778,1.4705882352941178,0,0.6787330316742082,0.3393665158371041,0.22624434389140272,0,0,0.11312217194570136
"Jaime Jaquez Jr.","MIA",14,424,2.912621359223301,1.8338727076591155,1.0787486515641855,0.6296296296296297,0.7551240560949298,0.10787486515641856,1.0787486515641855,0.32362459546925565,0.32362459546925565,0,0,0
"Michael Porter Jr.","BKN",13,424,3.3603707995365006,1.2746234067207416,2.085747392815759,0.3793103448275862,0.46349942062572425,0.23174971031286212,0.8111239860950173,0.23174971031286212,0.6952491309385863,0,0.23174971031286212,0
"Herbert Jones","NOP",14,423,2.880184331797235,1.8433179723502304,1.0368663594470047,0.64,0.4608294930875576,0.1152073732718894,1.3824884792626728,0.2304147465437788,0.2304147465437788,0,0.2304147465437788,0
"AJ Green","MIL",15,422,1.25,0.9090909090909091,0.3409090909090909,0.7272727272727273,0.22727272727272727,0.11363636363636363,0.6818181818181818,0,0,0,0,0
"Ajay Mitchell","OKC",15,421,2.840909090909091,1.9318181818181819,0.9090909090909091,0.68,0.5681818181818182,0.11363636363636363,1.3636363636363635,0.11363636363636363,0,0,0.11363636363636363,0
"Harrison Barnes","SAS",14,418,2.2274325908558033,1.2895662368112544,0.9378663540445487,0.5789473684210527,0.23446658851113716,0.46893317702227433,1.0550996483001172,0.11723329425556858,0,0,0,0
"Kelly Oubre Jr.","PHI",12,418,2.0809248554913293,1.0404624277456647,1.0404624277456647,0.5,0.3468208092485549,0.23121387283236994,0.6936416184971098,0,0,0,0.23121387283236994,0
"Grayson Allen","PHX",13,417,2.662037037037037,1.6203703703703705,1.0416666666666667,0.6086956521739131,0.8101851851851852,0,0.8101851851851852,0.23148148148148148,0,0,0.23148148148148148,0
"Victor Wembanyama","SAS",12,416,5,2.558139534883721,2.441860465116279,0.5116279069767442,1.744186046511628,0.5813953488372093,0.813953488372093,0.3488372093023256,0.11627906976744186,0,0,0
"Stephon Castle","SAS",13,416,5.875576036866359,3.456221198156682,2.4193548387096775,0.5882352941176471,1.0368663594470047,0.6912442396313364,2.4193548387096775,0.8064516129032258,0.2304147465437788,0,0.1152073732718894,0
"Gary Trent Jr.","MIL",15,415,1.2746234067207416,0.6952491309385863,0.5793742757821553,0.5454545454545454,0.23174971031286212,0,0.46349942062572425,0.11587485515643106,0,0,0.11587485515643106,0
"Giannis Antetokounmpo","MIL",13,414,5.336426914153132,2.4361948955916475,2.9002320185614847,0.45652173913043476,1.0440835266821347,0.6960556844547564,1.3921113689095128,0.23201856148491878,0.3480278422273782,0,0,0.11600928074245939
"Zach LaVine","SAC",12,412,2.771362586605081,1.7321016166281755,1.0392609699769053,0.625,0.5773672055427251,0.23094688221709006,1.1547344110854503,0.3464203233256351,0.11547344110854503,0,0.23094688221709006,0
"Jamal Murray","DEN",12,412,3.2941176470588234,2,1.2941176470588236,0.6071428571428571,0.35294117647058826,0,1.6470588235294117,0.7058823529411765,0.23529411764705882,0,0,0
"Nic Claxton","BKN",14,412,2.406738868832732,1.0830324909747293,1.3237063778580025,0.45,0.601684717208183,0,0.4813477737665463,0.36101083032490977,0.12033694344163658,0,0,0.12033694344163658
"Nikola Vučević","CHI",13,409,2.5316455696202533,1.380897583429229,1.1507479861910241,0.5454545454545454,0.6904487917146145,0,0.6904487917146145,0.34522439585730724,0.11507479861910241,0,0,0
"Jarace Walker","IND",14,407,3.7209302325581395,2.558139534883721,1.1627906976744187,0.6875,1.5116279069767442,0.11627906976744186,1.0465116279069768,0.5813953488372093,0.3488372093023256,0,0.11627906976744186,0
"Quentin Grimes","PHI",13,406,4.513064133016627,2.6128266033254155,1.9002375296912113,0.5789473684210527,1.4251781472684086,0.7125890736342043,1.187648456057007,0.5938242280285035,0.35629453681710216,0,0,0
"Cason Wallace","OKC",14,406,2.0214030915576693,1.5457788347205708,0.4756242568370987,0.7647058823529411,0.356718192627824,0.11890606420927467,1.1890606420927468,0.23781212841854935,0,0,0,0
"Luka Dončić","LAL",11,405,5.344418052256532,4.394299287410926,0.9501187648456056,0.8222222222222222,1.0688836104513064,0.1187648456057007,3.32541567695962,0.2375296912114014,0.35629453681710216,0,0,0
"Anthony Black","ORL",15,402,3.785103785103785,2.686202686202686,1.098901098901099,0.7096774193548387,0.3663003663003663,0.1221001221001221,2.31990231990232,0.3663003663003663,0.2442002442002442,0,0.2442002442002442,0
"Nickeil Alexander-Walker","ATL",13,401,3.608847497089639,2.0954598370197903,1.5133876600698486,0.5806451612903226,0.46565774155995343,0.46565774155995343,1.6298020954598371,0.3492433061699651,0.23282887077997672,0,0.3492433061699651,0
"Stephen Curry","GSW",13,401,4.282407407407407,2.4305555555555554,1.8518518518518519,0.5675675675675675,1.6203703703703705,0.3472222222222222,0.8101851851851852,0.5787037037037037,0.11574074074074074,0,0.3472222222222222,0
"Jrue Holiday","POR",12,401,4.055619930475087,3.1286210892236386,0.9269988412514485,0.7714285714285715,0.9269988412514485,0.11587485515643106,2.20162224797219,0.34762456546929316,0,0,0.23174971031286212,0
"Shaedon Sharpe","POR",14,400,4.534883720930233,3.255813953488372,1.2790697674418605,0.717948717948718,1.9767441860465116,0.46511627906976744,1.2790697674418605,0.23255813953488372,0,0,0.11627906976744186,0
"Cedric Coward","MEM",15,399,2.331002331002331,1.7482517482517483,0.5827505827505828,0.75,1.1655011655011656,0,0.5827505827505828,0.2331002331002331,0,0,0,0
"Russell Westbrook","SAC",14,399,5.214368482039397,3.2444959443800694,1.969872537659328,0.6222222222222222,0.5793742757821553,0.23174971031286212,2.6651216685979144,1.0428736964078795,0.11587485515643106,0,0.11587485515643106,0
"Naji Marshall","DAL",15,394,1.7814726840855106,1.187648456057007,0.5938242280285035,0.6666666666666666,0.4750593824228028,0,0.7125890736342043,0.2375296912114014,0.1187648456057007,0,0,0
"Paolo Banchero","ORL",12,393,3.860072376357057,2.0506634499396865,1.8094089264173703,0.53125,1.3268998793727382,0.6031363088057901,0.7237635705669482,0.24125452352231605,0.24125452352231605,0,0.24125452352231605,0
"Santi Aldama","MEM",15,384,2.317073170731707,1.4634146341463414,0.8536585365853658,0.631578947368421,0.7317073170731707,0.12195121951219512,0.7317073170731707,0.24390243902439024,0,0,0,0
"CJ McCollum","WAS",13,384,2.2946859903381642,1.8115942028985508,0.4830917874396135,0.7894736842105263,0.4830917874396135,0,1.328502415458937,0.12077294685990338,0,0,0.12077294685990338,0
"Julian Champagnie","SAS",14,381,2.386934673366834,1.256281407035176,1.1306532663316582,0.5263157894736842,0.25125628140703515,0.25125628140703515,1.0050251256281406,0.25125628140703515,0,0,0.5025125628140703,0
"Jaylen Wells","MEM",15,380,1.518987341772152,1.139240506329114,0.379746835443038,0.75,0.5063291139240507,0,0.6329113924050633,0,0.12658227848101267,0,0.12658227848101267,0
"Terance Mann","BKN",14,380,1.556420233463035,1.0376134889753568,0.5188067444876784,0.6666666666666666,0.648508430609598,0.1297016861219196,0.38910505836575876,0.1297016861219196,0.1297016861219196,0,0.1297016861219196,0
"Josh Giddey","CHI",11,379,4.86284289276808,3.2418952618453867,1.6209476309226933,0.6666666666666666,0.7481296758104738,0.24937655860349128,2.493765586034913,0.6234413965087282,0.12468827930174564,0,0.24937655860349128,0
"Svi Mykhailiuk","UTA",14,378,1.2658227848101267,0.5063291139240507,0.759493670886076,0.4,0.25316455696202533,0,0.25316455696202533,0.5063291139240507,0.12658227848101267,0,0,0
"Matas Buzelis","CHI",13,378,3.082614056720099,2.096177558569667,0.9864364981504316,0.68,1.4796547472256474,0.4932182490752158,0.6165228113440198,0.12330456226880394,0.12330456226880394,0,0,0
"Alex Sarr","WAS",13,377,3.934010152284264,2.918781725888325,1.015228426395939,0.7419354838709677,1.649746192893401,0,1.2690355329949239,0.25380710659898476,0.25380710659898476,0,0,0
"Jalen Duren","DET",13,376,3.836317135549872,1.5345268542199488,2.3017902813299234,0.4,0.8951406649616368,0.2557544757033248,0.639386189258312,0.1278772378516624,0.2557544757033248,0,0,0.5115089514066496
"Sion James","CHA",14,374,1.8205461638491547,0.9102730819245773,0.9102730819245773,0.5,0.39011703511053314,0,0.5201560468140443,0.13003901170351106,0.39011703511053314,0,0,0
"Jalen Brunson","NYK",11,373,3.821656050955414,2.4203821656050954,1.4012738853503184,0.6333333333333333,0.89171974522293,0,1.5286624203821657,0.7643312101910829,0,0,0,0
"OG Anunoby","NYK",12,373,2.8241335044929397,1.925545571245186,0.8985879332477535,0.6818181818181818,0.5134788189987163,0.12836970474967907,1.4120667522464698,0.3851091142490372,0,0,0.12836970474967907,0
"Kyshawn George","WAS",12,371,4.918032786885246,3.0264817150063053,1.8915510718789408,0.6153846153846154,2.1437578814627996,0.25220680958385877,0.8827238335435057,0.6305170239596469,0.12610340479192939,0,0.12610340479192939,0
"Jeremiah Fears","NOP",14,369,4.74934036939314,2.9023746701846966,1.8469656992084433,0.6111111111111112,0.6596306068601583,0.5277044854881267,2.242744063324538,0.39577836411609496,0,0,0,0.13192612137203166
"Anfernee Simons","BOS",15,368,2.7247956403269753,1.9073569482288828,0.8174386920980926,0.7,1.2261580381471389,0.1362397820163488,0.6811989100817438,0.2724795640326976,0.1362397820163488,0,0,0
"Neemias Queta","BOS",15,367,1.7881705639614855,0.5502063273727648,1.2379642365887207,0.3076923076923077,0.4126547455295736,0,0.1375515818431912,0.1375515818431912,0,0,0,0.1375515818431912
"Collin Gillespie","PHX",15,365,3.0707610146862483,1.8691588785046729,1.2016021361815754,0.6086956521739131,0.9345794392523364,0.26702269692923897,0.9345794392523364,0.5340453938584779,0.26702269692923897,0,0,0
"Domantas Sabonis","SAC",11,365,3.6129032258064515,1.5483870967741935,2.064516129032258,0.42857142857142855,1.032258064516129,0.12903225806451613,0.5161290322580645,0.25806451612903225,0.12903225806451613,0,0,0
"Aaron Gordon","DEN",12,365,2.248677248677249,1.4550264550264551,0.7936507936507936,0.6470588235294118,0.26455026455026454,0.13227513227513227,1.1904761904761905,0.26455026455026454,0.13227513227513227,0,0,0
"Jabari Smith Jr.","HOU",11,363,1.4965986394557824,0.54421768707483,0.9523809523809523,0.36363636363636365,0.272108843537415,0.272108843537415,0.272108843537415,0,0.272108843537415,0,0.1360544217687075,0
"Kyle Kuzma","MIL",14,362,2.2309711286089238,1.5748031496062993,0.6561679790026247,0.7058823529411765,0.9186351706036745,0.13123359580052493,0.6561679790026247,0.13123359580052493,0.3937007874015748,0,0,0
"Jerami Grant","POR",13,362,2.7096774193548385,1.4193548387096775,1.2903225806451613,0.5238095238095238,0.7741935483870968,0.12903225806451613,0.6451612903225806,0.12903225806451613,0.3870967741935484,0,0,0
"Ryan Dunn","PHX",15,361,2.0408163265306123,1.08843537414966,0.9523809523809523,0.5333333333333333,0.1360544217687075,0.272108843537415,0.9523809523809523,0.1360544217687075,0.1360544217687075,0,0,0
"Jonathan Kuminga","GSW",13,360,4.685408299866131,2.4096385542168677,2.2757697456492636,0.5142857142857142,1.2048192771084338,0.535475234270415,1.2048192771084338,0.9370816599732262,0.6693440428380187,0,0,0
"Kris Dunn","LAC",14,360,2.7816411682892905,1.8080667593880388,0.9735744089012517,0.65,0.5563282336578581,0.13908205841446453,1.2517385257301807,0.27816411682892905,0.13908205841446453,0,0,0
"Jock Landale","MEM",15,360,2.380952380952381,0.9259259259259259,1.4550264550264551,0.3888888888888889,0.13227513227513227,0.26455026455026454,0.7936507936507936,0.26455026455026454,0,0,0,0
"Ronald Holland II","DET",15,358,3.5714285714285716,2.1164021164021163,1.4550264550264551,0.5925925925925926,1.4550264550264551,0.3968253968253968,0.6613756613756614,0.26455026455026454,0.26455026455026454,0,0.26455026455026454,0
"Saddiq Bey","NOP",13,358,1.2195121951219512,0.8130081300813008,0.4065040650406504,0.6666666666666666,0.13550135501355012,0,0.6775067750677507,0,0,0,0,0
"John Collins","LAC",14,355,3.818953323903819,2.263083451202263,1.5558698727015559,0.5925925925925926,1.272984441301273,0.14144271570014144,0.9900990099009901,0,0.2828854314002829,0,0.14144271570014144,0
"Ben Sheppard","IND",14,354,1.2032085561497325,0.8021390374331551,0.40106951871657753,0.6666666666666666,0.26737967914438504,0.13368983957219252,0.5347593582887701,0.26737967914438504,0,0,0,0
"Tristan da Silva","ORL",15,353,1.9471488178025034,1.2517385257301807,0.6954102920723226,0.6428571428571429,0.27816411682892905,0.13908205841446453,0.9735744089012517,0.13908205841446453,0,0,0.13908205841446453,0
"Donovan Clingan","POR",14,350,1.4804845222072678,0.6729475100942126,0.8075370121130552,0.45454545454545453,0.13458950201884254,0.13458950201884254,0.5383580080753702,0,0,0,0,0
"Javonte Green","DET",15,349,1.6304347826086956,1.358695652173913,0.2717391304347826,0.8333333333333334,0.1358695652173913,0,1.2228260869565217,0.1358695652173913,0,0,0.1358695652173913,0
"Bub Carrington","WAS",13,349,4.318488529014845,3.2388663967611335,1.0796221322537112,0.75,0.8097165991902834,0.1349527665317139,2.42914979757085,0.5398110661268556,0,0,0,0
"Noah Clowney","BKN",14,348,3,1.5714285714285714,1.4285714285714286,0.5238095238095238,0.7142857142857143,0,0.8571428571428571,0.14285714285714285,0.2857142857142857,0,0.42857142857142855,0
"Kentavious Caldwell-Pope","MEM",15,346,2.188782489740082,1.5047879616963065,0.6839945280437757,0.6875,0.8207934336525308,0.27359781121751026,0.6839945280437757,0.4103967168262654,0,0,0,0
"Ryan Kalkbrenner","CHA",13,346,3.009575923392613,0.6839945280437757,2.3255813953488373,0.22727272727272727,0.27359781121751026,0.27359781121751026,0.4103967168262654,0.13679890560875513,0,0,0.27359781121751026,0
"De'Andre Hunter","CLE",12,346,2.7210884353741496,1.6326530612244898,1.08843537414966,0.6,0.9523809523809523,0.6802721088435374,0.6802721088435374,0.272108843537415,0,0,0,0
"Ja Morant","MEM",12,345,6.024096385542169,4.149933065595716,1.8741633199464525,0.6888888888888889,1.2048192771084338,0.13386880856760375,2.9451137884872827,1.4725568942436413,0,0,0,0
"Norman Powell","MIA",11,345,3.145478374836173,1.5727391874180865,1.5727391874180865,0.5,1.0484927916120577,0.3931847968545216,0.5242463958060288,0.3931847968545216,0,0,0.2621231979030144,0
"Moses Moody","GSW",14,345,2.4759284731774414,1.6506189821182944,0.8253094910591472,0.6666666666666666,0.4126547455295736,0,1.2379642365887207,0.4126547455295736,0.1375515818431912,0,0,0
"Kevin Huerter","CHI",13,343,2.8225806451612905,2.0161290322580645,0.8064516129032258,0.7142857142857143,0.6720430107526881,0,1.3440860215053763,0.8064516129032258,0,0,0,0
"Jusuf Nurkić","UTA",14,342,5.525606469002695,3.0997304582210243,2.4258760107816713,0.5609756097560976,0.8086253369272237,0.2695417789757412,2.2911051212938007,0.5390835579514824,0,0,0,0
"Kel'el Ware","MIA",14,342,1.742627345844504,0.938337801608579,0.8042895442359249,0.5384615384615384,0.13404825737265416,0.13404825737265416,0.8042895442359249,0,0,0,0,0
"Collin Sexton","CHA",13,342,5.20393811533052,3.0942334739803092,2.109704641350211,0.5945945945945946,1.2658227848101267,0.2812939521800281,1.8284106891701828,0.8438818565400844,0,0,0.14064697609001406,0
"Naz Reid","MIN",14,338,2.9702970297029703,1.5558698727015559,1.4144271570014144,0.5238095238095238,0.9900990099009901,0.14144271570014144,0.5657708628005658,0.5657708628005658,0,0,0,0
"Marcus Smart","LAL",12,338,3.6465638148667603,2.1037868162692845,1.5427769985974755,0.5769230769230769,0.8415147265077139,0,1.262272089761571,0.7012622720897616,0,0,0,0
"Jarrett Allen","CLE",13,335,2.8846153846153846,1.510989010989011,1.3736263736263736,0.5238095238095238,1.098901098901099,0.27472527472527475,0.41208791208791207,0.5494505494505495,0.13736263736263737,0,0,0
"Aaron Nesmith","IND",11,335,1.1510791366906474,0.4316546762589928,0.7194244604316546,0.375,0.28776978417266186,0,0.14388489208633093,0.14388489208633093,0.14388489208633093,0,0,0
"Keldon Johnson","SAS",14,331,1.6152716593245227,0.7342143906020558,0.8810572687224669,0.45454545454545453,0.5873715124816447,0.14684287812041116,0.14684287812041116,0.2936857562408223,0.14684287812041116,0,0.14684287812041116,0
"Isaac Okoro","CHI",13,330,2.1802325581395348,1.1627906976744187,1.0174418604651163,0.5333333333333333,0.5813953488372093,0.29069767441860467,0.5813953488372093,0.14534883720930233,0,0,0,0
"D'Angelo Russell","DAL",15,330,5.043227665706052,3.170028818443804,1.8731988472622478,0.6285714285714286,0.7204610951008645,0.4322766570605187,2.4495677233429394,0.8645533141210374,0,0,0,0
"Tre Jones","CHI",11,329,2.5531914893617023,0.851063829787234,1.702127659574468,0.3333333333333333,0.425531914893617,0.425531914893617,0.425531914893617,0.7092198581560284,0.425531914893617,0,0,0
"Chet Holmgren","OKC",11,328,3.5294117647058822,1.7647058823529411,1.7647058823529411,0.5,0.8823529411764706,0.14705882352941177,0.8823529411764706,0.14705882352941177,0.4411764705882353,0,0.14705882352941177,0
"Tre Johnson","WAS",13,327,2.8208744710860367,1.5514809590973202,1.2693935119887165,0.55,0.5641748942172073,0.4231311706629055,0.9873060648801129,0.2820874471086037,0.4231311706629055,0,0,0
"Mark Williams","PHX",13,326,1.749271137026239,0.5830903790087464,1.1661807580174928,0.3333333333333333,0.2915451895043732,0.1457725947521866,0.2915451895043732,0,0.1457725947521866,0,0,0
"Christian Braun","DEN",11,325,2.0618556701030926,1.1782032400589102,0.8836524300441826,0.5714285714285714,0.29455081001472755,0.29455081001472755,0.8836524300441826,0.29455081001472755,0,0,0.14727540500736377,0
"Derrick Jones Jr.","LAC",13,324,1.5197568389057752,0.7598784194528876,0.7598784194528876,0.5,0.1519756838905775,0,0.60790273556231,0.1519756838905775,0,0,0,0
"Sam Hauser","BOS",15,323,1.51285930408472,1.059001512859304,0.45385779122541603,0.7,0.45385779122541603,0.15128593040847202,0.6051437216338881,0,0,0,0,0
"Moussa Diabaté","CHA",14,319,1.694915254237288,0.15408320493066255,1.5408320493066257,0.09090909090909091,0,0,0.15408320493066255,0.15408320493066255,0.6163328197226502,0,0,0
"Derik Queen","NOP",14,316,4.9306625577812015,2.9275808936825887,2.0030816640986133,0.59375,1.2326656394453004,0.3081664098613251,1.694915254237288,0.4622496147919877,0.15408320493066255,0,0,0
"Ausar Thompson","DET",11,314,2.19435736677116,1.09717868338558,1.09717868338558,0.5,0.6269592476489029,0.31347962382445144,0.4702194357366771,0.31347962382445144,0.4702194357366771,0,0,0
"Bobby Portis","MIL",15,313,2.7993779160186625,1.7107309486780715,1.088646967340591,0.6111111111111112,0.3110419906687403,0.15552099533437014,1.3996889580093312,0.15552099533437014,0,0,0,0
"Dean Wade","CLE",14,312,0.6116207951070336,0.1529051987767584,0.45871559633027525,0.25,0.1529051987767584,0.3058103975535168,0,0,0.1529051987767584,0,0,0
"Sam Merrill","CLE",12,311,1.4771048744460857,0.5908419497784343,0.8862629246676514,0.4,0,0,0.5908419497784343,0.14771048744460857,0.14771048744460857,0,0.14771048744460857,0
"Tre Mann","CHA",14,308,4.265402843601896,2.3696682464454977,1.8957345971563981,0.5555555555555556,0.7898894154818326,0.1579778830963665,1.5797788309636651,0.315955766192733,0,0,0.1579778830963665,0
"Cameron Johnson","DEN",12,306,0.9448818897637795,0.9448818897637795,0,1,0.31496062992125984,0,0.6299212598425197,0,0,0,0,0
"Josh Hart","NYK",12,306,3.912363067292645,1.8779342723004695,2.0344287949921753,0.48,0.9389671361502347,0.3129890453834116,0.9389671361502347,0.6259780907668232,0.1564945226917058,0,0.1564945226917058,0
"Pelle Larsson","MIA",14,305,2.537313432835821,1.791044776119403,0.746268656716418,0.7058823529411765,0.14925373134328357,0.14925373134328357,1.6417910447761195,0.44776119402985076,0.14925373134328357,0,0,0
"Anthony Edwards","MIN",10,303,3.7267080745341614,2.484472049689441,1.2422360248447204,0.6666666666666666,1.0869565217391304,0,1.3975155279503106,0.4658385093167702,0.15527950310559005,0,0.15527950310559005,0
"Peyton Watson","DEN",13,300,2.090032154340836,0.6430868167202572,1.4469453376205788,0.3076923076923077,0.1607717041800643,0.3215434083601286,0.48231511254019294,0.3215434083601286,0.1607717041800643,0,0.1607717041800643,0
"Nikola Jović","MIA",14,299,3.7650602409638556,2.2590361445783134,1.5060240963855422,0.6,0.9036144578313253,0.45180722891566266,1.355421686746988,0.15060240963855423,0,0,0,0
"Kris Murray","POR",13,298,1.10062893081761,0.6289308176100629,0.4716981132075472,0.5714285714285714,0.15723270440251572,0.15723270440251572,0.4716981132075472,0,0.15723270440251572,0,0,0
"Klay Thompson","DAL",14,298,2.4806201550387597,1.550387596899225,0.9302325581395349,0.625,0.6201550387596899,0.46511627906976744,0.9302325581395349,0.31007751937984496,0,0,0,0
"Zaccharie Risacher","ATL",12,297,1.5625,0.78125,0.78125,0.5,0.3125,0.15625,0.46875,0,0.15625,0,0,0
"Tim Hardaway Jr.","DEN",13,296,0.4807692307692308,0,0.4807692307692308,0,0,0.16025641025641027,0,0,0.16025641025641027,0,0,0
"Tyrese Martin","BKN",14,293,2.393162393162393,1.5384615384615385,0.8547008547008547,0.6428571428571429,0.6837606837606838,0.17094017094017094,0.8547008547008547,0.3418803418803419,0,0,0.17094017094017094,0
"Bruce Brown","DEN",13,292,1.6474464579901154,0.8237232289950577,0.8237232289950577,0.5,0.32948929159802304,0.32948929159802304,0.4942339373970346,0.16474464579901152,0,0,0.16474464579901152,0
"Luke Kennard","ATL",13,291,2.622950819672131,1.639344262295082,0.9836065573770492,0.625,0.4918032786885246,0,1.1475409836065573,0.6557377049180327,0,0,0,0
"Landry Shamet","NYK",13,288,0.9884678747940692,0.8237232289950577,0.16474464579901152,0.8333333333333334,0.16474464579901152,0,0.6589785831960461,0.16474464579901152,0,0,0,0
"Cam Spencer","MEM",15,285,2.1922428330522767,1.349072512647555,0.8431703204047217,0.6153846153846154,0.5059021922428331,0,0.8431703204047217,0.8431703204047217,0,0,0,0
"Ace Bailey","UTA",14,284,3.1509121061359866,1.658374792703151,1.492537313432836,0.5263157894736842,0.4975124378109453,0,1.1608623548922057,0.33167495854063017,0.6633499170812603,0,0.33167495854063017,0
"Patrick Williams","CHI",13,284,2.2838499184339316,1.468189233278956,0.8156606851549756,0.6428571428571429,0.4893964110929853,0,0.9787928221859706,0.1631321370309951,0,0,0.3262642740619902,0
"Jaylon Tyson","CLE",11,284,1.8487394957983194,1.3445378151260505,0.5042016806722689,0.7272727272727273,0.16806722689075632,0,1.1764705882352942,0,0.16806722689075632,0,0,0
"Josh Minott","BOS",14,282,1.4625228519195612,1.0968921389396709,0.3656307129798903,0.75,0.3656307129798903,0.18281535648994515,0.7312614259597806,0,0,0,0,0
"Mike Conley","MIN",14,282,2.364864864864865,1.0135135135135136,1.3513513513513513,0.42857142857142855,0.16891891891891891,0.16891891891891891,0.8445945945945946,0.5067567567567568,0,0,0.16891891891891891,0
"Ayo Dosunmu","CHI",11,280,2.380952380952381,1.7006802721088434,0.6802721088435374,0.7142857142857143,1.0204081632653061,0.3401360544217687,0.6802721088435374,0,0,0,0,0
"Ziaire Williams","BKN",12,279,1.763668430335097,1.2345679012345678,0.5291005291005291,0.7,0.5291005291005291,0,0.7054673721340388,0.1763668430335097,0,0,0.1763668430335097,0
"Isaiah Stewart","DET",12,276,2.4866785079928952,1.2433392539964476,1.2433392539964476,0.5,0.8880994671403197,0,0.3552397868561279,0.17761989342806395,0,0,0,0
"Lonzo Ball","CLE",12,276,4.440789473684211,2.960526315789474,1.480263157894737,0.6666666666666666,0.6578947368421053,0.16447368421052633,2.3026315789473686,0.8223684210526315,0,0,0.16447368421052633,0
"Reed Sheppard","HOU",12,275,2.6362038664323375,1.5817223198594024,1.054481546572935,0.6,0.351493848857645,0.1757469244288225,1.2302284710017575,0.70298769771529,0,0,0,0
"Andre Drummond","PHI",12,274,1.2750455373406193,0.36429872495446264,0.9107468123861566,0.2857142857142857,0,0,0.36429872495446264,0,0,0,0,0.36429872495446264
"Cole Anthony","MIL",14,274,5.06993006993007,3.4965034965034967,1.5734265734265733,0.6896551724137931,1.2237762237762237,0.5244755244755245,2.272727272727273,0.6993006993006993,0,0,0,0
"Luguentz Dort","OKC",9,273,1.0909090909090908,0.5454545454545454,0.5454545454545454,0.5,0,0,0.5454545454545454,0.18181818181818182,0,0,0,0
"Brandon Williams","DAL",13,272,4.109589041095891,2.73972602739726,1.36986301369863,0.6666666666666666,0.684931506849315,0.3424657534246575,2.0547945205479454,0.684931506849315,0.17123287671232876,0,0.17123287671232876,0
"Josh Okogie","HOU",12,271,1.3059701492537314,0.9328358208955224,0.373134328358209,0.7142857142857143,0.1865671641791045,0,0.746268656716418,0,0,0,0,0
"Egor Dëmin","BKN",13,269,4.021937842778794,2.5594149908592323,1.4625228519195612,0.6363636363636364,1.0968921389396709,0,1.4625228519195612,0.5484460694698354,0.3656307129798903,0,0.18281535648994515,0
"Isaiah Jackson","IND",14,268,2.841918294849023,0.8880994671403197,1.9538188277087034,0.3125,0.7104795737122558,0.17761989342806395,0.17761989342806395,0,0.17761989342806395,0,0,0.17761989342806395
"Buddy Hield","GSW",16,267,2.816901408450704,1.408450704225352,1.408450704225352,0.5,0.352112676056338,0.176056338028169,1.056338028169014,0.8802816901408451,0,0,0.176056338028169,0
"Malik Monk","SAC",11,267,1.9197207678883073,1.7452006980802792,0.17452006980802792,0.9090909090909091,0.34904013961605584,0,1.3961605584642234,0,0,0,0.17452006980802792,0
"Miles McBride","NYK",11,267,1.6245487364620939,0.7220216606498195,0.9025270758122743,0.4444444444444444,0.18050541516245489,0.5415162454873647,0.5415162454873647,0.18050541516245489,0.18050541516245489,0,0,0
"Simone Fontecchio","MIA",14,266,2.051282051282051,1.1965811965811965,0.8547008547008547,0.5833333333333334,0.17094017094017094,0.17094017094017094,1.0256410256410255,0,0,0,0.3418803418803419,0
"Jaylin Williams","OKC",14,266,2.5044722719141324,1.2522361359570662,1.2522361359570662,0.5,0,0,1.2522361359570662,0.5366726296958855,0.17889087656529518,0,0,0
"Dillon Brooks","PHX",9,265,3.4296028880866425,1.444043321299639,1.9855595667870036,0.42105263157894735,0.7220216606498195,0.36101083032490977,0.7220216606498195,0.18050541516245489,0,0,0.36101083032490977,0
"Keon Ellis","SAC",14,262,1.073345259391771,0.7155635062611807,0.35778175313059035,0.6666666666666666,0.5366726296958855,0,0.17889087656529518,0,0,0,0,0
"Craig Porter Jr.","CLE",15,259,2.385321100917431,2.018348623853211,0.3669724770642202,0.8461538461538461,0.1834862385321101,0,1.834862385321101,0.3669724770642202,0,0,0,0
"Isaiah Joe","OKC",10,258,2.0146520146520146,1.6483516483516483,0.3663003663003663,0.8181818181818182,0.7326007326007326,0.18315018315018314,0.9157509157509157,0,0,0,0.18315018315018314,0
"Kyle Filipowski","UTA",13,258,2.97951582867784,1.303538175046555,1.675977653631285,0.4375,0.186219739292365,0.5586592178770949,1.1173184357541899,0.37243947858473,0,0,0,0
"Jose Alvarado","NOP",13,258,2.6717557251908395,1.5267175572519085,1.1450381679389312,0.5714285714285714,0.5725190839694656,0.3816793893129771,0.9541984732824428,0.7633587786259542,0,0,0,0
"Jarred Vanderbilt","LAL",14,257,4.127579737335835,1.876172607879925,2.25140712945591,0.45454545454545453,1.125703564727955,0.18761726078799248,0.7504690431519699,0.7504690431519699,0,0,0.37523452157598497,0
"Tari Eason","HOU",11,255,3.5984848484848486,1.7045454545454546,1.893939393939394,0.47368421052631576,0.7575757575757576,0,0.946969696969697,0.3787878787878788,0.3787878787878788,0,0.3787878787878788,0
"LaMelo Ball","CHA",8,255,4.891304347826087,2.898550724637681,1.9927536231884058,0.5925925925925926,0.18115942028985507,0.18115942028985507,2.717391304347826,0.18115942028985507,0.18115942028985507,0,0.36231884057971014,0
"Jakob Poeltl","TOR",10,254,2.2346368715083798,1.303538175046555,0.931098696461825,0.5833333333333334,0.5586592178770949,0,0.74487895716946,0.186219739292365,0,0,0,0
"Jamal Shead","TOR",14,253,3.3707865168539324,2.247191011235955,1.1235955056179776,0.6666666666666666,0.37453183520599254,0,1.8726591760299625,0.5617977528089888,0,0,0.18726591760299627,0
"Mouhamed Gueye","ATL",15,253,2.4574669187145557,1.3232514177693762,1.1342155009451795,0.5384615384615384,0,0.1890359168241966,1.3232514177693762,0.3780718336483932,0.3780718336483932,0,0,0
"Jalen Suggs","ORL",11,253,6.099815157116451,3.512014787430684,2.587800369685767,0.5757575757575758,1.2939001848428835,0,2.2181146025878005,1.478743068391867,0,0,0,0
"Will Richard","GSW",14,252,2.0220588235294117,0.9191176470588235,1.1029411764705883,0.45454545454545453,0.36764705882352944,0.18382352941176472,0.5514705882352942,0.36764705882352944,0.36764705882352944,0,0.18382352941176472,0
"Nicolas Batum","LAC",14,250,1.593625498007968,1.1952191235059761,0.398406374501992,0.75,0,0,1.1952191235059761,0,0.199203187250996,0,0,0
"Dalton Knecht","LAL",14,249,1.5473887814313345,0.5802707930367504,0.9671179883945842,0.375,0.38684719535783363,0,0.19342359767891681,0.19342359767891681,0,0,0,0
"Goga Bitadze","ORL",15,249,1.556420233463035,0.9727626459143969,0.5836575875486382,0.625,0.38910505836575876,0,0.5836575875486382,0.19455252918287938,0,0,0.19455252918287938,0
"Aaron Wiggins","OKC",9,248,1.7341040462427746,1.1560693641618498,0.5780346820809249,0.6666666666666666,0.3853564547206166,0,0.7707129094412332,0,0,0,0.3853564547206166,0
"Khris Middleton","WAS",10,248,3.053435114503817,2.099236641221374,0.9541984732824428,0.6875,0.5725190839694656,0,1.5267175572519085,0.19083969465648856,0,0,0,0
"Corey Kispert","WAS",13,247,1.6605166051660516,1.2915129151291513,0.36900369003690037,0.7777777777777778,0.18450184501845018,0,1.1070110701107012,0,0,0,0.18450184501845018,0
"Vít Krejčí","ATL",11,247,1.5841584158415842,1.188118811881188,0.39603960396039606,0.75,0,0,1.188118811881188,0,0.19801980198019803,0,0,0
"Al Horford","GSW",11,243,2.952755905511811,1.3779527559055118,1.5748031496062993,0.4666666666666667,0.1968503937007874,0,1.1811023622047243,0.3937007874015748,0.1968503937007874,0,0,0
"Bam Adebayo","MIA",8,243,3.0131826741996233,1.8832391713747645,1.1299435028248588,0.625,1.1299435028248588,0,0.7532956685499058,0.5649717514124294,0.18832391713747645,0,0,0.18832391713747645
"Steven Adams","HOU",11,239,2.4539877300613497,1.0224948875255624,1.4314928425357873,0.4166666666666667,0.40899795501022496,0.20449897750511248,0.6134969325153374,0.20449897750511248,0.20449897750511248,0,0,0
"Oso Ighodaro","PHX",15,236,3.9748953974895396,1.4644351464435146,2.510460251046025,0.3684210526315789,0.6276150627615062,0.20920502092050208,0.8368200836820083,1.0460251046025104,0,0,0,0
"Gradey Dick","TOR",14,234,0.9881422924901185,0.1976284584980237,0.7905138339920948,0.2,0,0,0.1976284584980237,0.5928853754940712,0,0,0.1976284584980237,0
"Jordan Clarkson","NYK",13,233,2.484472049689441,1.4492753623188406,1.0351966873706004,0.5833333333333334,0.6211180124223602,0.4140786749482402,0.8281573498964804,0.2070393374741201,0,0,0,0
"Kristaps Porziņģis","ATL",9,232,2.0533880903490758,1.0266940451745379,1.0266940451745379,0.5,0.6160164271047228,0,0.4106776180698152,0.2053388090349076,0.2053388090349076,0,0,0
"Sandro Mamukelashvili","TOR",13,232,2.395209580838323,1.1976047904191616,1.1976047904191616,0.5,0.5988023952095808,0,0.5988023952095808,0,0.7984031936127745,0,0,0
"Dru Smith","MIA",14,232,2.3483365949119372,1.9569471624266144,0.3913894324853229,0.8333333333333334,1.1741682974559686,0.19569471624266144,0.7827788649706457,0.19569471624266144,0,0,0,0
"Quinten Post","GSW",16,227,1.991150442477876,1.1061946902654867,0.8849557522123894,0.5555555555555556,0.6637168141592921,0.22123893805309736,0.4424778761061947,0.22123893805309736,0.22123893805309736,0,0,0
"Cam Thomas","BKN",8,226,3.4408602150537635,2.795698924731183,0.6451612903225806,0.8125,0.6451612903225806,0,2.150537634408602,0,0.21505376344086022,0,0,0
"Keaton Wallace","ATL",14,222,2.6373626373626373,1.978021978021978,0.6593406593406593,0.75,1.3186813186813187,0,0.6593406593406593,0.21978021978021978,0.21978021978021978,0,0,0
"Cam Whitmore","WAS",13,221,2.73109243697479,2.100840336134454,0.6302521008403361,0.7692307692307693,1.050420168067227,0.42016806722689076,1.050420168067227,0,0,0,0,0
"Collin Murray-Boyles","TOR",11,220,2.690582959641256,0.8968609865470852,1.7937219730941705,0.3333333333333333,0.2242152466367713,0.2242152466367713,0.672645739910314,0.672645739910314,0.4484304932735426,0,0.2242152466367713,0
"Daniss Jenkins","DET",10,219,3.4557235421166306,1.7278617710583153,1.7278617710583153,0.5,0.8639308855291576,0.4319654427645788,0.8639308855291576,0.6479481641468683,0,0,0,0
"Trendon Watford","PHI",10,213,3.125,1.5625,1.5625,0.5,0.22321428571428573,0,1.3392857142857142,0.22321428571428573,0.22321428571428573,0,0,0
"Brook Lopez","LAC",14,213,3.080568720379147,1.4218009478672986,1.6587677725118484,0.46153846153846156,0.47393364928909953,0,0.9478672985781991,0.23696682464454977,0,0,0,0
"Jordan Poole","NOP",7,212,3.3707865168539324,2.0224719101123596,1.348314606741573,0.6,0.898876404494382,0.6741573033707865,1.1235955056179776,0.449438202247191,0,0,0.2247191011235955,0
"Bogdan Bogdanović","LAC",8,209,2.9484029484029484,2.211302211302211,0.7371007371007371,0.75,0.7371007371007371,0.4914004914004914,1.4742014742014742,0,0,0,0.2457002457002457,0
"Jalen Smith","CHI",13,208,2.9279279279279278,1.3513513513513513,1.5765765765765767,0.46153846153846156,0.9009009009009009,0.6756756756756757,0.45045045045045046,0.22522522522522523,0.22522522522522523,0,0,0
"Daniel Gafford","DAL",9,207,2.331002331002331,1.3986013986013985,0.9324009324009324,0.6,0.2331002331002331,0.6993006993006993,1.1655011655011656,0,0.2331002331002331,0,0,0
"Day'Ron Sharpe","BKN",13,206,5.966587112171838,2.6252983293556085,3.341288782816229,0.44,0.954653937947494,0.477326968973747,1.6706443914081146,0.954653937947494,0,0,0.2386634844868735,0
"Jordan Goodwin","PHX",12,205,3.0878859857482186,2.375296912114014,0.7125890736342043,0.7692307692307693,0.9501187648456056,0,1.4251781472684086,0,0.2375296912114014,0,0,0
"Luka Garza","BOS",14,205,1.4492753623188406,0.24154589371980675,1.2077294685990339,0.16666666666666666,0,0.24154589371980675,0.24154589371980675,0,0,0,0.24154589371980675,0
"Drew Eubanks","SAC",14,205,3.0232558139534884,1.627906976744186,1.3953488372093024,0.5384615384615384,1.3953488372093024,0,0.23255813953488372,0.23255813953488372,0,0,0,0.23255813953488372
"De'Aaron Fox","SAS",6,204,5.152224824355972,3.747072599531616,1.405152224824356,0.7272727272727273,1.873536299765808,0,1.873536299765808,0.936768149882904,0,0,0,0
"Tony Bradley","IND",14,204,1.674641148325359,0.4784688995215311,1.1961722488038278,0.2857142857142857,0.23923444976076555,0,0.23923444976076555,0.23923444976076555,0,0,0,0
"Vince Williams Jr.","MEM",10,203,4.491725768321513,2.127659574468085,2.3640661938534278,0.47368421052631576,0.4728132387706856,0.2364066193853428,1.6548463356973995,0.9456264775413712,0.4728132387706856,0,0,0
"Jay Huff","IND",14,202,1.839080459770115,0.45977011494252873,1.3793103448275863,0.25,0.22988505747126436,0.22988505747126436,0.22988505747126436,0.22988505747126436,0.22988505747126436,0,0,0
"Kawhi Leonard","LAC",6,201,2.7027027027027026,1.9656019656019657,0.7371007371007371,0.7272727272727273,0.9828009828009828,0.4914004914004914,0.9828009828009828,0,0,0,0,0
"Jaxson Hayes","LAL",12,200,1.4598540145985401,0.48661800486618007,0.9732360097323601,0.3333333333333333,0.24330900243309003,0,0.24330900243309003,0.48661800486618007,0,0,0,0
"Andrew Nembhard","IND",7,200,4.028436018957346,2.843601895734597,1.1848341232227488,0.7058823529411765,1.1848341232227488,0.23696682464454977,1.6587677725118484,0,0.23696682464454977,0,0,0
"Caris LeVert","DET",10,198,4.028436018957346,1.8957345971563981,2.132701421800948,0.47058823529411764,0.7109004739336493,0.23696682464454977,1.1848341232227488,0.9478672985781991,0.47393364928909953,0,0,0
"Jaylen Clark","MIN",12,197,1.2406947890818858,0.49627791563275436,0.7444168734491315,0.4,0,0,0.49627791563275436,0,0.24813895781637718,0,0,0
"Jordan Hawkins","NOP",13,194,1.0335917312661498,1.0335917312661498,0,1,1.0335917312661498,0,0,0,0,0,0,0
"Tobias Harris","DET",6,193,1.9464720194647203,0.9732360097323601,0.9732360097323601,0.5,0.24330900243309003,0.24330900243309003,0.7299270072992701,0,0.48661800486618007,0,0,0
"Tyus Jones","ORL",15,193,1.2594458438287153,1.0075566750629723,0.2518891687657431,0.8,0,0,1.0075566750629723,0.2518891687657431,0,0,0,0
"Nique Clifford","SAC",10,192,1.6666666666666667,1.4285714285714286,0.23809523809523808,0.8571428571428571,0.7142857142857143,0,0.7142857142857143,0.23809523809523808,0,0,0,0
"Brice Sensabaugh","UTA",13,191,2.657004830917874,1.932367149758454,0.7246376811594203,0.7272727272727273,0.966183574879227,0,0.966183574879227,0,0.24154589371980675,0,0.24154589371980675,0
"Marvin Bagley III","WAS",13,190,2.8503562945368173,1.4251781472684086,1.4251781472684086,0.5,0.7125890736342043,0.4750593824228028,0.7125890736342043,0.4750593824228028,0,0,0,0
"Jeremiah Robinson-Earl","IND",9,187,1.5584415584415585,1.2987012987012987,0.2597402597402597,0.8333333333333334,0.5194805194805194,0,0.7792207792207793,0,0.2597402597402597,0,0,0
"Jalen Wilson","BKN",12,185,2.191780821917808,1.643835616438356,0.547945205479452,0.75,0.821917808219178,0.273972602739726,0.821917808219178,0.273972602739726,0,0,0,0
"Jordan Walsh","BOS",11,184,0.56657223796034,0.28328611898017,0.28328611898017,0.5,0,0,0.28328611898017,0.28328611898017,0,0,0,0
"Alex Caruso","OKC",10,183,2.380952380952381,1.5873015873015872,0.7936507936507936,0.6666666666666666,0.26455026455026454,0,1.3227513227513228,0.7936507936507936,0,0,0,0
"Larry Nance Jr.","CLE",12,181,2.393617021276596,1.0638297872340425,1.3297872340425532,0.4444444444444444,0.26595744680851063,0,0.7978723404255319,0.26595744680851063,0.26595744680851063,0,0,0
"Walter Clayton Jr.","UTA",11,178,3.937007874015748,2.6246719160104988,1.3123359580052494,0.6666666666666666,0.7874015748031497,0,1.837270341207349,1.0498687664041995,0,0,0,0
"Adem Bona","PHI",12,177,1.897018970189702,0.8130081300813008,1.084010840108401,0.42857142857142855,0.5420054200542005,0,0.27100271002710025,0,0,0,0,0.5420054200542005
"Yves Missi","NOP",9,175,3.0303030303030303,1.3774104683195592,1.6528925619834711,0.45454545454545453,0.27548209366391185,0.27548209366391185,1.1019283746556474,0.27548209366391185,0.27548209366391185,0,0,0
"Taurean Prince","MIL",8,169,1.3812154696132597,1.1049723756906078,0.27624309392265195,0.8,0,0.27624309392265195,1.1049723756906078,0,0,0,0,0
"Paul Reed","DET",13,163,4,1.4285714285714286,2.5714285714285716,0.35714285714285715,1.1428571428571428,0.2857142857142857,0.2857142857142857,0.2857142857142857,0.2857142857142857,0,0,0
"Luke Kornet","SAS",7,163,1.183431952662722,0.2958579881656805,0.8875739644970414,0.25,0.2958579881656805,0.591715976331361,0,0,0,0,0,0
"RayJ Dennis","IND",11,161,4.057971014492754,3.1884057971014492,0.8695652173913043,0.7857142857142857,0.5797101449275363,0.2898550724637681,2.608695652173913,0,0,0,0,0
"Jabari Walker","PHI",13,158,1.557632398753894,0.9345794392523364,0.6230529595015576,0.6,0.9345794392523364,0,0,0,0,0,0.3115264797507788,0
"Zion Williamson","NOP",5,157,5.214723926380368,3.374233128834356,1.8404907975460123,0.6470588235294118,1.2269938650306749,0.6134969325153374,2.147239263803681,0.6134969325153374,0,0,0,0
"Nick Richards","PHX",15,156,4.088050314465409,1.8867924528301887,2.20125786163522,0.46153846153846156,0.6289308176100629,0,1.2578616352201257,0.6289308176100629,0,0,0,0.31446540880503143
"Jonas Valančiūnas","DEN",13,155,4.5602605863192185,2.2801302931596092,2.2801302931596092,0.5,0.9771986970684039,0.3257328990228013,1.3029315960912051,0,0,0,0,0
"Justin Edwards","PHI",11,154,1.5527950310559007,0.6211180124223602,0.9316770186335404,0.4,0.3105590062111801,0,0.3105590062111801,0,0.3105590062111801,0,0,0
"Walker Kessler","UTA",5,154,5.161290322580645,2.5806451612903225,2.5806451612903225,0.5,0.6451612903225806,0.3225806451612903,1.935483870967742,0.6451612903225806,0,0,0,0
"Isaiah Collier","UTA",6,152,4.790419161676646,2.395209580838323,2.395209580838323,0.5,0.8982035928143712,0.2994011976047904,1.4970059880239521,0.5988023952095808,0,0,0.2994011976047904,0
"John Konchar","MEM",13,151,1.2422360248447204,1.2422360248447204,0,1,0,0,1.2422360248447204,0,0,0,0,0
"Anthony Davis","DAL",5,149,3.5143769968051117,1.597444089456869,1.9169329073482428,0.45454545454545453,0.6389776357827476,0.6389776357827476,0.9584664536741214,0.6389776357827476,0.3194888178913738,0,0,0
"Drake Powell","BKN",8,149,3.6912751677852347,1.6778523489932886,2.0134228187919465,0.45454545454545453,1.0067114093959733,0.33557046979865773,0.6711409395973155,0.33557046979865773,0.33557046979865773,0,0.33557046979865773,0
"Taylor Hendricks","UTA",9,148,1.567398119122257,1.2539184952978057,0.31347962382445144,0.8,0.31347962382445144,0,0.9404388714733543,0,0,0,0,0
"Gary Payton II","GSW",15,148,2.622950819672131,0.6557377049180327,1.9672131147540983,0.25,0,0,0.6557377049180327,0.6557377049180327,0,0,0,0
"Tyrese Proctor","CLE",12,142,2.0905923344947737,1.0452961672473868,1.0452961672473868,0.5,0.34843205574912894,0,0.6968641114982579,0,0.34843205574912894,0,0,0
"Dylan Harper","SAS",6,140,3.942652329749104,2.5089605734767026,1.4336917562724014,0.6363636363636364,0.35842293906810035,0,2.150537634408602,0.35842293906810035,0,0,0.35842293906810035,0
"Joel Embiid","PHI",6,140,5.517241379310345,3.103448275862069,2.413793103448276,0.5625,1.3793103448275863,0,1.7241379310344827,1.0344827586206897,0,0,0,0
"Trae Young","ATL",5,139,3.257328990228013,3.257328990228013,0,1,0.3257328990228013,0,2.9315960912052117,0,0,0,0,0
"Karlo Matković","NOP",12,137,1.7793594306049823,0.7117437722419929,1.0676156583629892,0.4,0.35587188612099646,0,0.35587188612099646,0,0,0,0,0.35587188612099646
"Hugo González","BOS",11,136,2.255639097744361,1.1278195488721805,1.1278195488721805,0.5,0.7518796992481203,0,0.37593984962406013,0,0.7518796992481203,0,0,0
"Rob Dillingham","MIN",12,136,5.536332179930795,3.8062283737024223,1.7301038062283738,0.6875,1.0380622837370241,0.3460207612456747,2.7681660899653977,1.3840830449826989,0,0,0,0
"Ousmane Dieng","OKC",12,135,2.2304832713754648,1.486988847583643,0.7434944237918215,0.6666666666666666,1.1152416356877324,0,0.37174721189591076,0,0,0,0,0
"Moussa Cisse","DAL",11,133,3.5335689045936394,1.0600706713780919,2.4734982332155475,0.3,1.0600706713780919,0.35335689045936397,0,0.35335689045936397,0,0,0.35335689045936397,0
"Jonathan Isaac","ORL",14,133,1.4760147601476015,1.1070110701107012,0.36900369003690037,0.75,1.1070110701107012,0,0,0,0,0,0.36900369003690037,0
"Jeremy Sochan","SAS",8,132,3.690036900369004,1.4760147601476015,2.2140221402214024,0.4,0.36900369003690037,0.7380073800738007,1.1070110701107012,0.36900369003690037,0.36900369003690037,0,0,0
"Jaden Hardy","DAL",12,131,4.545454545454546,3.8461538461538463,0.6993006993006993,0.8461538461538461,1.3986013986013985,0.6993006993006993,2.4475524475524475,0,0,0,0,0
"Caleb Martin","DAL",13,130,2.464788732394366,1.7605633802816902,0.704225352112676,0.7142857142857143,0.704225352112676,0,1.056338028169014,0,0.352112676056338,0,0,0
"Amir Coffey","MIL",13,128,0.38461538461538464,0.38461538461538464,0,1,0,0,0.38461538461538464,0,0,0,0,0
"Chaz Lanier","DET",11,128,0.36496350364963503,0,0.36496350364963503,0,0,0,0,0.36496350364963503,0,0,0,0
"Ochai Agbaji","TOR",9,125,1.1194029850746268,0.373134328358209,0.746268656716418,0.3333333333333333,0,0.373134328358209,0.373134328358209,0.373134328358209,0,0,0,0
"Ja'Kobe Walter","TOR",11,123,3.585657370517928,2.7888446215139444,0.796812749003984,0.7777777777777778,0.398406374501992,0,2.3904382470119523,0,0.398406374501992,0,0,0
"Bilal Coulibaly","WAS",5,123,3.875968992248062,2.7131782945736433,1.1627906976744187,0.7,0.3875968992248062,0.3875968992248062,2.3255813953488373,0,0,0,0.3875968992248062,0
"Bradley Beal","LAC",6,121,3.7037037037037037,3.292181069958848,0.411522633744856,0.8888888888888888,0.823045267489712,0,2.4691358024691357,0,0,0,0,0
"Micah Peavy","NOP",10,118,0.819672131147541,0.819672131147541,0,1,0,0,0.819672131147541,0,0,0,0,0
"Cody Williams","UTA",9,118,1.1494252873563218,1.1494252873563218,0,1,1.1494252873563218,0,0,0,0,0,0,0
"Precious Achiuwa","SAC",7,118,1.1904761904761905,0.7936507936507936,0.3968253968253968,0.6666666666666666,0.3968253968253968,0,0.3968253968253968,0,0,0,0,0
"Sidy Cissoko","POR",9,117,1.6129032258064515,1.6129032258064515,0,1,0.8064516129032258,0,0.8064516129032258,0,0,0,0,0
"Guerschon Yabusele","NYK",12,116,0.8264462809917356,0.4132231404958678,0.4132231404958678,0.5,0,0,0.4132231404958678,0,0,0,0,0
"Mitchell Robinson","NYK",7,116,2.1739130434782608,0.8695652173913043,1.3043478260869565,0.4,0.8695652173913043,0,0,0,0,0,0,0
"Terrence Shannon Jr.","MIN",7,115,2.510460251046025,1.6736401673640167,0.8368200836820083,0.6666666666666666,0.41841004184100417,0,1.2552301255230125,0.41841004184100417,0,0,0,0
"Dwight Powell","DAL",12,114,1.968503937007874,1.5748031496062993,0.3937007874015748,0.8,1.1811023622047243,0,0.3937007874015748,0,0,0,0,0
"Chris Paul","LAC",9,114,3.111111111111111,2.6666666666666665,0.4444444444444444,0.8571428571428571,0,0,2.6666666666666665,0,0.4444444444444444,0,0,0
"Baylor Scheierman","BOS",11,113,0.9049773755656109,0.9049773755656109,0,1,0,0,0.9049773755656109,0,0,0,0,0
"Kevin Love","UTA",8,112,3.004291845493562,2.1459227467811157,0.8583690987124464,0.7142857142857143,0.4291845493562232,0,1.7167381974248928,0.4291845493562232,0,0,0,0
"Liam McNeeley","CHA",9,112,2.127659574468085,0.851063829787234,1.2765957446808511,0.4,0,0.425531914893617,0.851063829787234,0,0.425531914893617,0,0,0
"Bronny James","LAL",10,111,3.5242290748898677,1.7621145374449338,1.7621145374449338,0.5,0,0.44052863436123346,1.7621145374449338,0.44052863436123346,0,0,0.44052863436123346,0
"Bones Hyland","MIN",12,108,3.493449781659389,0.8733624454148472,2.6200873362445414,0.25,0.4366812227074236,0,0.4366812227074236,1.3100436681222707,0,0,0,0
"Clint Capela","HOU",11,108,1.8518518518518519,0.9259259259259259,0.9259259259259259,0.5,0,0,0.9259259259259259,0,0.46296296296296297,0,0,0
"Robert Williams III","POR",9,108,1.3392857142857142,0.8928571428571429,0.44642857142857145,0.6666666666666666,0,0,0.8928571428571429,0,0,0,0,0
"Isaiah Livers","PHX",9,104,0.45662100456621,0.45662100456621,0,1,0,0,0.45662100456621,0,0,0,0,0
"Cam Christie","LAC",9,104,1.015228426395939,0.5076142131979695,0.5076142131979695,0.5,0.5076142131979695,0,0,0,0.5076142131979695,0,0,0
"Brooks Barnhizer","OKC",13,103,0.4807692307692308,0.4807692307692308,0,1,0.4807692307692308,0,0,0,0,0,0,0
"Justin Champagnie","WAS",12,101,0.966183574879227,0.966183574879227,0,1,0.4830917874396135,0,0.4830917874396135,0,0,0,0,0
"Quenton Jackson","IND",5,101,2.7522935779816513,1.834862385321101,0.9174311926605505,0.6666666666666666,1.834862385321101,0,0,0.45871559633027525,0,0,0.45871559633027525,0
"Dominick Barlow","PHI",4,100,3.4313725490196076,1.9607843137254901,1.4705882352941178,0.5714285714285714,0.49019607843137253,0,1.4705882352941178,0.49019607843137253,0.49019607843137253,0,0,0
"Kobe Sanders","LAC",6,100,2.9702970297029703,0.9900990099009901,1.9801980198019802,0.3333333333333333,0.49504950495049505,0,0.49504950495049505,0.49504950495049505,0.9900990099009901,0,0,0
"Trayce Jackson-Davis","GSW",9,100,3.3980582524271843,1.941747572815534,1.4563106796116505,0.5714285714285714,0.4854368932038835,0,1.4563106796116505,0,0.4854368932038835,0,0.4854368932038835,0
"Pat Spencer","GSW",9,99,2.4630541871921183,0.9852216748768473,1.477832512315271,0.4,0,0.49261083743842365,0.9852216748768473,0.49261083743842365,0,0,0,0
"Javon Small","MEM",8,99,3.755868544600939,2.347417840375587,1.408450704225352,0.625,0,0.9389671361502347,2.347417840375587,0.4694835680751174,0,0,0,0
"Kevon Looney","NOP",7,99,2.4390243902439024,1.4634146341463414,0.975609756097561,0.6,0.4878048780487805,0,0.975609756097561,0,0.4878048780487805,0,0,0
"Bennedict Mathurin","IND",3,98,4.3478260869565215,1.4492753623188406,2.898550724637681,0.3333333333333333,0.966183574879227,0.966183574879227,0.4830917874396135,0.4830917874396135,0.4830917874396135,0,0,0
"Blake Wesley","POR",6,98,3.2710280373831777,1.8691588785046729,1.4018691588785046,0.5714285714285714,0.9345794392523364,0.4672897196261682,0.9345794392523364,0.4672897196261682,0,0,0,0
"Nigel Hayes-Davis","PHX",12,97,2.487562189054726,1.492537313432836,0.9950248756218906,0.6,0.4975124378109453,0,0.9950248756218906,0.4975124378109453,0,0,0,0
"Ben Saraf","BKN",7,97,4.545454545454546,3.5353535353535355,1.0101010101010102,0.7777777777777778,1.5151515151515151,0,2.0202020202020203,0,0.5050505050505051,0,0,0
"Pat Connaughton","CHA",10,94,1.5873015873015872,0.5291005291005291,1.0582010582010581,0.3333333333333333,0,0,0.5291005291005291,0.5291005291005291,0,0,0,0
"Nick Smith Jr.","LAL",6,90,5.2356020942408374,4.18848167539267,1.0471204188481675,0.8,0.5235602094240838,0.5235602094240838,3.6649214659685865,0,0,0,0.5235602094240838,0
"KJ Simpson","CHA",6,90,5.4945054945054945,4.395604395604396,1.098901098901099,0.8,1.098901098901099,0,3.2967032967032965,0,0,0,0,0
"Taelon Peter","IND",10,90,4.1450777202072535,2.0725388601036268,2.0725388601036268,0.5,0,0,2.0725388601036268,1.5544041450777202,0,0,0,0
"Gabe Vincent","LAL",4,88,1.092896174863388,0.546448087431694,0.546448087431694,0.5,0,0,0.546448087431694,0,0,0,0,0
"Branden Carlson","OKC",10,86,1.7341040462427746,0.5780346820809249,1.1560693641618498,0.3333333333333333,0,0,0.5780346820809249,0.5780346820809249,0,0,0,0
"Julian Phillips","CHI",12,84,0.5747126436781609,0,0.5747126436781609,0,0,0.5747126436781609,0,0,0,0,0,0
"Jett Howard","ORL",10,84,0.6024096385542169,0,0.6024096385542169,0,0,0,0,0,0.6024096385542169,0,0,0
"Tidjane Salaün","CHA",7,83,1.744186046511628,0.5813953488372093,1.1627906976744187,0.3333333333333333,0,0.5813953488372093,0.5813953488372093,0,0,0,0.5813953488372093,0
"Asa Newell","ATL",9,82,2.3391812865497075,1.1695906432748537,1.1695906432748537,0.5,0,0,1.1695906432748537,0,0,0,0,0
"Obi Toppin","IND",3,82,3.4482758620689653,0.5747126436781609,2.8735632183908044,0.16666666666666666,0,0,0.5747126436781609,1.7241379310344827,0.5747126436781609,0,0,0
"Duop Reath","POR",10,81,0.5747126436781609,0,0.5747126436781609,0,0,0.5747126436781609,0,0,0,0,0,0
"Dereck Lively II","DAL",5,80,4.651162790697675,1.1627906976744187,3.488372093023256,0.25,0,0,1.1627906976744187,0.5813953488372093,0.5813953488372093,0,0,0
"Spencer Jones","DEN",9,78,3.6363636363636362,2.4242424242424243,1.2121212121212122,0.6666666666666666,0.6060606060606061,0,1.8181818181818181,0.6060606060606061,0,0,0,0
"Caleb Love","POR",6,77,2.272727272727273,1.7045454545454546,0.5681818181818182,0.75,1.1363636363636365,0,0.5681818181818182,0,0.5681818181818182,0,0,0
"Gui Santos","GSW",12,77,3.1645569620253164,1.8987341772151898,1.2658227848101267,0.6,0.6329113924050633,0,1.2658227848101267,0,0,0,0,0.6329113924050633
"Olivier-Maxence Prosper","MEM",9,76,2.4242424242424243,1.8181818181818181,0.6060606060606061,0.75,0.6060606060606061,0,1.2121212121212122,0,0.6060606060606061,0,0,0
"Chris Boucher","BOS",7,76,0.6802721088435374,0,0.6802721088435374,0,0,0,0,0,0,0,0,0
"Nae'Qwan Tomlin","CLE",6,76,1.2422360248447204,0.6211180124223602,0.6211180124223602,0.5,0.6211180124223602,0,0,0,0,0,0,0
"Gary Harris","MIL",8,76,1.342281879194631,0.6711409395973155,0.6711409395973155,0.5,0.6711409395973155,0,0,0.6711409395973155,0,0,0,0
"Maxime Raynaud","SAC",6,74,3.6144578313253013,3.0120481927710845,0.6024096385542169,0.8333333333333334,2.4096385542168677,0.6024096385542169,0.6024096385542169,0,0,0,0,0
"Jordan McLaughlin","SAS",8,74,1.2738853503184713,1.2738853503184713,0,1,0,0,1.2738853503184713,0,0,0,0,0
"Darius Garland","CLE",3,73,3.1645569620253164,1.8987341772151898,1.2658227848101267,0.6,0.6329113924050633,0,1.2658227848101267,1.2658227848101267,0,0,0,0
"Jamison Battle","TOR",10,73,2.5806451612903225,2.5806451612903225,0,1,0.6451612903225806,0,1.935483870967742,0,0,0,0,0
"Jericho Sims","MIL",10,73,2.7210884353741496,0.6802721088435374,2.0408163265306123,0.25,0,0.6802721088435374,0.6802721088435374,0,0,0,0,0
"Julian Strawther","DEN",9,71,2.0134228187919465,1.342281879194631,0.6711409395973155,0.6666666666666666,0.6711409395973155,0,0.6711409395973155,0.6711409395973155,0,0,0,0
"Kyle Anderson","UTA",4,69,2.097902097902098,0,2.097902097902098,0,0,0,0,0,0,0,0.6993006993006993,0
"Tyler Kolek","NYK",10,67,4.651162790697675,3.10077519379845,1.550387596899225,0.6666666666666666,0.7751937984496124,0,2.3255813953488373,1.550387596899225,0,0,0,0
"Chris Youngblood","OKC",13,66,0,0,0,0,0,0,0,0,0,0,0,0
"Elijah Harkless","UTA",7,66,2.1739130434782608,1.4492753623188406,0.7246376811594203,0.6666666666666666,0.7246376811594203,0,0.7246376811594203,0,0,0,0,0
"Xavier Tillman","BOS",8,65,0.8,0.8,0,1,0,0,0.8,0,0,0,0,0
"Monté Morris","IND",6,65,1.4492753623188406,1.4492753623188406,0,1,0.7246376811594203,0,0.7246376811594203,0,0,0,0,0
"Devin Carter","SAC",8,65,4.137931034482759,1.3793103448275863,2.7586206896551726,0.3333333333333333,0.6896551724137931,0,0.6896551724137931,1.3793103448275863,0,0,0.6896551724137931,0
"Will Riley","WAS",9,64,1.5267175572519085,1.5267175572519085,0,1,0,0,1.5267175572519085,0,0,0,0,0
"Carter Bryant","SAS",9,62,3.2,1.6,1.6,0.5,0,0,1.6,0.8,0,0,0.8,0
"Thomas Bryant","CLE",9,61,0.8064516129032258,0,0.8064516129032258,0,0,0,0,0.8064516129032258,0,0,0,0
"Kobe Brown","LAC",7,60,2.7027027027027026,2.7027027027027026,0,1,0.9009009009009009,0,1.8018018018018018,0,0,0,0,0
"Dalen Terry","CHI",8,59,1.550387596899225,1.550387596899225,0,1,0.7751937984496124,0,0.7751937984496124,0,0,0,0,0
"Tristan Vukcevic","WAS",10,59,4,3.2,0.8,0.8,2.4,0,0.8,0.8,0,0,0,0
"Aaron Holiday","HOU",7,58,4.3478260869565215,2.608695652173913,1.7391304347826086,0.6,0,0.8695652173913043,2.608695652173913,0,0,0,0,0
"T.J. McConnell","IND",4,58,0.8064516129032258,0,0.8064516129032258,0,0,0,0,0,0,0,0.8064516129032258,0
"Ariel Hukporti","NYK",8,56,4.201680672268908,1.680672268907563,2.5210084033613445,0.4,1.680672268907563,0,0,0,0,0,0,0
"Jevon Carter","CHI",4,56,1.680672268907563,0.8403361344537815,0.8403361344537815,0.5,0,0,0.8403361344537815,0.8403361344537815,0,0,0,0
"Kelly Olynyk","SAS",5,56,3.5398230088495577,1.7699115044247788,1.7699115044247788,0.5,0,0,1.7699115044247788,0.8849557522123894,0.8849557522123894,0,0,0
"Cody Martin","IND",4,55,3.508771929824561,0.8771929824561403,2.6315789473684212,0.25,0.8771929824561403,0,0,1.7543859649122806,0,0,0,0
"Bobi Klintman","DET",6,53,4.424778761061947,3.5398230088495577,0.8849557522123894,0.8,0.8849557522123894,0,2.6548672566371683,0.8849557522123894,0,0,0,0
"Jalen Pickett","DEN",7,53,3.508771929824561,1.7543859649122806,1.7543859649122806,0.5,0.8771929824561403,0,0.8771929824561403,0,1.7543859649122806,0,0,0
"Maxi Kleber","LAL",4,50,0,0,0,0,0,0,0,0,0,0,0,0
"Zach Edey","MEM",2,50,3.7383177570093458,1.8691588785046729,1.8691588785046729,0.5,0.9345794392523364,0,0.9345794392523364,0,0,0,0,0
"Jordan Miller","LAC",3,49,3.225806451612903,1.075268817204301,2.150537634408602,0.3333333333333333,1.075268817204301,0,0,0,0,0,1.075268817204301,0
"Matisse Thybulle","POR",4,49,0.9009009009009009,0.9009009009009009,0,1,0,0,0.9009009009009009,0,0,0,0,0
"Rayan Rupert","POR",8,49,1.941747572815534,1.941747572815534,0,1,0.970873786407767,0,0.970873786407767,0,0,0,0,0
"Luke Travers","CLE",6,47,0.9803921568627451,0,0.9803921568627451,0,0,0,0,0,0,0,0,0
"Noah Penda","ORL",7,47,3.1914893617021276,1.0638297872340425,2.127659574468085,0.3333333333333333,1.0638297872340425,1.0638297872340425,0,0,1.0638297872340425,0,0,0
"Bismack Biyombo","SAS",6,46,2.247191011235955,0,2.247191011235955,0,0,0,0,0,0,0,0,0
"Lindy Waters III","SAS",6,46,0,0,0,0,0,0,0,0,0,0,0,0
"Rasheer Fleming","PHX",8,46,3,2,1,0.6666666666666666,0,1,2,0,0,0,0,0
"Ryan Nembhard","DAL",5,45,6.122448979591836,4.081632653061225,2.0408163265306123,0.6666666666666666,2.0408163265306123,0,2.0408163265306123,1.0204081632653061,0,0,0,0
"Wendell Moore Jr.","DET",3,43,1.1494252873563218,1.1494252873563218,0,1,0,0,1.1494252873563218,0,0,0,0,0
"Bryce McGowens","NOP",6,43,1.0638297872340425,0,1.0638297872340425,0,0,0,0,0,0,0,0,0
"Yang Hansen","POR",6,42,6.382978723404255,5.319148936170213,1.0638297872340425,0.8333333333333334,3.1914893617021276,0,2.127659574468085,0,0,0,0,0
"Brandon Miller","CHA",2,40,3.5294117647058822,2.3529411764705883,1.1764705882352942,0.6666666666666666,1.1764705882352942,0,1.1764705882352942,0,0,0,0,0
"Jae'Sean Tate","HOU",7,39,1.3157894736842106,0,1.3157894736842106,0,0,0,0,0,0,0,0,0
"AJ Johnson","WAS",8,38,1.3157894736842106,1.3157894736842106,0,1,0,0,1.3157894736842106,0,0,0,0,0
"Joan Beringer","MIN",9,37,2.3255813953488373,1.1627906976744187,1.1627906976744187,0.5,0,0,1.1627906976744187,0,0,0,0,0
"Leonard Miller","MIN",8,37,4.597701149425287,0,4.597701149425287,0,0,1.1494252873563218,0,1.1494252873563218,0,0,0,0
"Johnny Furphy","IND",3,37,3.75,1.25,2.5,0.3333333333333333,0,0,1.25,2.5,0,0,0,0
"Jared McCain","PHI",4,36,1.4705882352941178,0,1.4705882352941178,0,0,0,0,0,0,0,0,0
"Caleb Houstan","ATL",6,35,4.166666666666667,1.3888888888888888,2.7777777777777777,0.3333333333333333,1.3888888888888888,0,0,0,1.3888888888888888,0,0,0
"Nolan Traore","BKN",4,35,2.6666666666666665,2.6666666666666665,0,1,1.3333333333333333,0,1.3333333333333333,0,0,0,0,0
"Jonathan Mogbo","TOR",7,35,1.2987012987012987,1.2987012987012987,0,1,0,0,1.2987012987012987,0,0,0,0,0
"Khaman Maluach","PHX",7,35,6.410256410256411,3.8461538461538463,2.5641025641025643,0.6,2.5641025641025643,0,1.2820512820512822,0,0,0,0,0
"Malaki Branham","WAS",5,34,1.5151515151515151,1.5151515151515151,0,1,1.5151515151515151,0,0,0,0,0,0,0
"Mac McClung","IND",3,34,2.73972602739726,2.73972602739726,0,1,0,0,2.73972602739726,0,0,0,0,0
"Dylan Cardwell","SAC",3,33,2.9411764705882355,1.4705882352941178,1.4705882352941178,0.5,0,0,1.4705882352941178,0,0,0,0,1.4705882352941178
"Charles Bassey","MEM",2,31,1.492537313432836,0,1.492537313432836,0,0,0,0,0,0,0,0,0
"Coby White","CHI",1,30,4.6875,3.125,1.5625,0.6666666666666666,1.5625,0,1.5625,1.5625,0,0,0,0
"Mason Plumlee","CHA",6,30,3.1746031746031744,1.5873015873015872,1.5873015873015872,0.5,0,0,1.5873015873015872,1.5873015873015872,0,0,0,0
"Jalen Green","PHX",2,30,3.225806451612903,3.225806451612903,0,1,1.6129032258064515,0,1.6129032258064515,0,0,0,0,0
"Jase Richardson","ORL",7,30,4.918032786885246,3.278688524590164,1.639344262295082,0.6666666666666666,1.639344262295082,0,1.639344262295082,1.639344262295082,0,0,0,0
"LeBron James","LAL",1,30,1.5873015873015872,1.5873015873015872,0,1,0,0,1.5873015873015872,0,0,0,0,0
"GG Jackson","MEM",6,28,0,0,0,0,0,0,0,0,0,0,0,0
"Dario Šarić","SAC",3,28,1.7857142857142858,1.7857142857142858,0,1,1.7857142857142858,0,0,0,0,0,0,0
"PJ Hall","MEM",7,27,1.639344262295082,1.639344262295082,0,1,0,0,1.639344262295082,0,0,0,0,0
"Tyson Etienne","BKN",5,25,0,0,0,0,0,0,0,0,0,0,0,0
"E.J. Liddell","BKN",5,25,0,0,0,0,0,0,0,0,0,0,0,0
"Keshad Johnson","MIA",5,24,1.7543859649122806,1.7543859649122806,0,1,0,0,1.7543859649122806,0,0,0,0,0
"JD Davison","HOU",5,24,0,0,0,0,0,0,0,0,0,0,0,0
"DeAndre Jordan","NOP",2,23,2.380952380952381,2.380952380952381,0,1,2.380952380952381,0,0,0,0,0,0,0
"Joe Ingles","MIN",5,23,0,0,0,0,0,0,0,0,0,0,0,0
"Yanic Konan Niederhäuser","LAC",5,22,2.3255813953488373,2.3255813953488373,0,1,0,0,2.3255813953488373,0,0,0,0,0
"Tolu Smith","DET",2,22,2.127659574468085,2.127659574468085,0,1,2.127659574468085,0,0,0,0,0,0,0
"Andre Jackson Jr.","MIL",6,22,4.3478260869565215,4.3478260869565215,0,1,0,0,4.3478260869565215,0,0,0,0,0
"Eric Gordon","PHI",3,21,4.444444444444445,0,4.444444444444445,0,0,0,0,0,2.2222222222222223,0,0,0
"Zeke Nnaji","DEN",6,21,4.444444444444445,4.444444444444445,0,1,2.2222222222222223,0,2.2222222222222223,0,0,0,0,0
"Mark Sears","MIL",5,21,9.523809523809524,9.523809523809524,0,1,0,0,9.523809523809524,0,0,0,0,0
"Paul George","PHI",1,21,2.4390243902439024,0,2.4390243902439024,0,0,2.4390243902439024,0,0,0,0,0,0
"Antonio Reeves","CHA",2,21,0,0,0,0,0,0,0,0,0,0,0,0
"Jamir Watkins","WAS",3,21,2.2222222222222223,0,2.2222222222222223,0,0,2.2222222222222223,0,0,0,0,0,0
"Jeff Green","HOU",5,21,0,0,0,0,0,0,0,0,0,0,0,0
"Johnny Juzang","MIN",7,21,2.1739130434782608,2.1739130434782608,0,1,0,0,2.1739130434782608,0,0,0,0,0
"James Wiseman","IND",1,20,7.317073170731708,4.878048780487805,2.4390243902439024,0.6666666666666666,4.878048780487805,0,0,2.4390243902439024,0,0,0,0
"Isaac Jones","DET",4,18,0,0,0,0,0,0,0,0,0,0,0,0
"David Jones Garcia","SAS",4,18,0,0,0,0,0,0,0,0,0,0,0,0
"Hunter Tyson","DEN",5,17,0,0,0,0,0,0,0,0,0,0,0,0
"Mohamed Diawara","NYK",7,16,2.857142857142857,2.857142857142857,0,1,0,0,2.857142857142857,0,0,0,0,0
"Drew Peterson","CHA",1,16,0,0,0,0,0,0,0,0,0,0,0,0
"Jahmyl Telfort","LAC",3,16,3.225806451612903,0,3.225806451612903,0,0,0,0,0,0,0,0,0
"Ron Harper Jr.","BOS",3,15,0,0,0,0,0,0,0,0,0,0,0,0
"N'Faly Dante","ATL",4,15,3.3333333333333335,3.3333333333333335,0,1,0,0,3.3333333333333335,0,0,0,0,0
"Pacôme Dadiet","NYK",5,14,0,0,0,0,0,0,0,0,0,0,0,0
"Daeqwon Plowden","SAC",1,14,0,0,0,0,0,0,0,0,0,0,0,0
"Anthony Gill","WAS",5,13,7.142857142857143,3.5714285714285716,3.5714285714285716,0.5,0,0,3.5714285714285716,3.5714285714285716,0,0,0,0
"Miles Kelly","DAL",2,11,3.225806451612903,0,3.225806451612903,0,0,0,0,0,0,0,0,0
"Harrison Ingram","SAS",3,11,0,0,0,0,0,0,0,0,0,0,0,0
"Jahmir Young","MIA",2,10,4,4,0,1,4,0,0,0,0,0,0,0
"Kevin Porter Jr.","MIL",1,9,0,0,0,0,0,0,0,0,0,0,0,0
"Jacob Toppin","ATL",3,9,0,0,0,0,0,0,0,0,0,0,0,0
"Thanasis Antetokounmpo","MIL",4,9,0,0,0,0,0,0,0,0,0,0,0,0
"Riley Minix","SAS",3,8,0,0,0,0,0,0,0,0,0,0,0,0
"Adou Thiero","LAL",2,8,0,0,0,0,0,0,0,0,0,0,0,0
"Doug McDermott","SAC",1,8,5.2631578947368425,5.2631578947368425,0,1,0,0,5.2631578947368425,0,0,0,0,0
"Trey Jemison III","NYK",1,8,0,0,0,0,0,0,0,0,0,0,0,0
"Danny Wolf","BKN",3,8,0,0,0,0,0,0,0,0,0,0,0,0
"Chris Mañon","LAL",2,7,0,0,0,0,0,0,0,0,0,0,0,0
"Amari Williams","BOS",2,7,0,0,0,0,0,0,0,0,0,0,0,0
"Colby Jones","DET",1,7,0,0,0,0,0,0,0,0,0,0,0,0
"Hunter Sallis","PHI",3,7,13.333333333333334,13.333333333333334,0,1,6.666666666666667,0,6.666666666666667,0,0,0,0,0
"Christian Koloko","LAL",2,6,0,0,0,0,0,0,0,0,0,0,0,0
"Garrett Temple","TOR",2,6,0,0,0,0,0,0,0,0,0,0,0,0
"Johni Broome","PHI",2,6,0,0,0,0,0,0,0,0,0,0,0,0
"Hunter Dickinson","NOP",1,5,20,10,10,0.5,0,0,10,0,0,0,0,0
"DaRon Holmes II","DEN",2,4,0,0,0,0,0,0,0,0,0,0,0,0
"Pete Nance","MIL",1,4,0,0,0,0,0,0,0,0,0,0,0,0
"Koby Brea","PHX",1,4,0,0,0,0,0,0,0,0,0,0,0,0
"Sharife Cooper","WAS",2,4,14.285714285714286,14.285714285714286,0,1,0,0,14.285714285714286,0,0,0,0,0
"Jamaree Bouyea","PHX",1,3,0,0,0,0,0,0,0,0,0,0,0,0
"Kyle Lowry","PHI",1,3,0,0,0,0,0,0,0,0,0,0,0,0
"Myron Gardner","MIA",1,3,0,0,0,0,0,0,0,0,0,0,0,0
"Orlando Robinson","ORL",1,2,0,0,0,0,0,0,0,0,0,0,0,0
"Jamal Cain","ORL",2,1,0,0,0,0,0,0,0,0,0,0,0,0