"Name","TeamAbbreviation","GamesPlayed","Minutes","Assists","AssistPoints","TwoPtAssists","ThreePtAssists","AtRimAssists","ShortMidRangeAssists","LongMidRangeAssists","Corner3Assists","Arc3Assists"
"Mikal Bridges","NYK",82,3036,5.024630541871921,12.233169129720855,2.8407224958949095,2.1839080459770117,1.8555008210180624,0.8702791461412152,0.11494252873563218,0.8210180623973727,1.3628899835796386
"Josh Hart","NYK",77,2897,7.7998274374460745,18.861087144089733,4.53839516824849,3.2614322691975843,3.088869715271786,1.0698878343399483,0.3796376186367558,1.0181190681622088,2.243313201035375
"Anthony Edwards","MIN",79,2871,6.186455281750819,15.302429777701189,3.2569360675512664,2.929519214199552,2.257453041530243,0.8788557642598656,0.12062726176115803,1.0684128898845424,1.8611063243150094
"Devin Booker","PHX",75,2795,9.344638756403462,23.88270623564741,4.1512100335629745,5.193428722840488,2.1021021021021022,1.483836777954425,0.5652711535064476,2.066772655007949,3.1266560678325384
"James Harden","LAC",79,2789,12.114265561629342,27.68471169105978,8.658084993828249,3.456180567801093,5.060835831423029,3.226944101569388,0.3703050608358314,1.2343502027861046,2.2218303650149887
"DeMar DeRozan","SAC",77,2768,6.056313086594652,15.282450858863113,2.886488400920843,3.169824685673809,1.5937666017354348,1.0448025500265627,0.24791924915884542,1.0448025500265627,2.1250221356472463
"Trae Young","ATL",76,2739,14.920311970159377,34.4354018311292,10.325534079348932,4.594777890810445,7.426246185147508,2.5432349949135302,0.3560528992878942,1.7463546965072907,2.8484231943031535
"Tyler Herro","MIA",77,2725,7.741464305276612,19.09804637575315,4.1263465400766846,3.615117765199927,2.5744020449150997,1.4058791309110827,0.1460653642505021,1.3328464487858316,2.282271316414095
"OG Anunoby","NYK",74,2706,3.026388632589039,7.2338069754567265,1.8453589223103894,1.1810297102786491,1.1810297102786491,0.5905148551393246,0.07381435689241557,0.46133973057759736,0.7196899797010519
"Jalen Green","HOU",82,2697,5.1133272892112425,12.130553037171351,3.2094288304623753,1.9038984587488668,1.613780598368087,1.069809610154125,0.5258386219401632,0.3445149592021759,1.5593834995466909
"Christian Braun","DEN",79,2675,3.71713508612874,8.739800543970988,2.411604714415231,1.3055303717135087,1.4324569356300998,0.7978241160471442,0.1813236627379873,0.471441523118767,0.8340888485947416
"Bam Adebayo","MIA",78,2674,6.357291077155254,15.883795510281079,3.188077721184682,3.1692133559705717,1.8864365214110546,1.0564044519901905,0.2452367477834371,0.6413884172797585,2.527824938690813
"Ivica Zubac","LAC",80,2624,4.028614457831325,9.61972891566265,2.4661144578313254,1.5625,1.2048192771084338,0.8283132530120482,0.4329819277108434,0.2447289156626506,1.3177710843373494
"Jayson Tatum","BOS",72,2624,8.132075471698114,21.09433962264151,3.30188679245283,4.830188679245283,2.169811320754717,0.8113207547169812,0.32075471698113206,1.2075471698113207,3.6226415094339623
"Jaden McDaniels","MIN",82,2614,3.1160389982794876,7.723188682852227,1.6249283119862359,1.4911106862932517,1.0323073982030204,0.5543873064423628,0.03823360734085261,0.5161536991015102,0.9749569871917415
"Keegan Murray","SAC",76,2610,2.0473328324567994,4.958677685950414,1.183320811419985,0.8640120210368144,0.5822689706987227,0.3756574004507889,0.22539444027047334,0.31930879038317056,0.5447032306536439
"Zach LaVine","SAC",74,2603,5.7418040377847746,13.706241896647528,3.5191702167067977,2.2226338210779772,1.7410631598444157,1.3335802926467863,0.4445267642155955,0.7408779403593257,1.4817558807186515
"Shai Gilgeous-Alexander","OKC",76,2598,8.913802609814372,22.606138577467377,4.13526925197574,4.778533357838633,2.315750781106414,1.5254548796177174,0.29406359125160814,1.3416651350854623,3.43686822275317
"Michael Porter Jr.","DEN",77,2593,3.073197988452226,7.152169864034271,2.0674241013224064,1.0057738871298194,1.3782827342149375,0.6146395976904452,0.07450176941702366,0.22350530825107096,0.7822685788787483
"Derrick White","BOS",76,2574,6.989351403678606,17.037754114230395,3.930300096805421,3.059051306873185,2.594385285575992,1.0454985479186834,0.2904162633107454,0.7744433688286544,2.2846079380445303
"Dyson Daniels","ATL",76,2571,6.070579630645456,14.499908575607972,3.7118303163283963,2.35874931431706,2.1941854086670323,1.334796123605778,0.18284878405558602,0.9508136770890474,1.4079356372280125
"Nikola Jokić","DEN",70,2571,13.283858998144712,30.946196660482375,8.905380333951763,4.37847866419295,6.530612244897959,1.6697588126159555,0.7050092764378478,1.37291280148423,3.00556586270872
"Austin Reaves","LAL",73,2550,8.072266000384394,19.142802229482992,5.07399577167019,2.9982702287142033,3.421103209686719,1.2300595810109551,0.42283298097251587,1.0570824524312896,1.9411877762829137
"Toumani Camara","POR",78,2548,3.3705701078582435,8.436055469953775,1.6756548536209552,1.694915254237288,1.2134052388289676,0.3081664098613251,0.15408320493066255,0.44298921417565484,1.2519260400616332
"Pascal Siakam","IND",78,2548,5.013343499809379,12.10446054136485,2.935569958063286,2.077773541746092,1.715592832634388,0.9721692718261533,0.24780785360274496,0.40030499428135724,1.677468547464735
"Brook Lopez","MIL",80,2546,2.7337029248709617,6.709998088319633,1.4911106862932517,1.2425922385777097,0.9749569871917415,0.28675205505639456,0.22940164404511565,0.2676352513859683,0.9749569871917415
"Karl-Anthony Towns","NYK",72,2517,4.307812805952614,9.575093009594674,3.3483454082631683,0.9594673976894459,2.4280399451732917,0.7636577246915998,0.15664773839827686,0.4307812805952614,0.5286861170941844
"Bub Carrington","WAS",82,2458,7.078957604045119,17.19175418125243,4.045118630882925,3.0338389731621938,2.4309607156748347,1.3029949436017114,0.31116297160637885,0.6806690003889537,2.35316997277324
"Cade Cunningham","DET",70,2452,12.5,29.604231974921632,7.89576802507837,4.60423197492163,5.564263322884012,2.0768025078369905,0.2547021943573668,1.1755485893416928,3.4286833855799372
"Tyrese Haliburton","IND",73,2451,13.240212472949047,31.752901829628172,7.967735589218965,5.27247688373008,4.741294511115483,2.4198308085776117,0.8066102695258706,1.8493015935471178,3.4231752901829626
"Coby White","CHI",74,2450,6.294106427617776,15.773412168605761,3.108907114247568,3.185199313370208,1.8691588785046729,1.0871638374976158,0.15258439824527942,1.1634560366202555,2.021743276749952
"LeBron James","LAL",70,2444,11.546184738955823,27.068273092369477,7.570281124497992,3.9759036144578315,5.381526104417671,1.78714859437751,0.40160642570281124,1.4457831325301205,2.5301204819277108
"Domantas Sabonis","SAC",70,2429,8.497388509441542,20.14865407794295,5.343511450381679,3.1538770590598633,2.189634391321816,1.8883085576536762,1.2655685014061873,0.7432703897147449,2.4106066693451185
"Jamal Murray","DEN",67,2418,8.102131081624448,19.260152794531564,5.046240450341777,3.05589063128267,2.9553679131483714,1.6485725774024929,0.44229995979091274,0.9851226377161239,2.070767993566546
"Alperen Sengun","HOU",76,2394,7.626076260762607,18.757687576875767,4.120541205412054,3.5055350553505535,2.706027060270603,0.8815088150881509,0.5330053300533005,0.8200082000820008,2.6855268552685527
"Rudy Gobert","MIN",72,2388,2.661357921207041,6.852472757753563,1.1316010058675607,1.5297569153394803,0.7753562447611064,0.23051131601005867,0.12573344509639564,0.3143336127409891,1.2154233025984913
"Dillon Brooks","HOU",75,2388,2.645721372467962,6.3249276560562215,1.6122364613476643,1.0334849111202977,1.0541546093427037,0.434063662670525,0.12401818933443572,0.3513848697809012,0.6821000413393964
"Tobias Harris","DET",73,2306,3.3997901364113328,8.310598111227701,1.888772298006296,1.5110178384050368,1.1332633788037776,0.5666316894018888,0.1888772298006296,0.440713536201469,1.0703043022035676
"Jalen Brunson","NYK",65,2301,10.27027027027027,23.71891891891892,7.091891891891892,3.1783783783783783,4.756756756756757,1.6432432432432433,0.6918918918918919,1.2324324324324325,1.945945945945946
"Darius Garland","CLE",75,2301,10.55045871559633,24.979149291075895,6.672226855713094,3.878231859883236,4.795663052543786,1.8557130942452043,0.020850708924103418,1.2301918265221017,2.6480400333611342
"Jarrett Allen","CLE",82,2296,3.3214210636956065,8.030271179314694,1.9339920117721252,1.387429051923481,0.9880176581879335,0.7357578305654825,0.21021652301870927,0.3363464368299348,1.0510826150935464
"Chris Paul","SAS",82,2292,12.815081550518958,31.137470874814657,7.3077737767422155,5.507307773776742,5.041304808303326,1.6945562380851515,0.5719127303537386,1.6733742851090871,3.8339334886676553
"Anfernee Simons","POR",70,2292,7.225806451612903,17.741935483870968,3.935483870967742,3.2903225806451615,2.838709677419355,0.6881720430107527,0.40860215053763443,1.118279569892473,2.172043010752688
"Giannis Antetokounmpo","MIL",67,2289,9.20297555791711,23.889479277364504,3.7194473963868226,5.483528161530287,2.5079702444208287,0.7438894792773645,0.4675876726886291,1.9128586609989373,3.57066950053135
"Malik Beasley","DET",82,2283,2.907949790794979,6.945606694560669,1.7782426778242677,1.1297071129707112,1.1715481171548117,0.5648535564853556,0.04184100418410042,0.3138075313807531,0.8158995815899581
"Kentavious Caldwell-Pope","ORL",77,2279,3.0175282893277124,7.366319059241181,1.6862658087419569,1.3312624805857556,1.1537608165076547,0.4215664521854892,0.11093854004881296,0.6434435322831151,0.6878189483026403
"Nikola Vučević","CHI",73,2278,5.256673511293634,13.305954825462011,2.4640657084188913,2.7926078028747434,1.7453798767967146,0.4517453798767967,0.2669404517453799,0.7186858316221766,2.0739219712525667
"Payton Pritchard","BOS",80,2271,6.230460026797678,15.408664582402858,3.282715497990174,2.9477445288075033,2.121482804823582,0.8709245198749441,0.29030817329164804,0.9379187137114784,2.009825815096025
"Kevin Durant","PHX",62,2265,5.674217907227616,13.484358144552319,3.5382955771305284,2.1359223300970873,2.028047464940669,1.3160733549083063,0.1941747572815534,0.9924487594390508,1.1434735706580368
"Stephen Curry","GSW",70,2252,8.951732936423559,20.731448011907293,6.123750797363385,2.8279821390601745,4.316393791197108,1.6797788645545397,0.1275781416117372,1.1482032745056348,1.6797788645545397
"Shaedon Sharpe","POR",72,2252,4.296875,10.7421875,2.1484375,2.1484375,1.5407986111111112,0.4340277777777778,0.1736111111111111,0.5859375,1.5625
"De'Aaron Fox","SAS",62,2241,8.408408408408409,20.27027027027027,4.954954954954955,3.4534534534534536,3.281853281853282,1.1797511797511797,0.49335049335049336,0.9223509223509223,2.531102531102531
"Jalen Williams","OKC",69,2237,7.593856655290103,18.64334470989761,4.138225255972697,3.455631399317406,2.4957337883959045,1.3011945392491469,0.3412969283276451,0.9598976109215017,2.4957337883959045
"Donovan Mitchell","CLE",71,2232,7.635893011216566,19.132873166522863,3.7748058671268336,3.8610871440897325,2.825711820534944,0.8628127696289906,0.08628127696289906,1.639344262295082,2.2217428817946505
"Harrison Barnes","SAS",82,2228,2.9791894852135816,7.382256297918948,1.5553121577217963,1.4238773274917853,0.9857612267250822,0.3066812705366922,0.2628696604600219,0.32858707557502737,1.095290251916758
"Julius Randle","MIN",69,2226,7.229185317815578,18.375111906893466,3.3124440465532676,3.91674127126231,2.2829006266786034,0.8281110116383169,0.20143240823634737,1.432408236347359,2.484333034914951
"Amen Thompson","HOU",69,2225,5.868024800708592,14.636846767050487,2.9672276350752878,2.900797165633304,1.8157661647475642,0.8635961027457927,0.28786536758193093,0.8193091231178034,2.0814880425155002
"Jaren Jackson Jr.","MEM",74,2207,3.135593220338983,8.008474576271187,1.3983050847457628,1.7372881355932204,0.6991525423728814,0.5508474576271186,0.1483050847457627,0.423728813559322,1.3135593220338984
"Desmond Bane","MEM",69,2205,7.819453273998729,19.050646323373595,4.40771349862259,3.411739775376139,2.37338419156601,1.9283746556473829,0.10595465140919687,0.9959737232464505,2.4157660521296886
"Naz Reid","MIN",80,2200,4.055568003585033,10.262155500784226,1.9045485099708717,2.151019493614161,1.2547613712749273,0.5377548734035402,0.11203226529240422,0.985883934573157,1.1651355590410037
"Tyus Jones","PHX",81,2174,9.719075668328047,24.286361576801088,4.870865428183054,4.848210240144994,2.1069324875396465,2.016311735387404,0.7476212052560036,1.3140009062075215,3.5342093339374716
"Myles Turner","IND",72,2174,2.495503597122302,5.642985611510792,1.8435251798561152,0.6519784172661871,1.1241007194244603,0.539568345323741,0.17985611510791366,0.17985611510791366,0.4721223021582734
"Evan Mobley","CLE",71,2167,5.019991115059973,12.9498000888494,2.1101732563305196,2.9098178587294536,1.288316303864949,0.7107952021323856,0.11106175033318526,0.8884940026654821,2.0213238560639715
"Taurean Prince","MIL",80,2166,3.4722222222222223,8.131720430107526,2.28494623655914,1.1872759856630823,1.478494623655914,0.5376344086021505,0.26881720430107525,0.6048387096774194,0.5824372759856631
"Stephon Castle","SAS",81,2162,7.428955023495189,18.214365629894832,4.072499440590736,3.356455582904453,3.0208100246140077,0.827925710449765,0.22376370552696354,1.3649586037144774,1.9914969791899755
"Deni Avdija","POR",72,2161,6.370437542507368,15.27998186352301,3.8313307639990932,2.5391067785082746,2.788483337111766,0.8161414645205168,0.22670596236681026,0.8161414645205168,1.7229653139877579
"Jaylen Brown","BOS",63,2158,6.555122622049049,16.662846665138666,3.0025212010084803,3.5526014210405683,2.2232408892963558,0.6646802658721064,0.11460004584001833,0.7334402933761174,2.8191611276644513
"Tim Hardaway Jr.","DET",77,2153,2.774018944519621,6.585475868290483,1.7365809652683808,1.0374379792512405,1.2629679747406406,0.4059539918809202,0.06765899864682003,0.4510599909788002,0.5863779882724403
"Bennedict Mathurin","IND",72,2149,3.063753097544492,7.366523991890065,1.8247353007434106,1.2390177968010814,1.0587970263572877,0.4730795224149583,0.2928587519711647,0.5181347150259067,0.7208830817751746
"Spencer Dinwiddie","DAL",79,2136,7.919219423644202,19.015203085999545,4.742455184933061,3.1767642387111414,3.0633083730428865,1.3614703880190606,0.3176764238711141,1.3841615611527116,1.7926026775584298
"Scottie Barnes","TOR",65,2134,8.536585365853659,19.850948509485097,5.7588075880758804,2.7777777777777777,4.065040650406504,1.5130984643179766,0.18066847335140018,0.8581752484191508,1.919602529358627
"Max Christie","DAL",78,2127,3.3749422098936663,8.321775312066574,1.8030513176144245,1.5718908922792418,1.1789181692094313,0.39297272306981046,0.2311604253351826,0.53166897827092,1.0402219140083218
"Josh Giddey","CHI",70,2117,11.177777777777777,27.177777777777777,6.355555555555555,4.822222222222222,4.088888888888889,1.9555555555555555,0.3111111111111111,1.6,3.2222222222222223
"Fred VanVleet","HOU",60,2113,7.840828820343772,18.460089474923475,5.06239698610784,2.7784318342359313,3.108076289145279,1.483400047092065,0.4709206498704968,1.0595714622086179,1.7188603720273135
"Keyonte George","UTA",67,2108,8.643951520695175,20.878115710038873,5.05373885204665,3.590212668648525,2.6297736107935057,2.2867596615595702,0.1372055796935742,1.760804939400869,1.829407729247656
"Dennis Schröder","BKN",75,2106,9.437047418827376,23.499182434010745,4.811959822471385,4.625087596355992,3.06003270263957,1.5416958654519972,0.2102312543798178,1.051156271899089,3.5739313244569026
"Damian Lillard","MIL",58,2093,9.455719557195572,22.64760147601476,5.719557195571956,3.736162361623616,3.9206642066420665,1.2915129151291513,0.507380073800738,1.0378228782287824,2.6983394833948338
"Russell Westbrook","DEN",75,2092,10.414767547857794,23.085688240656335,8.158614402917047,2.2561531449407477,5.28714676390155,2.2333637192342755,0.6381039197812215,0.5925250683682771,1.6636280765724705
"Kelly Oubre Jr.","PHI",60,2078,2.578180950107424,6.373836237765577,1.360706612556696,1.2174743375507282,1.0742420625447602,0.214848412508952,0.07161613750298401,0.214848412508952,1.0026259250417762
"Luguentz Dort","OKC",71,2073,2.6608051827857473,6.316520129569644,1.6658954187875983,0.994909763998149,1.041184636742249,0.5552984729291994,0.06941230911614993,0.25451180009254976,0.7403979639055993
"Nickeil Alexander-Walker","MIN",82,2073,5.324737344794651,12.750716332378223,3.2234957020057307,2.1012416427889207,2.3161413562559696,0.7879656160458453,0.11938872970391595,0.7402101241642789,1.3610315186246418
"Onyeka Okongwu","ATL",74,2064,3.8121170864533696,9.121851599727705,2.314499659632403,1.4976174268209665,1.3841615611527116,0.8622645790787383,0.06807351940095303,0.4538234626730202,1.0437939641479463
"Malik Monk","SAC",65,2054,8.497652582159624,19.76525821596244,5.727699530516432,2.7699530516431925,3.779342723004695,1.408450704225352,0.539906103286385,0.8450704225352113,1.9248826291079812
"Jaylen Wells","MEM",79,2043,3.074099564120211,7.29525120440468,1.9270474879559532,1.1470520761642578,1.1929341592108282,0.6423491626519844,0.09176416609314063,0.3441156228492774,0.8029364533149805
"Jalen Duren","DET",78,2035,4.957102001906578,11.391801715919923,3.4795042897998094,1.4775977121067683,2.0972354623450906,0.7626310772163966,0.6196377502383222,0.4051477597712107,1.0724499523355577
"Jalen Wilson","BKN",79,2031,3.6069651741293534,9.378109452736318,1.4427860696517414,2.1641791044776117,0.845771144278607,0.4975124378109453,0.09950248756218906,0.5970149253731343,1.5671641791044777
"Miles Bridges","CHA",64,2029,5.942966690630242,14.13850946561227,3.6903906062784566,2.2525760843517855,2.5641025641025643,0.9825065899832255,0.14378145219266714,0.5751258087706685,1.6774502755811167
"Davion Mitchell","MIA",74,2027,8.89487870619946,21.36731193334967,5.317324185248713,3.5775545209507476,2.8424405782896347,2.1073266356285223,0.36755697133055626,1.2987012987012987,2.278853222249449
"Franz Wagner","ORL",60,2023,7.034926925935101,16.86896210056973,4.235818677235571,2.7991082486995293,3.2697547683923704,0.6935843448105028,0.2724795640326976,1.1394599950458262,1.6596482536537032
"Quentin Grimes","PHI",75,2013,5.525933107125545,13.45128453708192,3.1265147842947165,2.399418322830829,2.2297624818225885,0.7270964614638875,0.16965584100824044,0.6543868153174988,1.74503150751333
"Jordan Poole","WAS",68,2001,7.069288389513108,16.666666666666668,4.5411985018726595,2.5280898876404496,3.066479400749064,1.2172284644194757,0.25749063670411987,0.6320224719101124,1.896067415730337
"Devin Vassell","SAS",64,1983,4.462326261887345,10.899780541331383,2.487198244330651,1.9751280175566934,1.633747866374055,0.5120702267739575,0.34138015118263837,0.7802974884174592,1.1948305291392343
"Draymond Green","GSW",68,1983,9.394162374294824,22.639195486877608,5.543291636006868,3.850870738287957,3.8753985773853326,1.4226146676477802,0.2452783909737552,0.8584743684081433,2.9923963698798137
"Klay Thompson","DAL",72,1965,3.6015896671634375,8.42026825633383,2.384500745156483,1.2170889220069547,1.6641828117237953,0.620963735717834,0.09935419771485346,0.44709388971684055,0.7699950322901142
"Tyrese Maxey","PHI",52,1960,7.98689846308894,19.929453262786595,4.031242126480222,3.9556563366087176,2.4691358024691357,1.1589821113630638,0.4031242126480222,1.1085915847820609,2.8470647518266565
"Norman Powell","LAC",60,1958,3.1187624750499,7.310379241516966,2.0459081836327346,1.0728542914171657,1.372255489021956,0.6237524950099801,0.0499001996007984,0.6736526946107785,0.3992015968063872
"Yves Missi","NOP",73,1956,2.4830699774266365,5.944319036869827,1.5048908954100828,0.9781790820165538,0.6019563581640331,0.5517933283170303,0.3511412089290193,0.2508151492350138,0.72736393278154
"Keon Ellis","SAC",80,1948,3.0816640986132513,7.4216743708269135,1.8233179250128402,1.258346173600411,1.0529019003595275,0.539291217257319,0.23112480739599384,0.4879301489470981,0.7704160246533128
"Bilal Coulibaly","WAS",59,1948,4.869734599464329,12.393474555636718,2.21572924275627,2.6540053567080593,1.1930849768687606,0.8035062089116143,0.2191380569758948,0.6330654979303628,2.0209398587776968
"Kyle Kuzma","MIL",65,1936,3.747534516765286,9.418145956607495,1.824457593688363,1.9230769230769231,1.1094674556213018,0.46844181459566075,0.2465483234714004,0.5424063116370809,1.3806706114398422
"Julian Champagnie","SAS",82,1932,2.751611303916708,6.370847793753098,1.8839861179970252,0.8676251859196827,1.3882002974714922,0.421417947446703,0.07436787307882994,0.2974714923153198,0.570153693604363
"Keon Johnson","BKN",79,1925,4.525471942073959,11.249030256012412,2.3273855702094646,2.1980863718644943,1.6808895784846134,0.517196793379881,0.12929919834497025,0.6723558313938454,1.5257305404706492
"Naji Marshall","DAL",69,1919,5.264490002531005,12.705644140723868,3.087825866869147,2.176664135661858,1.9994937990382182,0.6580612503163756,0.43027081751455326,0.6580612503163756,1.5186028853454823
"Guerschon Yabusele","PHI",70,1896,3.9288558534642952,9.477037430315901,2.3095301300769844,1.6193257233873108,1.645872046721529,0.37164852667905496,0.29200955667640033,0.5309264666843642,1.0883992567029466
"Jrue Holiday","BOS",62,1896,6.199740596627756,15.460440985732815,3.138780804150454,3.060959792477302,2.3086900129701684,0.622568093385214,0.20752269779507135,0.7782101167315175,2.2827496757457846
"Gary Trent Jr.","MIL",74,1893,2.2422680412371134,5.38659793814433,1.3402061855670102,0.9020618556701031,0.6958762886597938,0.4381443298969072,0.20618556701030927,0.33505154639175255,0.5670103092783505
"Josh Green","CHA",68,1887,2.8066528066528065,6.8087318087318085,1.6112266112266111,1.1954261954261953,0.9875259875259875,0.4677754677754678,0.15592515592515593,0.31185031185031187,0.8835758835758836
"Anthony Black","ORL",78,1887,6.405124099279424,15.639178009073925,3.576194288764345,2.8289298105150786,2.268481451828129,1.0141446490525754,0.29356818788364025,1.0408326661329064,1.7880971443821725
"Andrew Nembhard","IND",65,1881,8.391248391248391,19.974259974259976,5.199485199485199,3.191763191763192,2.8056628056628057,1.7245817245817245,0.6692406692406693,0.7722007722007722,2.4195624195624195
"Nic Claxton","BKN",70,1880,4.226110363391656,10.228802153432031,2.4495289367429343,1.7765814266487214,1.1574697173620458,0.9152086137281292,0.3768506056527591,0.4037685060565276,1.3728129205921937
"Cason Wallace","OKC",68,1876,4.442732408834104,10.991268618387263,2.336928608115049,2.105803800719055,1.4637904468412943,0.7190549563430919,0.15408320493066255,0.6163328197226502,1.4894709809964046
"Derrick Jones Jr.","LAC",77,1873,1.5739769150052465,3.8037775445960125,0.9181532004197271,0.6558237145855194,0.5246589716684156,0.2623294858342078,0.1311647429171039,0.15739769150052466,0.49842602308499473
"RJ Barrett","TOR",58,1869,8.018386108273749,18.896833503575078,5.158324821246169,2.860061287027579,3.5240040858018387,1.3534218590398366,0.2808988764044944,1.09805924412666,1.7620020429009193
"Rui Hachimura","LAL",59,1869,2.2181146025878005,5.835753894903617,0.8185899128597834,1.399524689728017,0.5545286506469501,0.15843675732770002,0.10562450488513335,0.29046738843411674,1.1090573012939002
"Buddy Hield","GSW",82,1864,3.4832336885885105,8.474135690148167,1.9755653756173641,1.5076683129711463,1.3257083441642838,0.5978684689368339,0.05198856251624642,0.5198856251624643,0.9877826878086821
"Trey Murphy III","NOP",53,1854,4.851612903225806,11.587096774193549,2.967741935483871,1.8838709677419354,1.4967741935483871,1.238709677419355,0.23225806451612904,0.6709677419354839,1.2129032258064516
"Zaccharie Risacher","ATL",75,1843,2.3391812865497075,5.924230867022629,1.0933129926264937,1.2458682939232137,0.5593694380879736,0.5339435545385202,0,0.4576659038901602,0.7882023900330537
"Andrew Wiggins","MIA",60,1842,4.201010369582558,10.582291943632013,2.0207391651156605,2.180271204466897,0.9040148896570062,0.9837809093326243,0.1329433661260303,0.6647168306301515,1.5155543738367456
"Isaiah Collier","UTA",71,1839,11.650992685475444,28.84012539184953,6.112852664576803,5.538140020898641,3.0564263322884013,2.74294670846395,0.31347962382445144,1.9070010449320793,3.631138975966562
"Keldon Johnson","SAS",77,1838,3.27139492279508,8.139230567914158,1.674954200471081,1.596440722323999,1.4917560847945563,0.15702695629416383,0.02617115938236064,0.654278984559016,0.942161737764983
"Royce O'Neale","PHX",75,1837,4.364123159303882,10.870147255689425,2.2222222222222223,2.14190093708166,1.1244979919678715,0.642570281124498,0.45515394912985274,0.7764390896921017,1.3654618473895583
"P.J. Washington","DAL",57,1835,3.4410296821644337,8.405568689256633,1.9175203572366692,1.5235093249277647,1.4447071184659837,0.31520882584712373,0.15760441292356187,0.5253480430785396,0.9981612818492251
"CJ McCollum","NOP",56,1832,5.953317597692106,14.109624967217414,3.750327825858904,2.2029897718332023,2.6226068712300026,0.9441384736428009,0.1835824809861002,0.9441384736428009,1.2588512981904012
"Dorian Finney-Smith","LAL",63,1821,2.4779735682819384,6.332599118942731,1.1013215859030836,1.3766519823788546,0.5781938325991189,0.3579295154185022,0.16519823788546256,0.3303964757709251,1.0462555066079295
"Haywood Highsmith","MIA",74,1818,3.1067961165048543,7.572815533980583,1.7475728155339805,1.3592233009708738,1.1927877947295422,0.47156726768377255,0.08321775312066575,0.3606102635228849,0.9986130374479889
"Alex Sarr","WAS",67,1814,4.182904650558586,10.002598077422707,2.5461158742530525,1.636788776305534,1.636788776305534,0.6235385814497272,0.28578851649779163,0.20784619381657574,1.4289425824889581
"Kyrie Irving","DAL",50,1804,6.244931062449311,14.625574479589078,4.109218707758854,2.135712354690457,2.5141930251419304,1.3246823465801567,0.2703433360367667,0.5136523384698567,1.6220600162206003
"Kyshawn George","WAS",68,1802,4.49468085106383,11.037234042553191,2.4468085106382977,2.047872340425532,1.702127659574468,0.5585106382978723,0.18617021276595744,0.3191489361702128,1.7287234042553192
"Cameron Johnson","BKN",57,1800,5.3805408419291885,13.353777529969333,2.7878449958182325,2.5926958461109564,1.8399776972400335,0.8921103986618344,0.05575689991636465,1.0593810984109284,1.533314747700028
"Duncan Robinson","MIA",74,1786,4.925832633641198,11.446963336132102,3.330534564791492,1.595298068849706,1.7912118667786174,1.3993842709207949,0.1399384270920795,0.8956059333893087,0.6996921354603974
"Kris Dunn","LAC",74,1783,5.8236272878535775,14.226289517470882,3.24459234608985,2.579034941763727,1.968940654464781,1.136993899057127,0.1386577925679423,0.9706045479755963,1.6084303937881308
"Luka Dončić","LAL",50,1769,10.510428100987925,25.4390779363337,6.0922063666300765,4.418221734357848,4.7200878155872665,1.1251372118551042,0.24698133918770582,1.920965971459934,2.497255762897914
"Scoot Henderson","POR",66,1759,9.223568281938325,22.16409691629956,5.506607929515418,3.7169603524229076,3.909691629955947,0.9911894273127754,0.6057268722466961,1.0187224669603525,2.698237885462555
"Wendell Carter Jr.","ORL",68,1758,3.848363009764503,9.103963239517519,2.441125789775991,1.4072372199885124,1.4646754738655945,0.5456634118322803,0.43078690407811604,0.5456634118322803,0.8615738081562321
"Collin Sexton","UTA",63,1758,7.265193370165746,17.790055248618785,4.005524861878453,3.2596685082872927,2.1270718232044197,1.574585635359116,0.30386740331491713,0.9668508287292817,2.292817679558011
"Mike Conley","MIN",71,1756,9.067652075042638,21.60318362706083,5.599772598067084,3.467879476975554,3.6384309266628767,1.7055144968732234,0.2558271745309835,0.9096077316657192,2.558271745309835
"Amir Coffey","LAC",72,1748,2.1763708309779535,5.313736574335783,1.215375918598078,0.9609949123798757,0.7066139061616733,0.36743923120407007,0.14132278123233466,0.3391746749576032,0.6218202374222724
"Jimmy Butler III","GSW",55,1746,8.470722001137009,22.171688459351905,3.2404775440591247,5.230244457077885,1.9044911881750994,1.0801591813530416,0.2558271745309835,2.0181921546333146,3.2120523024445706
"Aaron Wiggins","OKC",76,1744,3.6955322669608384,9.156094870380585,1.9305019305019304,1.765030336458908,1.2961941533370105,0.5239933811362383,0.11031439602868175,0.441257584114727,1.323772752344181
"Walker Kessler","UTA",58,1740,2.7034559643255296,6.7725752508361206,1.3377926421404682,1.3656633221850614,0.5574136008918618,0.6967670011148273,0.08361204013377926,0.5295429208472687,0.8361204013377926
"De'Andre Hunter","CLE",64,1740,2.4757804090419806,6.001076426264801,1.426264800861141,1.0495156081808397,0.8611410118406889,0.5382131324004306,0.02691065662002153,0.2691065662002153,0.7804090419806243
"Ochai Agbaji","TOR",64,1739,2.7086788280818133,6.633499170812604,1.492537313432836,1.2161415146489774,0.912106135986733,0.41459369817578773,0.16583747927031509,0.5251520176893312,0.6909894969596462
"Brandin Podziemski","GSW",64,1716,6.296508299942759,15.71265025758443,3.1768746422438467,3.1196336576989125,2.0606754436176304,0.8872352604464797,0.2289639381797367,1.058958214081282,2.0606754436176304
"Jabari Smith Jr.","HOU",57,1716,1.7157563625965113,4.2893909064912785,0.8578781812982557,0.8578781812982557,0.5719187875321704,0.22876751501286818,0.057191878753217046,0.1429796968830426,0.7148984844152131
"Anthony Davis","DAL",51,1706,5.246376811594203,12.55072463768116,3.1884057971014492,2.0579710144927534,2.0869565217391304,0.7536231884057971,0.34782608695652173,0.4927536231884058,1.565217391304348
"Bradley Beal","PHX",53,1702,5.626081938834392,13.675706866705136,3.202538949798038,2.423542989036353,1.5002885170225044,1.0675129832660126,0.634737449509521,0.9232544720138488,1.5002885170225044
"Georges Niang","ATL",79,1697,3.1276415891800506,7.607776838546069,1.7751479289940828,1.3524936601859678,1.183431952662722,0.5635390250774867,0.02817695125387433,0.5353620738236123,0.8171315863623556
"Jakob Poeltl","TOR",57,1686,4.538925596093077,10.226946279804654,3.389830508474576,1.1490950876185004,2.2120080436656133,0.8905486929043378,0.2872737719046251,0.4596380350474002,0.6894570525711002
"Scotty Pippen Jr.","MEM",79,1683,9.687325516471246,23.50642099385818,5.555555555555555,4.1317699609156895,3.0150753768844223,2.2613065326633164,0.27917364600781686,0.9212730318257957,3.210496929089894
"Kevin Huerter","CHI",69,1679,4.444444444444445,10.598290598290598,2.735042735042735,1.7094017094017093,2.1082621082621085,0.45584045584045585,0.17094017094017094,0.4843304843304843,1.225071225071225
"Santi Aldama","MEM",65,1660,5.258741258741258,12.923076923076923,2.8531468531468533,2.4055944055944054,1.4825174825174825,1.2587412587412588,0.11188811188811189,0.6993006993006993,1.7062937062937062
"AJ Green","MIL",73,1659,3.1560490940970194,8.328462887200468,1.1396843950905904,2.016364699006429,0.7305669199298656,0.2630040911747516,0.14611338398597312,0.5844535359438925,1.4319111630625365
"Al Horford","BOS",60,1659,3.87409200968523,10.320823244552058,1.3014527845036319,2.572639225181598,0.5447941888619855,0.4539951573849879,0.3026634382566586,0.7869249394673123,1.7857142857142858
"Terry Rozier","MIA",64,1658,4.974679773607387,12.213285671730713,2.710753649091451,2.2639261245159368,1.3404825737265416,1.161751563896336,0.20851951146857314,0.44682752457551383,1.817098599940423
"Peyton Watson","DEN",68,1657,2.770409666961391,6.424992631889183,1.8862363689949897,0.8841732979664014,1.0610079575596818,0.618921308576481,0.206307102858827,0.26525198938992045,0.618921308576481
"Moses Moody","GSW",74,1649,2.866527321588534,7.196177963571215,1.4034040011943865,1.4631233203941476,0.746491489997014,0.5673335323977307,0.08957897879964169,0.4478948939982084,1.015228426395939
"Tristan da Silva","ORL",74,1629,3.5147744945567654,8.33592534992224,2.208398133748056,1.3063763608087091,1.6174183514774494,0.40435458786936235,0.18662519440124417,0.27993779160186627,1.026438569206843
"Donte DiVincenzo","MIN",62,1606,6.91031941031941,16.154791154791155,4.576167076167076,2.3341523341523343,3.6240786240786242,0.7371007371007371,0.214987714987715,0.952088452088452,1.382063882063882
"Isaiah Joe","OKC",74,1604,3.5554227666567075,8.9632506722438,1.703017627726322,1.8524051389303855,1.1652225873916942,0.5079175380938153,0.02987750224081267,0.6871825515386913,1.1652225873916942
"Corey Kispert","WAS",61,1602,3.0673019654556284,7.504466944609887,1.697438951756998,1.36986301369863,0.8636092912447886,0.5658129839189994,0.26801667659321027,0.44669446098868376,0.9231685527099464
"Caris LeVert","ATL",64,1596,6.347800413345143,15.589016829052259,3.4543844109831707,2.893416002361972,2.273398287570121,1.0038382049010923,0.1771479185119575,1.1809861234130499,1.7124298789489223
"Miles McBride","NYK",64,1593,5.847404627892433,14.571607254534085,2.9706066291432145,2.8767979987492183,1.7823639774859288,0.9380863039399625,0.2501563477173233,1.0006253908692933,1.876172607879925
"Isaiah Hartenstein","OKC",57,1590,6.622114216281895,15.157958687727826,4.708383961117861,1.913730255164034,2.9465370595382745,1.1239368165249088,0.637910085054678,0.39489671931956255,1.5188335358444713
"Gradey Dick","TOR",54,1587,2.9778182923123673,7.171072622303251,1.76238225463385,1.2154360376785172,1.3369796414463688,0.425402613187481,0,0.3950167122455181,0.8204193254329991
"Paolo Banchero","ORL",46,1582,6.9523809523809526,16.952380952380953,3.9047619047619047,3.0476190476190474,2.126984126984127,1.3650793650793651,0.4126984126984127,1.0793650793650793,1.9682539682539681
"Patrick Williams","CHI",63,1576,3.6599763872491144,9.149940968122786,1.8299881936245572,1.8299881936245572,0.974025974025974,0.7378984651711924,0.1180637544273908,0.4427390791027155,1.3872491145218417
"Obi Toppin","IND",79,1545,3.9384615384615387,9.107692307692307,2.707692307692308,1.2307692307692308,1.5076923076923077,0.8615384615384616,0.3384615384615385,0.5538461538461539,0.676923076923077
"Grayson Allen","PHX",64,1544,4.325860435743606,10.483107041364066,2.4944742658667507,1.831386169876855,1.5156299336911905,0.6315124723713293,0.34733185980423115,1.010419955794127,0.8209662140827282
"Ziaire Williams","BKN",63,1541,2.74869109947644,6.479057591623037,1.7670157068062826,0.981675392670157,1.37434554973822,0.32722513089005234,0.06544502617801047,0.42539267015706805,0.556282722513089
"Sam Hauser","BOS",71,1541,2.114304592005286,5.417905517013545,0.9250082590023125,1.1892963330029733,0.49554013875123887,0.3303600925008259,0.09910802775024777,0.39643211100099107,0.7928642220019821
"Victor Wembanyama","SAS",46,1527,5.363984674329502,12.35632183908046,3.735632183908046,1.628352490421456,2.80970625798212,0.6704980842911877,0.2554278416347382,0.5747126436781609,1.053639846743295
"Gabe Vincent","LAL",72,1525,3.1491002570694087,7.712082262210797,1.7352185089974292,1.4138817480719794,0.9961439588688946,0.5784061696658098,0.16066838046272494,0.6748071979434447,0.7390745501285347
"Jonas Valančiūnas","SAC",81,1524,5.231259968102074,12.376395534290271,3.317384370015949,1.9138755980861244,1.6586921850079746,1.0526315789473684,0.6060606060606061,0.12759170653907495,1.7862838915470494
"Jerami Grant","POR",47,1524,3.2299328429804923,7.834985609210105,1.8548129197313719,1.3751199232491205,0.9913655260633195,0.5756315957787016,0.2878157978893508,0.5436520626798849,0.8314678605692357
"Kyle Filipowski","UTA",72,1522,4.423380726698262,10.584518167456556,2.6856240126382307,1.7377567140600316,1.4849921011058451,1.0742496050552923,0.1263823064770932,0.6635071090047393,1.0742496050552923
"Ja Morant","MEM",50,1519,11.09079829372334,26.264472882388787,7.007921998781231,4.082876294942109,5.271176112126752,1.675807434491164,0.06093845216331505,1.4320536258379037,2.6508226691042047
"Matas Buzelis","CHI",80,1511,2.430021531836358,5.9981544140264536,1.2919101814826208,1.1381113503537372,0.7074746231928637,0.5536757920639803,0.030759766225776683,0.3383574284835435,0.7997539218701938
"LaMelo Ball","CHA",47,1505,11.11111111111111,26.814386640976235,6.518946692357097,4.592164418754014,4.752729608220938,1.3808606294155428,0.3853564547206166,1.6056518946692357,2.9865125240847785
"Dalton Knecht","LAL",78,1494,2.219233355749832,5.413584398117014,1.2441156691324815,0.9751176866173503,0.7397444519166106,0.4034969737726967,0.10087424344317418,0.3026227303295225,0.6724949562878278
"Kevin Porter Jr.","MIL",75,1482,8.460013218770655,20.654329147389294,4.7257105089226705,3.734302709847984,2.9411764705882355,1.553205551883675,0.23132848645076007,0.8592200925313945,2.8750826173165898
"D'Angelo Russell","BKN",58,1481,9.837155201063476,23.595879029577933,5.9155865736124955,3.9215686274509802,4.353605849119309,0.9970089730807578,0.5649717514124294,1.163177135260884,2.7583914921900963
"Lauri Markkanen","UTA",47,1476,2.285341168788769,5.84394384590271,1.0120796604635978,1.2732615083251715,0.6203068886712374,0.2938295788442703,0.0979431929480901,0.5223636957231472,0.7508978126020242
"Luke Kennard","MEM",65,1472,6.836248012718601,16.31160572337043,4.197138314785374,2.639109697933227,2.098569157392687,1.8441971383147853,0.2543720190779014,0.7631160572337043,1.875993640699523
"Jamal Shead","TOR",75,1467,10.39815728858177,25.43599868377756,5.758473181967752,4.639684106614018,3.8170450806186245,1.3491280026324448,0.5923000987166831,1.6452780519907864,2.9944060546232314
"Aaron Gordon","DEN",51,1447,5.4485049833887045,12.691029900332225,3.654485049833887,1.7940199335548173,2.6245847176079735,0.8305647840531561,0.19933554817275748,0.4318936877076412,1.3621262458471761
"Isaiah Stewart","DET",72,1434,4.176570458404075,10.526315789473685,2.0033955857385397,2.173174872665535,0.7470288624787776,0.8149405772495756,0.44142614601018676,0.3735144312393888,1.7996604414261461
"Brice Sensabaugh","UTA",71,1432,3.633961017509085,8.589362405021474,2.312520647505781,1.3214403700033035,1.4205483977535514,0.8919722497522299,0,0.6276841757515692,0.6937561942517344
"Goga Bitadze","ORL",70,1430,4.9033643521832495,11.703650680028632,3.006442376521117,1.8969219756621332,1.6105941302791698,0.8589835361488904,0.5368647100930566,0.2863278453829635,1.6105941302791698
"Kel'el Ware","MIA",64,1422,2.1111893033075297,5.031667839549613,1.3019000703729768,0.8092892329345531,0.5981703026038001,0.5629838142153413,0.14074595355383532,0.3518648838845883,0.4574243490499648
"Tari Eason","HOU",57,1420,2.8463648834019204,6.893004115226337,1.646090534979424,1.2002743484224965,1.337448559670782,0.30864197530864196,0,0.411522633744856,0.7887517146776406
"Zach Edey","MEM",66,1416,2.1804763502180475,5.535055350553505,1.0063737001006374,1.1741026501174103,0.4696410600469641,0.3354579000335458,0.20127474002012746,0.10063737001006373,1.0734652801073465
"T.J. McConnell","IND",79,1415,11.886217406027768,28.953606501862513,6.705045716220792,5.181171689806976,3.8266169996613613,2.201151371486624,0.6772773450728073,2.1672875042329833,3.0138841855739926
"Terance Mann","ATL",67,1414,4.2160278745644595,10.069686411149826,2.578397212543554,1.637630662020906,1.4634146341463414,1.0104529616724738,0.10452961672473868,0.662020905923345,0.975609756097561
"Ryan Dunn","PHX",74,1410,2.0518358531317493,5.255579553635709,0.8999280057595392,1.1519078473722102,0.4679625629949604,0.3599712023038157,0.07199424046076314,0.503959683225342,0.6479481641468683
"Sam Merrill","CLE",71,1401,3.7344398340248963,9.163208852005532,2.040110650069156,1.69432918395574,1.2448132780082988,0.7952973720608575,0,0.7261410788381742,0.9681881051175657
"Ayo Dosunmu","CHI",46,1394,7.027027027027027,17.195945945945947,3.885135135135135,3.141891891891892,2.4662162162162162,1.2837837837837838,0.13513513513513514,0.8783783783783784,2.2635135135135136
"Ty Jerome","CLE",70,1393,8.161157024793388,19.834710743801654,4.648760330578512,3.512396694214876,3.133608815426997,1.3085399449035813,0.2066115702479339,1.2052341597796143,2.3071625344352618
"Julian Strawther","DEN",65,1384,2.8719723183391004,7.0588235294117645,1.5570934256055364,1.314878892733564,0.8650519031141869,0.5536332179930796,0.1384083044982699,0.31141868512110726,1.0034602076124568
"Nick Smith Jr.","CHA",60,1369,5.178571428571429,12.428571428571429,3.107142857142857,2.0714285714285716,1.8571428571428572,1.0714285714285714,0.17857142857142858,0.5714285714285714,1.5
"Jaime Jaquez Jr.","MIA",66,1368,6.018854242204496,14.902102973168963,3.154459753444525,2.864394488759971,1.5228426395939085,1.2690355329949239,0.36258158085569253,0.9789702683103698,1.8854242204496012
"Jeremy Sochan","SAS",54,1367,4.5357902197023385,10.949681077250178,2.657689581856839,1.8781006378454996,1.700921332388377,0.7087172218284904,0.24805102763997164,0.4606661941885188,1.4174344436569808
"Nicolas Batum","LAC",78,1367,3.0303030303030303,7.287157287157287,1.8037518037518037,1.2265512265512266,1.0101010101010102,0.6132756132756133,0.18037518037518038,0.36075036075036077,0.8658008658008658
"Jose Alvarado","NOP",56,1366,9.283154121863799,21.397849462365592,6.451612903225806,2.8315412186379927,4.193548387096774,1.7562724014336917,0.5017921146953405,0.6810035842293907,2.150537634408602
"Luke Kornet","BOS",73,1361,4.421768707482993,11.678004535147393,1.5873015873015872,2.834467120181406,1.0204081632653061,0.3779289493575208,0.1889644746787604,0.6802721088435374,2.1541950113378685
"Trey Lyles","SAC",69,1349,3.0047636496885306,7.328691828508611,1.6855991205569805,1.31916452913155,0.9527299377061195,0.5496518871381458,0.18321729571271528,0.29314767314034446,1.0260168559912055
"Jake LaRavia","SAC",66,1349,5.563380281690141,13.767605633802816,2.9225352112676055,2.640845070422535,1.4788732394366197,1.267605633802817,0.176056338028169,0.8802816901408451,1.7605633802816902
"Bogdan Bogdanović","LAC",54,1348,5.232974910394265,12.508960573476703,3.1899641577060933,2.043010752688172,1.8279569892473118,1.146953405017921,0.21505376344086022,0.931899641577061,1.1111111111111112
"Justin Champagnie","WAS",62,1340,2.1459227467811157,5.185979971387697,1.251788268955651,0.894134477825465,0.7153075822603719,0.4291845493562232,0.1072961373390558,0.1430615164520744,0.7510729613733905
"Paul George","PHI",41,1334,6.573116691285081,16.06351550960118,3.655834564254062,2.917282127031019,2.806499261447563,0.6646971935007385,0.18463810930576072,0.9601181683899557,1.9571639586410634
"Ausar Thompson","DET",59,1328,4.872727272727273,12,2.618181818181818,2.2545454545454544,1.6,0.8363636363636363,0.18181818181818182,0.5818181818181818,1.6727272727272726
"Donovan Clingan","POR",67,1324,2.8174167581412366,7.061836809366996,1.3904134650567141,1.4270032930845225,0.8049762166117819,0.29271862422246614,0.29271862422246614,0.21953896816684962,1.2074643249176729
"Jordan Hawkins","NOP",56,1321,2.42024202420242,5.793912724605794,1.466813348001467,0.9534286762009534,1.0267693436010268,0.40337367070040336,0.03667033370003667,0.40337367070040336,0.5500550055005501
"Tyrese Martin","BKN",60,1315,4.658266513936617,11.531118747613593,2.443680794196258,2.214585719740359,1.7182130584192439,0.6872852233676976,0.038182512409316534,0.42000763650248185,1.794578083237877
"Mason Plumlee","PHX",74,1300,5.073835668307459,12.00302915562287,3.2184778492995076,1.8553578190079516,1.287391139719803,1.3631200302915563,0.5679666792881485,0.6815600151457781,1.1737978038621735
"Jonathan Mogbo","TOR",63,1286,5.4064131245339295,12.826249067859806,3.3929903057419835,2.0134228187919465,2.3862788963460106,0.8202833706189411,0.18642803877703207,0.633855331841909,1.3795674869500374
"Jalen Johnson","ATL",36,1284,6.494438464298529,15.285252960172228,4.198062432723359,2.2963760315751705,2.9063509149623252,1.1840688912809472,0.10764262648008611,1.1481880157875852,1.1481880157875852
"Max Strus","CLE",50,1273,5.991657186196435,13.841486537732271,4.133485020857035,1.8581721653394008,2.882062950322336,1.1376564277588168,0.11376564277588168,0.41714069017823285,1.441031475161168
"Johnny Juzang","UTA",64,1270,2.571860816944024,6.467473524962179,1.248108925869894,1.3237518910741302,0.6051437216338881,0.56732223903177,0.07564296520423601,0.30257186081694404,1.021180030257186
"Ronald Holland II","DET",81,1266,3.1869413136416633,8.083948698017878,1.4768752429071124,1.7100660707345512,1.0882238631947143,0.194325689856199,0.194325689856199,0.7384376214535562,0.9716284492809949
"Javonte Green","CLE",68,1258,2.161327672713238,5.0945580856812045,1.3894249324585102,0.7719027402547279,0.7333076032419915,0.5789270551910459,0.0771902740254728,0.3087610961018912,0.46314164415283676
"Nick Richards","PHX",57,1256,1.94831013916501,4.7713717693836974,1.073558648111332,0.8747514910536779,0.3976143141153082,0.43737574552683894,0.23856858846918488,0.35785288270377735,0.5168986083499006
"Dean Wade","CLE",59,1252,2.959501557632399,7.437694704049845,1.4408099688473521,1.5186915887850467,0.778816199376947,0.5451713395638629,0.11682242990654206,0.3115264797507788,1.2071651090342679
"Ricky Council IV","PHI",73,1250,3.815892997639654,9.40204563335956,2.045633359559402,1.7702596380802518,1.4948859166011015,0.3933910306845004,0.15735641227380015,0.6294256490952006,1.1408339889850512
"Tidjane Salaün","CHA",60,1244,2.9790660225442833,7.206119162640902,1.7310789049919484,1.247987117552335,1.0466988727858293,0.36231884057971014,0.322061191626409,0.4428341384863124,0.8051529790660226
"Bobby Portis","MIL",49,1244,4.049844236760125,10.280373831775702,1.8691588785046729,2.1806853582554515,1.2850467289719627,0.3115264797507788,0.27258566978193144,0.661993769470405,1.5186915887850467
"Moussa Diabaté","CHA",71,1241,2.2913256955810146,5.810147299509001,1.0638297872340425,1.227495908346972,0.5319148936170213,0.2864157119476268,0.24549918166939444,0.32733224222585927,0.900163666121113
"Jeremiah Robinson-Earl","NOP",66,1239,3.463203463203463,8.658008658008658,1.7316017316017316,1.7316017316017316,1.062573789846517,0.5903187721369539,0.07870916961826052,0.5509641873278237,1.1806375442739079
"Simone Fontecchio","DET",75,1237,2.520356727413726,6.5141527723924,1.0469174098487786,1.4734393175649476,0.5040713454827452,0.5040713454827452,0.038774718883288095,0.5816207832493214,0.8918185343156262
"Cole Anthony","ORL",67,1234,7.754770604953309,18.55460820138043,4.709703613479497,3.045066991473812,2.92326431181486,1.2992285830288266,0.48721071863581,0.9338205440519691,2.111246447421843
"Ben Sheppard","IND",63,1228,3.3398821218074657,7.662082514734774,2.357563850687623,0.9823182711198428,1.2573673870333988,0.825147347740668,0.275049115913556,0.19646365422396855,0.7858546168958742
"Daniel Gafford","DAL",57,1226,3.1645569620253164,7.3575949367088604,2.1360759493670884,1.0284810126582278,1.0680379746835442,0.5537974683544303,0.5142405063291139,0.19778481012658228,0.8306962025316456
"John Collins","UTA",40,1220,3.1608060055314104,7.822994863690241,1.6594231529039905,1.50138285262742,1.0272619517977084,0.5926511260371394,0.039510075069142635,0.2765705254839984,1.2248123271434215
"Caleb Martin","DAL",45,1218,3.8982355354944604,9.766105867870332,1.9286007386130488,1.9696347968814116,1.3130898645876077,0.4924086992203529,0.12310217480508823,0.6565449322938038,1.3130898645876077
"Kristaps Porziņģis","BOS",42,1210,3.5165723524656425,9.296685529506872,1.2530315278900566,2.263540824575586,0.8084074373484236,0.16168148746968472,0.28294260307194824,0.6467259498787389,1.6168148746968471
"Brandon Clarke","MEM",64,1207,2.5670945157526255,6.223259432127577,1.4780241151302995,1.089070400622326,0.7779074290159471,0.5056398288603656,0.19447685725398678,0.3500583430571762,0.7390120575651498
"Deandre Ayton","POR",40,1206,2.6133115557370354,6.492445896284198,1.347488770926909,1.2658227848101267,0.8166598611678236,0.28583095140873827,0.24499795835034707,0.24499795835034707,1.0208248264597795
"Jarace Walker","IND",75,1187,4.440855874041179,10.61768268066209,2.704884941461445,1.7359709325797335,1.9378280177634235,0.6055712555510698,0.16148566814695195,0.7266855066612838,1.0092854259184498
"Kawhi Leonard","LAC",37,1180,4.929876753081173,11.899702507437315,2.889927751806205,2.039949001274968,1.2324691882702932,1.4449638759031025,0.21249468763280918,0.9349766255843603,1.1049723756906078
"Clint Capela","ATL",55,1176,2.50996015936255,5.896414342629482,1.6334661354581674,0.8764940239043825,0.9561752988047809,0.43824701195219123,0.23904382470119523,0.3187250996015936,0.5577689243027888
"Cody Martin","PHX",53,1173,4.378648874061718,11.050875729774813,2.085070892410342,2.293577981651376,1.292743953294412,0.6255212677231026,0.16680567139282734,0.5838198498748958,1.7097581317764805
"Mark Williams","CHA",44,1171,4.52094566569888,11.44753214433845,2.1153048527581917,2.4056408129406885,0.8295313148071339,0.8295313148071339,0.4562422231439237,0.7880547490667773,1.6175860638739112
"Precious Achiuwa","NYK",57,1170,2.333474756045821,5.473058973271107,1.5273652948663556,0.8061094611794655,0.7636826474331778,0.42426813746287656,0.3394145099703012,0.0848536274925753,0.7212558336868902
"Justin Edwards","PHI",44,1156,2.9449423815621,6.95689287238583,1.8779342723004695,1.0670081092616304,1.3657703798548868,0.38412291933418696,0.12804097311139565,0.2987622705932565,0.7682458386683739
"Nikola Jović","MIA",46,1156,5.622317596566524,13.562231759656653,3.3047210300429186,2.3175965665236054,1.8025751072961373,1.2446351931330473,0.2575107296137339,1.1158798283261802,1.201716738197425
"Vít Krejčí","ATL",57,1153,6.114808652246256,14.891846921797004,3.4525790349417638,2.6622296173044924,2.1630615640599,1.1647254575707155,0.12479201331114809,1.08153078202995,1.5806988352745424
"Jonathan Kuminga","GSW",47,1144,4.455869751499572,11.396743787489289,1.9708654670094259,2.4850042844901457,1.1568123393316196,0.6426735218508998,0.1713796058269066,0.9425878320479862,1.5424164524421593
"Kevon Looney","GSW",76,1142,5.092792403970652,12.904618040569702,2.373759171342253,2.719033232628399,1.2516184721622787,0.73370738023306,0.38843331894691413,0.6042296072507553,2.1148036253776437
"Kenrich Williams","OKC",69,1132,4.130808950086059,10.111876075731498,2.280550774526678,1.8502581755593803,1.2048192771084338,0.774526678141136,0.30120481927710846,0.47332185886402756,1.3769363166953528
"Aaron Nesmith","IND",45,1123,2.3346303501945527,5.447470817120623,1.556420233463035,0.7782101167315175,0.9079118028534371,0.30263726761781234,0.34587116299178555,0.21616947686986598,0.5620406398616515
"Julian Phillips","CHI",79,1123,1.6532428995337007,4.23908435777872,0.7206443408223824,0.9325985587113184,0.21195421788893598,0.5086901229334464,0,0.0423908435777872,0.8902077151335311
"Dalano Banton","POR",67,1120,6.9144338807260155,16.76750216076059,3.975799481417459,2.9386343993085564,3.1547104580812446,0.7346585998271391,0.08643042350907519,1.4261019878997407,1.512532411408816
"Ben Simmons","LAC",51,1120,12.791741472172351,31.867145421903054,6.508078994614004,6.283662477558348,4.308797127468582,1.7953321364452424,0.40394973070017953,1.8402154398563735,4.443447037701975
"Ja'Kobe Walter","TOR",52,1103,3.57773851590106,8.480565371024735,2.2526501766784452,1.325088339222615,1.6784452296819787,0.39752650176678445,0.17667844522968199,0.48586572438162545,0.8392226148409894
"Jaxson Hayes","LAL",56,1093,2.5997310623038996,6.81308830121022,0.9861048857014791,1.6136261766024205,0.4034065441506051,0.49305244285073957,0.08964589870013447,0.4034065441506051,1.2102196324518153
"Jonathan Isaac","ORL",71,1090,1.8552875695732838,4.220779220779221,1.3450834879406308,0.5102040816326531,0.7421150278293135,0.37105751391465674,0.23191094619666047,0.18552875695732837,0.3246753246753247
"Cameron Payne","NYK",72,1090,9.210526315789474,21.733212341197824,5.898366606170599,3.3121597096188746,3.8112522686025407,1.5426497277676952,0.5444646098003629,1.4065335753176043,1.9056261343012704
"DaQuan Jeffries","CHA",47,1071,2.484763244256915,6.047819971870605,1.4064697609001406,1.0782934833567746,0.8438818565400844,0.5625879043600562,0,0.2812939521800281,0.7969995311767464
"Jusuf Nurkić","CHA",51,1063,5.341384115188109,13.283790060380865,2.740362285183465,2.601021830004645,1.7649790989317231,0.6967022758941013,0.2786809103576405,0.5109150023223409,2.0901068276823036
"Seth Curry","CHA",68,1062,2.805049088359046,6.965871902758298,1.4492753623188406,1.3557737260402056,0.7947639083683965,0.5610098176718092,0.09350163627863488,0.6077606358111267,0.748013090229079
"Cody Williams","UTA",50,1060,2.668475802804161,6.7390321121664405,1.2663952962460425,1.4020805065581186,0.5879692446856626,0.4975124378109453,0.18091361374943465,0.6331976481230213,0.7688828584350973
"Isaac Okoro","CLE",55,1053,3.1820308844174074,7.72110435189518,1.8249883013570425,1.357042583060365,1.4506317267197004,0.28076743097800655,0.09358914365933552,0.4679457182966776,0.8890968647636874
"Oso Ighodaro","PHX",61,1045,3.382563125297761,7.908527870414483,2.2391615054787994,1.1434016198189614,1.095759885659838,0.6193425440686041,0.5240590757503573,0.6193425440686041,0.5240590757503573
"Jared Butler","PHI",60,1044,10.087116001834021,23.383768913342504,6.87757909215956,3.209536909674461,4.722604309949564,1.696469509399358,0.4585052728106373,1.192113709307657,2.017423200366804
"Noah Clowney","BKN",46,1042,1.9157088122605364,4.932950191570881,0.814176245210728,1.1015325670498084,0.3831417624521073,0.33524904214559387,0.09578544061302682,0.14367816091954022,0.9578544061302682
"Jamison Battle","TOR",59,1042,2.443522360534809,6.1318579990779165,1.1987090825265099,1.2448132780082988,0.6454587367450438,0.5532503457814661,0,0.4149377593360996,0.8298755186721992
"Alex Caruso","OKC",54,1041,6.322104291647439,15.505306875865251,3.461005999077065,2.861098292570374,2.1227503461006,1.1536686663590217,0.18458698661744347,0.7383479464697739,2.1227503461006
"Kris Murray","POR",69,1040,3.140877598152425,7.713625866050808,1.7090069284064666,1.4318706697459584,1.2009237875288683,0.4618937644341801,0.046189376443418015,0.27713625866050806,1.1547344110854503
"Dejounte Murray","NOP",31,1012,10.699202252463632,25.480994838104177,6.616611919286719,4.0825903331769124,4.0825903331769124,1.7832003754106054,0.7508212106992023,1.5954950727358048,2.4870952604411074
"Jalen Suggs","ORL",35,1002,6.382978723404255,14.646214745175655,4.502721425037111,1.880257298367145,3.4141514101929737,0.7916872835230084,0.29688273132112813,0.7916872835230084,1.0885700148441366
"Kyle Anderson","MIA",61,1002,7.128810226155359,17.649950835791543,3.736479842674533,3.392330383480826,2.55653883972468,0.983284169124877,0.19665683382497542,1.1307767944936087,2.2615535889872174
"Brandon Boston","NOP",42,993,4.574838388861263,11.437095972153157,2.2874191944306315,2.2874191944306315,1.6907011437095971,0.44753853804077576,0.14917951268025859,0.39781203381402286,1.8896071606166087
"Dalen Terry","CHI",73,987,4.577630957999056,11.090136857008023,2.642756016989146,1.9348749410099104,1.651722510618216,0.8966493629070316,0.09438414346389806,0.5663048607833884,1.368570080226522
"Andre Jackson Jr.","MIL",67,980,4.117063492063492,10.466269841269842,1.8849206349206349,2.232142857142857,1.1904761904761905,0.3968253968253968,0.2976190476190476,0.6448412698412699,1.5873015873015872
"Zach Collins","CHI",64,976,5.4760730143068574,12.777503700049333,3.6507153428712384,1.8253576714356192,2.2693635915145536,0.8386778490379871,0.5426739023186976,0.2960039467192896,1.5293537247163296
"Trayce Jackson-Davis","GSW",62,967,5.239294710327456,13.551637279596978,2.1662468513853903,3.0730478589420653,1.1083123425692696,0.7052896725440806,0.3526448362720403,0.8060453400503779,2.2670025188916876
"Thomas Bryant","IND",66,963,2.663316582914573,5.9296482412060305,2.0603015075376883,0.6030150753768844,1.1055276381909547,0.8040201005025126,0.1507537688442211,0.10050251256281408,0.5025125628140703
"Jordan Clarkson","UTA",37,962,6.882793017456359,16.60847880299252,4.039900249376559,2.8428927680798006,2.29426433915212,1.6458852867830425,0.09975062344139651,1.346633416458853,1.4962593516209477
"Jalen Smith","CHI",64,962,3.17227916056613,7.662274280136652,1.8545632015617375,1.3177159590043923,1.0736944851146901,0.5856515373352855,0.19521717911176184,0.3416300634455832,0.9760858955588092
"Gary Payton II","GSW",62,927,4.433760683760684,11.004273504273504,2.297008547008547,2.1367521367521367,1.3888888888888888,0.6944444444444444,0.21367521367521367,0.4807692307692308,1.6559829059829059
"Brandon Miller","CHA",27,924,5.240641711229946,12.67379679144385,3.0481283422459895,2.192513368983957,2.406417112299465,0.37433155080213903,0.26737967914438504,0.6951871657754011,1.4973262032085561
"Bruce Brown","NOP",41,921,4.456233421750663,10.716180371352785,2.6525198938992043,1.8037135278514589,1.6976127320954908,0.8488063660477454,0.10610079575596817,0.636604774535809,1.16710875331565
"Immanuel Quickley","TOR",33,918,10.175812466702185,23.921150772509325,6.60628662759723,3.569525839104955,3.6760788492274905,2.3974427277570594,0.5327650506126798,1.4384656366542354,2.131060202450719
"Trendon Watford","BKN",43,913,6.346578366445916,16.39072847682119,2.6490066225165565,3.69757174392936,1.8211920529801324,0.6622516556291391,0.16556291390728478,1.1037527593818985,2.5938189845474615
"KJ Martin","UTA",43,912,2.570969469737547,6.480985538296733,1.2319228709159078,1.339046598821639,0.6963042313872523,0.32137118371719336,0.21424745581146223,0.42849491162292447,0.9105516871987145
"Day'Ron Sharpe","BKN",50,909,5.072463768115942,11.984392419175029,3.2329988851727984,1.839464882943144,2.0066889632107023,1.0590858416945375,0.16722408026755853,0.5016722408026756,1.3377926421404682
"Jaden Hardy","DAL",57,907,4.260915307732772,9.889531825355077,2.8932140978432406,1.3677012098895318,2.0515518148342977,0.7364544976328248,0.10520778537611783,0.6838506049447659,0.6838506049447659
"Tre Jones","CHI",46,905,10.1159114857745,25.553213909378293,4.794520547945205,5.321390937829294,3.0558482613277134,1.36986301369863,0.36880927291886195,1.6859852476290833,3.6354056902002108
"Adem Bona","PHI",58,902,1.4642082429501084,3.470715835140998,0.9219088937093276,0.5422993492407809,0.43383947939262474,0.32537960954446854,0.16268980477223427,0.27114967462039047,0.27114967462039047
"Jaden Ivey","DET",30,898,6.549257017061089,16.180517336268576,3.4672537149146945,3.0820033021463953,2.4215740231150247,0.6053935057787562,0.4402861860209136,1.2107870115575123,1.8712162905888827
"Kelly Olynyk","NOP",44,891,7.0098576122672505,16.10076670317634,4.928806133625411,2.08105147864184,3.669222343921139,1.095290251916758,0.16429353778751368,0.4928806133625411,1.588170865279299
"Chet Holmgren","OKC",32,877,3.3907427341227128,7.588805166846071,2.583423035522067,0.8073196986006459,1.5608180839612487,0.8073196986006459,0.21528525296017223,0.32292787944025836,0.48439181916038754
"Alec Burks","MIA",49,863,3.20139697322468,7.275902211874272,2.3282887077997674,0.8731082654249127,1.4551804423748544,0.640279394644936,0.23282887077997672,0.4074505238649593,0.46565774155995343
"Neemias Queta","BOS",62,863,2.696225284601558,7.189934092270821,0.8987417615338527,1.7974835230677053,0.5392450569203115,0.2995805871779509,0.05991611743559017,0.4194128220491312,1.378070701018574
"Chris Boucher","TOR",50,862,1.9585253456221199,4.6658986175115205,1.2096774193548387,0.7488479262672811,0.8640552995391705,0.3456221198156682,0,0.1152073732718894,0.6336405529953917
"Zion Williamson","NOP",30,857,8.897593732512592,22.71964185786234,3.9731393396754338,4.924454392837157,2.0705092333519866,1.2311135982092893,0.6715165081141579,1.119194180190263,3.8052602126468944
"Khris Middleton","WAS",37,843,8.347245409015025,19.977740678909292,5.0639955481357815,3.283249860879243,4.006677796327212,0.7234279354479688,0.333889816360601,1.001669449081803,2.28158041179744
"KJ Simpson","CHA",36,842,6.61547548730065,16.125221500295332,3.7212049616066154,2.894270525694034,2.2445363260484346,1.1813349084465445,0.29533372711163614,0.6497341996455995,2.2445363260484346
"Shake Milton","LAL",57,836,6.08955223880597,15.104477611940299,3.1641791044776117,2.925373134328358,2.029850746268657,0.7761194029850746,0.3582089552238806,1.0149253731343284,1.9104477611940298
"Dereck Lively II","DAL",36,833,5,12.588235294117647,2.411764705882353,2.588235294117647,1.4705882352941178,0.6470588235294118,0.29411764705882354,0.17647058823529413,2.411764705882353
"Garrison Mathews","ATL",47,830,3.382187147688839,7.7790304396843295,2.367531003382187,1.0146561443066517,1.3528748590755355,1.0146561443066517,0,0.3382187147688839,0.6764374295377678
"Cam Whitmore","HOU",51,827,2.8857479387514724,7.302709069493522,1.3545347467608952,1.5312131919905771,0.5889281507656066,0.4711425206124853,0.2944640753828033,0.4711425206124853,1.0600706713780919
"Ryan Rollins","MIL",56,820,6.132075471698113,14.445754716981131,3.9504716981132075,2.181603773584906,1.8867924528301887,1.2971698113207548,0.7665094339622641,0.7075471698113207,1.474056603773585
"Marcus Sasser","DET",57,811,7.9688436189334935,19.592570401437985,4.313960455362492,3.6548831635710006,2.156980227681246,1.8573996405032953,0.2995805871779509,0.8987417615338527,2.756141402037148
"Steven Adams","HOU",57,795,4.109589041095891,9.58904109589041,2.73972602739726,1.36986301369863,1.5566625155666252,0.7471980074719801,0.43586550435865506,0.31133250311332505,1.0585305105853051
"Aaron Holiday","HOU",62,792,5.051734631771151,12.35544735240414,2.799756542909312,2.251978088861838,1.5216068167985393,1.0346926354230066,0.24345709068776628,0.36518563603164944,1.8867924528301887
"Karlo Matković","NOP",42,791,2.808302808302808,6.7765567765567765,1.6483516483516483,1.15995115995116,0.6715506715506715,0.8547008547008547,0.1221001221001221,0.2442002442002442,0.9157509157509157
"Caleb Houstan","ORL",58,788,2.260981912144703,5.813953488372093,0.9689922480620154,1.2919896640826873,0.5167958656330749,0.25839793281653745,0.1937984496124031,0.9689922480620154,0.32299741602067183
"Vasilije Micić","PHX",41,785,8.226221079691516,18.958868894601544,5.719794344473008,2.506426735218509,3.6632390745501286,1.6066838046272494,0.4498714652956298,0.9640102827763496,1.5424164524421593
"Jaylin Williams","OKC",47,784,7.326007326007326,17.94871794871795,4.029304029304029,3.2967032967032965,2.625152625152625,0.6715506715506715,0.7326007326007326,0.8547008547008547,2.442002442002442
"Pelle Larsson","MIA",55,782,4.198966408268734,10.594315245478036,2.0025839793281652,2.1963824289405687,1.1627906976744187,0.7751937984496124,0.06459948320413436,1.0335917312661498,1.1627906976744187
"Cam Thomas","BKN",25,781,6.184895833333333,14.778645833333334,3.7760416666666665,2.4088541666666665,2.9296875,0.78125,0.06510416666666667,1.0416666666666667,1.3671875
"Lindy Waters III","DET",52,777,3.3205619412515963,8.237547892720306,1.7241379310344827,1.5964240102171137,1.2132822477650065,0.31928480204342274,0.19157088122605365,0.70242656449553,0.8939974457215837
"Lonzo Ball","CHI",35,777,6.919374247894104,16.90734055354994,3.8507821901323704,3.068592057761733,2.3465703971119134,1.263537906137184,0.24067388688327315,1.3237063778580025,1.7448856799037304
"Orlando Robinson","TOR",44,770,4.8185231539424285,11.889862327909887,2.565707133917397,2.252816020025031,1.5644555694618272,0.9386733416770964,0.0625782227784731,0.5006257822277848,1.7521902377972465
"Eric Gordon","PHI",39,768,4.180064308681672,10.160771704180064,2.379421221864952,1.8006430868167203,1.8006430868167203,0.45016077170418006,0.12861736334405144,0.707395498392283,1.0932475884244373
"Gui Santos","GSW",56,762,5.188067444876784,12.84046692607004,2.7237354085603114,2.4643320363164722,1.297016861219196,1.1673151750972763,0.2594033722438392,0.8430609597924773,1.6212710765239948
"Landry Shamet","NYK",50,762,1.7601043024771839,4.106910039113429,1.1734028683181226,0.5867014341590613,0.5867014341590613,0.45632333767926986,0.1303780964797914,0.1303780964797914,0.45632333767926986
"Svi Mykhailiuk","UTA",38,760,4.822335025380711,11.611675126903553,2.8553299492385786,1.967005076142132,1.4593908629441625,1.2055837563451777,0.19035532994923857,0.8248730964467005,1.1421319796954315
"Andre Drummond","PHI",40,751,2.2818791946308723,5.369127516778524,1.476510067114094,0.8053691275167785,0.87248322147651,0.40268456375838924,0.20134228187919462,0.33557046979865773,0.4697986577181208
"Jabari Walker","POR",60,749,2.4005053695514844,5.685407454200885,1.5161086544535691,0.8843967150979154,1.137081490840177,0.3158559696778269,0.06317119393556538,0.06317119393556538,0.8212255211623499
"Jay Huff","MEM",64,748,2.3442319555829734,5.798889574336829,1.2338062924120914,1.1104256631708822,0.8019740900678594,0.24676125848241826,0.1850709438618137,0.24676125848241826,0.863664404688464
"Drew Eubanks","LAC",61,746,3.488372093023256,8.720930232558139,1.744186046511628,1.744186046511628,0.6459948320413437,0.6459948320413437,0.45219638242894056,0.32299741602067183,1.421188630490956
"Talen Horton-Tucker","CHI",58,724,5.347938144329897,13.27319587628866,2.770618556701031,2.577319587628866,1.675257731958763,0.9664948453608248,0.12886597938144329,0.9664948453608248,1.6108247422680413
"Gary Harris","ORL",48,711,2.097902097902098,5.314685314685315,0.9790209790209791,1.118881118881119,0.7692307692307693,0.2097902097902098,0,0.06993006993006994,1.048951048951049
"Micah Potter","UTA",38,705,2.1232876712328768,5.342465753424658,1.0273972602739727,1.095890410958904,0.410958904109589,0.4794520547945205,0.136986301369863,0.2054794520547945,0.8904109589041096
"Jett Howard","ORL",60,701,3.0985915492957745,7.535211267605634,1.7605633802816902,1.3380281690140845,1.1971830985915493,0.5633802816901409,0,0.49295774647887325,0.8450704225352113
"DeAndre Jordan","DEN",56,691,3.8020086083213775,8.464849354375897,2.9411764705882355,0.860832137733142,1.2195121951219512,1.5781922525107603,0.14347202295552366,0.07173601147776183,0.7890961262553802
"Quinten Post","GSW",42,686,4.031677465802736,10.295176385889128,1.7998560115190785,2.2318214542836574,0.7919366450683946,0.7199424046076314,0.28797696184305255,0.4319654427645788,1.7998560115190785
"Blake Wesley","SAS",58,683,8.09084457061746,19.94322214336409,4.32931156848829,3.7615330021291697,3.5486160397444997,0.7097232079489,0.07097232079488999,1.0645848119233499,2.69694819020582
"Sandro Mamukelashvili","SAS",61,681,3.404255319148936,8.439716312056738,1.7730496453900708,1.6312056737588652,1.1347517730496455,0.5673758865248227,0.07092198581560284,0.14184397163120568,1.4893617021276595
"Marcus Smart","WAS",34,680,7.435197817189632,17.871759890859483,4.433833560709413,3.001364256480218,2.8649386084583903,1.364256480218281,0.20463847203274216,1.296043656207367,1.7053206002728514
"Jalen Pickett","DEN",49,666,7.961309523809524,18.75,5.133928571428571,2.8273809523809526,2.8273809523809526,1.8601190476190477,0.44642857142857145,0.7440476190476191,2.0833333333333335
"Tosan Evbuomwan","BKN",28,665,4.185692541856925,10.426179604261796,2.13089802130898,2.0547945205479454,1.5220700152207,0.532724505327245,0.076103500761035,0.30441400304414,1.7503805175038052
"Antonio Reeves","NOP",44,660,2.846715328467153,7.007299270072993,1.532846715328467,1.313868613138686,0.948905109489051,0.36496350364963503,0.21897810218978103,0.7299270072992701,0.583941605839416
"Kyle Lowry","PHI",35,659,7.2507552870090635,17.522658610271904,4.229607250755287,3.0211480362537766,3.3987915407854983,0.5287009063444109,0.3021148036253776,1.0574018126888218,1.9637462235649548
"Reed Sheppard","HOU",52,653,5.387931034482759,13.218390804597702,2.9454022988505746,2.442528735632184,2.0833333333333335,0.7183908045977011,0.14367816091954022,1.0775862068965518,1.3649425287356323
"Herbert Jones","NOP",20,648,4.876219054763691,11.702925731432858,2.9257314328582145,1.9504876219054763,1.7254313578394598,0.9752438109527382,0.2250562640660165,0.5251312828207052,1.4253563390847712
"AJ Johnson","WAS",29,638,5.788271134805789,14.47067783701447,2.8941355674028943,2.8941355674028943,1.827875095201828,0.8377760853008378,0.2284843869002285,0.7616146230007617,2.1325209444021325
"Maxi Kleber","DAL",34,637,3.3000767459708364,8.365310821181888,1.5349194167306217,1.765157329240215,1.0744435917114352,0.3069838833461243,0.15349194167306215,0.4604758250191865,1.3046815042210285
"Delon Wright","NYK",40,634,6.015625,15.234375,2.8125,3.203125,1.015625,0.9375,0.859375,1.25,1.953125
"Jericho Sims","MIL",53,631,2.6232114467408585,6.677265500794912,1.192368839427663,1.4308426073131955,0.1589825119236884,0.7154213036565977,0.3179650238473768,0.397456279809221,1.0333863275039745
"Josh Okogie","CHA",40,625,2.6634382566585955,6.618240516545601,1.3720742534301857,1.29136400322841,0.9685230024213075,0.3228410008071025,0.08071025020177562,0.7263922518159807,0.5649717514124294
"Daniel Theis","NOP",38,621,4.643962848297214,11.06811145510836,2.863777089783282,1.7801857585139318,1.5479876160990713,0.541795665634675,0.7739938080495357,0.15479876160990713,1.6253869969040247
"Jeff Dowtin Jr.","PHI",41,621,6.225059856344773,15.64245810055866,3.0327214684756583,3.192338387869114,1.9154030327214684,0.8778930566640064,0.23942537909018355,0.6384676775738228,2.5538707102952913
"Cory Joseph","ORL",50,612,5.858421480878763,14.890154597233524,2.6851098454027666,3.1733116354759967,1.4646053702196908,0.8136696501220505,0.40683482506102525,0.9764035801464606,2.196908055329536
"Kessler Edwards","DAL",40,608,3.330689928628073,8.485329103885805,1.506740681998414,1.823949246629659,0.63441712926249,0.7137192704203014,0.1586042823156225,0.5551149881046789,1.26883425852498
"Zeke Nnaji","DEN",57,608,1.8488745980707395,4.501607717041801,1.045016077170418,0.8038585209003215,0.40192926045016075,0.3215434083601286,0.3215434083601286,0,0.8038585209003215
"Pat Connaughton","MIL",41,603,5.737704918032787,14.01639344262295,3.19672131147541,2.540983606557377,2.2131147540983607,0.6557377049180327,0.32786885245901637,0.9016393442622951,1.639344262295082
"Ajay Mitchell","OKC",36,597,5.233033524121014,13.000817661488144,2.6982829108748976,2.534750613246116,1.4717906786590351,0.9811937857726901,0.24529844644317253,0.6541291905151267,1.8806214227309894
"Brandon Ingram","NOP",18,595,7.8085642317380355,18.807724601175483,4.617968094038623,3.190596137699412,3.1066330814441647,0.9235936188077246,0.5877413937867338,1.0915197313182199,2.0990764063811924
"Jared McCain","PHI",23,592,5.07185122569738,11.834319526627219,3.3812341504649197,1.6906170752324599,2.197802197802198,1.0143702451394758,0.16906170752324598,0.42265426880811496,1.267962806424345
"Cam Reddish","LAL",33,589,1.93929173693086,4.806070826306914,1.0118043844856661,0.927487352445194,0.927487352445194,0.08431703204047218,0,0.3372681281618887,0.5902192242833052
"Jae'Sean Tate","HOU",52,588,3.855619360131255,9.762100082034454,1.804757998359311,2.0508613617719442,1.3125512715340444,0.3281378178835111,0.16406890894175555,0.4922067268252666,1.5586546349466777
"Olivier-Maxence Prosper","DAL",52,584,3.2948929159802307,8.237232289950576,1.6474464579901154,1.6474464579901154,0.7413509060955519,0.4942339373970346,0.41186161449752884,0.7413509060955519,0.9060955518945635
"Jarred Vanderbilt","LAL",36,581,3.4716342082980525,8.467400508044031,1.947502116850127,1.5241320914479255,1.3547840812870449,0.3386960203217612,0.2540220152413209,0.6773920406435224,0.8467400508044031
"Joel Embiid","PHI",19,574,7.23404255319149,17.617021276595743,4.085106382978723,3.148936170212766,3.148936170212766,0.6808510638297872,0.2553191489361702,0.5957446808510638,2.5531914893617023
"Monté Morris","PHX",45,571,6.325823223570191,14.64471403812825,4.332755632582322,1.9930675909878683,1.8197573656845754,1.2998266897746966,1.2131715771230502,0.6932409012131716,1.2998266897746966
"Moritz Wagner","ORL",30,564,3.674540682414698,8.748906386701663,2.2747156605424323,1.3998250218722659,1.837270341207349,0.17497812773403323,0.26246719160104987,0.5249343832020997,0.8748906386701663
"Malcolm Brogdon","WAS",24,564,8.340425531914894,20.340425531914892,4.680851063829787,3.6595744680851063,2.8085106382978724,1.446808510638298,0.425531914893617,1.0212765957446808,2.6382978723404253
"John Konchar","MEM",46,558,3.526448362720403,8.480268681780016,2.0990764063811924,1.4273719563392107,1.0075566750629723,0.8396305625524769,0.2518891687657431,0.41981528127623846,1.0075566750629723
"Dillon Jones","OKC",54,552,5.0966608084358525,13.268892794376098,2.0210896309314585,3.0755711775043935,1.054481546572935,0.8787346221441125,0.08787346221441125,0.5272407732864675,2.5483304042179262
"Dwight Powell","DAL",55,551,4.820333041191937,11.042944785276074,3.4180543382997373,1.4022787028922,1.7528483786152498,1.1393514460999123,0.5258545135845749,0.175284837861525,1.2269938650306749
"Jordan Goodwin","LAL",29,543,3.860294117647059,9.466911764705882,2.113970588235294,1.7463235294117647,1.286764705882353,0.8272058823529411,0,0.36764705882352944,1.3786764705882353
"Richaun Holmes","WAS",31,534,3.832116788321168,9.58029197080292,1.916058394160584,1.916058394160584,0.8211678832116789,0.9124087591240876,0.18248175182481752,0.18248175182481752,1.7335766423357664
"Mouhamed Gueye","ATL",33,533,2.415026833631485,5.813953488372093,1.4311270125223614,0.9838998211091234,0.8944543828264758,0.5366726296958855,0,0.35778175313059035,0.6261180679785331
"Bismack Biyombo","SAS",28,528,2.8783658310120708,7.149489322191272,1.4856081708449396,1.392757660167131,0.18570102135561745,0.7428040854224698,0.5571030640668524,0.3714020427112349,1.021355617455896
"Jaylen Clark","MIN",40,522,2.411873840445269,5.658627087198516,1.5769944341372912,0.8348794063079777,1.5769944341372912,0,0,0.09276437847866419,0.7421150278293135
"Rob Dillingham","MIN",49,516,9.14179104477612,21.921641791044777,5.503731343283582,3.638059701492537,3.7313432835820897,1.3059701492537314,0.4664179104477612,0.746268656716418,2.8917910447761193
"Colby Jones","WAS",39,515,4.2105263157894735,9.952153110047847,2.6794258373205744,1.5311004784688995,2.0095693779904304,0.4784688995215311,0.19138755980861244,0.09569377990430622,1.4354066985645932
"Craig Porter Jr.","CLE",51,513,6.691800188501413,16.305372290292176,3.770028275212064,2.9217719132893496,2.167766258246937,1.5080113100848256,0.0942507068803016,0.942507068803016,1.9792648444863337
"Tristan Vukcevic","WAS",35,513,3.627906976744186,8.372093023255815,2.511627906976744,1.1162790697674418,1.5813953488372092,0.5581395348837209,0.37209302325581395,0.18604651162790697,0.9302325581395349
"Elfrid Payton","NOP",24,511,15.824594852240228,36.70162059103909,10.772163965681601,5.052430886558628,7.0543374642516685,3.0505243088655862,0.667302192564347,1.6205910390848428,3.4318398474737846
"Jamal Cain","NOP",37,502,2.1235521235521237,5.308880308880309,1.0617760617760619,1.0617760617760619,0.4826254826254826,0.4826254826254826,0.09652509652509653,0.3861003861003861,0.6756756756756757
"Keaton Wallace","ATL",31,501,7.773512476007678,19.769673704414586,3.5508637236084453,4.222648752399232,1.727447216890595,1.727447216890595,0.09596928982725528,0.9596928982725528,3.2629558541266794
"Jock Landale","HOU",42,500,3.490566037735849,8.679245283018869,1.7924528301886793,1.6981132075471699,1.509433962264151,0.18867924528301888,0.09433962264150944,0.37735849056603776,1.320754716981132
"Wendell Moore Jr.","CHA",36,499,4.093567251461988,10.331384015594542,1.949317738791423,2.1442495126705654,1.1695906432748537,0.682261208576998,0.09746588693957114,0.4873294346978557,1.6569200779727096
"Vince Williams Jr.","MEM",27,499,5.218216318785578,12.428842504743834,3.225806451612903,1.9924098671726755,1.2333965844402277,1.8975332068311195,0.09487666034155598,0.8538899430740038,1.1385199240986716
"Brandon Williams","DAL",33,487,7.321772639691715,17.24470134874759,4.720616570327553,2.601156069364162,2.4084778420038537,1.7341040462427746,0.5780346820809249,1.348747591522158,1.252408477842004
"A.J. Lawson","TOR",26,486,3.000968054211036,7.260406582768635,1.7424975798644724,1.2584704743465633,0.968054211035818,0.6776379477250726,0.0968054211035818,0.2904162633107454,0.968054211035818
"Grant Williams","CHA",16,479,3.7948717948717947,10.051282051282051,1.3333333333333333,2.4615384615384617,0.8205128205128205,0.3076923076923077,0.20512820512820512,0.9230769230769231,1.5384615384615385
"Lonnie Walker IV","PHI",20,477,5.091649694501018,12.016293279022403,3.258655804480652,1.8329938900203666,2.3421588594704685,0.814663951120163,0.10183299389002037,0.10183299389002037,1.7311608961303462
"Duop Reath","POR",46,469,2.6422764227642275,6.199186991869919,1.7276422764227641,0.9146341463414634,1.2195121951219512,0.508130081300813,0,0,0.9146341463414634
"Reece Beekman","BKN",36,469,6.702127659574468,16.70212765957447,3.404255319148936,3.297872340425532,2.127659574468085,1.0638297872340425,0.2127659574468085,0.9574468085106383,2.3404255319148937
"Kai Jones","DAL",40,468,2.6343519494204424,6.111696522655427,1.791359325605901,0.8429926238145417,0.9483667017913593,0.7376185458377239,0.1053740779768177,0.1053740779768177,0.7376185458377239
"Larry Nance Jr.","ATL",24,463,3.873598369011213,9.683995922528032,1.9367991845056065,1.9367991845056065,1.019367991845056,0.9174311926605505,0,0.8154943934760448,1.1213047910295617
"Collin Gillespie","PHX",33,461,8.450704225352112,20.151679306608884,5.200433369447454,3.2502708559046587,1.6251354279523293,2.4918743228602382,1.0834236186348862,1.191765980498375,2.058504875406284
"Rayan Rupert","POR",52,460,2.5380710659898478,6.091370558375634,1.5228426395939085,1.015228426395939,1.218274111675127,0.20304568527918782,0.10152284263959391,0.20304568527918782,0.8121827411167513
"GG Jackson","MEM",29,459,3.039832285115304,7.4423480083857445,1.6771488469601676,1.3626834381551363,0.7337526205450734,0.8385744234800838,0.10482180293501048,0.31446540880503143,1.0482180293501049
"Jaylon Tyson","CLE",47,453,4.675876726886291,11.370882040382572,2.656748140276302,2.0191285866099893,2.0191285866099893,0.6376195536663124,0,0.8501594048884166,1.1689691817215728
"Bol Bol","PHX",36,448,2.3529411764705883,5.775401069518717,1.2834224598930482,1.0695187165775402,0.32085561497326204,0.6417112299465241,0.32085561497326204,0.10695187165775401,0.9625668449197861
"Paul Reed","DET",45,436,4.8834628190899005,11.320754716981131,3.329633740288568,1.5538290788013318,1.3318534961154274,1.4428412874583796,0.5549389567147613,0.22197558268590456,1.3318534961154274
"Colin Castleton","TOR",26,432,3.1284916201117317,8.044692737430168,1.3407821229050279,1.7877094972067038,0.44692737430167595,0.6703910614525139,0.22346368715083798,0.33519553072625696,1.452513966480447
"Trevelin Queen","ORL",31,430,4.377880184331797,10.599078341013826,2.5345622119815667,1.8433179723502304,1.152073732718894,0.9216589861751152,0.4608294930875576,0.3456221198156682,1.4976958525345623
"Malaki Branham","SAS",47,427,4.264870931537598,10.1010101010101,2.6936026936026938,1.5712682379349046,1.9079685746352413,0.6734006734006734,0.1122334455667789,0.5611672278338945,1.0101010101010102
"Jordan Miller","LAC",37,420,3.9859320046893316,9.495896834701055,2.4618991793669402,1.5240328253223916,1.64126611957796,0.5861664712778429,0.23446658851113716,0.5861664712778429,0.9378663540445487
"Mo Bamba","NOP",32,413,2.2058823529411766,5.392156862745098,1.2254901960784315,0.9803921568627451,0.8578431372549019,0.36764705882352944,0,0.36764705882352944,0.6127450980392157
"David Roddy","HOU",33,410,4.027617951668584,9.551208285385501,2.5316455696202533,1.4959723820483315,1.7261219792865363,0.5753739930955121,0.23014959723820483,0.5753739930955121,0.9205983889528193
"Taj Gibson","CHA",37,409,2.5609756097560976,6.341463414634147,1.3414634146341464,1.2195121951219512,0.4878048780487805,0.4878048780487805,0.36585365853658536,0.4878048780487805,0.7317073170731707
"Ousmane Dieng","OKC",37,405,3.6643026004728134,9.101654846335697,1.8912529550827424,1.7730496453900708,1.5366430260047281,0.2364066193853428,0.1182033096926714,0.4728132387706856,1.3002364066193854
"Jordan Walsh","BOS",52,403,2.3720349563046192,6.242197253433209,0.8739076154806492,1.4981273408239701,0.7490636704119851,0,0.12484394506866417,0.12484394506866417,1.373283395755306
"Hunter Tyson","DEN",51,400,2.3923444976076556,5.861244019138756,1.3157894736842106,1.076555023923445,0.9569377990430622,0.3588516746411483,0,0.3588516746411483,0.7177033492822966
"Anthony Gill","WAS",51,397,1.9607843137254901,4.6568627450980395,1.2254901960784315,0.7352941176470589,0.8578431372549019,0.36764705882352944,0,0.12254901960784313,0.6127450980392157
"Jeff Green","HOU",32,396,2.4630541871921183,6.157635467980295,1.2315270935960592,1.2315270935960592,0.3694581280788177,0.6157635467980296,0.24630541871921183,0.3694581280788177,0.8620689655172413
"Devin Carter","SAC",36,396,5.118601747815231,12.60923845193508,2.746566791510612,2.3720349563046192,0.8739076154806492,1.373283395755306,0.4993757802746567,0.24968789013732834,2.1223470661672907
"Trey Jemison III","LAL",38,392,2.0460358056265986,4.987212276214834,1.1508951406649617,0.8951406649616368,0.7672634271099744,0.3836317135549872,0,0.3836317135549872,0.5115089514066496
"Reggie Jackson","PHI",31,384,5.913272010512483,14.586070959264125,3.1537450722733245,2.759526938239159,2.102496714848883,0.7884362680683311,0.2628120893561104,1.0512483574244416,1.7082785808147174
"Baylor Scheierman","BOS",31,384,4.405874499332444,10.947930574098798,2.2696929238985315,2.1361815754339117,0.9345794392523364,1.0680907877169559,0.26702269692923897,0.40053404539385845,1.7356475300400533
"Quenton Jackson","IND",28,381,6.592039800995025,15.17412935323383,4.601990049751244,1.9900497512437811,3.482587064676617,0.746268656716418,0.373134328358209,0.373134328358209,1.6169154228855722
"Alex Len","LAL",46,380,4.947916666666667,12.630208333333334,2.2135416666666665,2.734375,0.6510416666666666,1.0416666666666667,0.5208333333333334,0.78125,1.953125
"Johnny Furphy","IND",50,379,2.3227383863080684,5.378973105134475,1.5892420537897312,0.7334963325183375,1.2224938875305624,0.12224938875305623,0.24449877750611246,0.12224938875305623,0.6112469437652812
"Charles Bassey","SAS",36,376,2.125,4.875,1.5,0.625,0.75,0.375,0.375,0.375,0.25
"Dominick Barlow","ATL",35,375,2.386934673366834,5.778894472361809,1.3819095477386936,1.0050251256281406,0.3768844221105528,0.8793969849246231,0.12562814070351758,0.3768844221105528,0.628140703517588
"Danté Exum","DAL",20,372,7.282184655396619,17.425227568270483,4.421326397919376,2.860858257477243,2.600780234070221,1.3003901170351104,0.5201560468140443,1.0403120936280885,1.8205461638491547
"Damion Baugh","CHA",15,370,7.4766355140186915,17.890520694259013,4.539385847797063,2.937249666221629,3.2042723631508676,1.2016021361815754,0.13351134846461948,1.4686248331108145,1.4686248331108145
"Jaden Springer","UTA",43,365,4.353562005277045,10.026385224274406,3.034300791556728,1.3192612137203166,1.5831134564643798,1.4511873350923483,0,0.13192612137203166,1.187335092348285
"Robert Williams III","POR",20,351,2.9329608938547485,7.262569832402234,1.5363128491620113,1.3966480446927374,1.1173184357541899,0,0.41899441340782123,0.27932960893854747,1.1173184357541899
"Doug McDermott","SAC",42,342,1.0014306151645207,2.1459227467811157,0.8583690987124464,0.1430615164520744,0.1430615164520744,0.4291845493562232,0.2861230329041488,0,0.1430615164520744
"Christian Koloko","LAL",37,342,2.292263610315186,5.587392550143266,1.2893982808022924,1.002865329512894,0.8595988538681948,0.28653295128939826,0.14326647564469913,0.28653295128939826,0.7163323782234957
"Terrence Shannon Jr.","MIN",32,339,4.488078541374474,10.799438990182328,2.664796633941094,1.8232819074333801,2.244039270687237,0.42075736325385693,0,0.42075736325385693,1.402524544179523
"Keion Brooks Jr.","NOP",14,332,1.8895348837209303,4.505813953488372,1.1627906976744187,0.7267441860465116,0.436046511627907,0.7267441860465116,0,0.29069767441860467,0.436046511627907
"Tristan Thompson","CLE",40,328,3.5555555555555554,9.037037037037036,1.6296296296296295,1.9259259259259258,0.7407407407407407,0.8888888888888888,0,0.2962962962962963,1.6296296296296295
"Maxwell Lewis","BKN",28,328,2.8875379939209727,8.054711246200608,0.60790273556231,2.2796352583586628,0.60790273556231,0,0,0.9118541033434651,1.3677811550151975
"Patty Mills","LAC",29,321,3.863298662704309,9.50965824665676,2.0802377414561666,1.7830609212481427,1.188707280832095,0.7429420505200595,0.1485884101040119,0.1485884101040119,1.6344725111441307
"Jevon Carter","CHI",36,321,5.673758865248227,13.191489361702128,3.8297872340425534,1.8439716312056738,2.4113475177304964,1.1347517730496455,0.28368794326241137,0.5673758865248227,1.2765957446808511
"Tre Mann","CHA",13,319,6.161137440758294,16.113744075829384,2.3696682464454977,3.7914691943127963,1.7377567140600316,0.631911532385466,0,0.9478672985781991,2.843601895734597
"Jalen Hood-Schifino","PHI",15,315,5.674846625766871,13.496932515337424,3.5276073619631902,2.147239263803681,2.607361963190184,0.7668711656441718,0.15337423312883436,0.9202453987730062,1.2269938650306749
"Jordan McLaughlin","SAS",46,314,8.018867924528301,19.81132075471698,4.245283018867925,3.7735849056603774,2.358490566037736,1.5723270440251573,0.31446540880503143,1.4150943396226414,2.358490566037736
"Torrey Craig","BOS",26,314,2.75974025974026,7.142857142857143,1.1363636363636365,1.6233766233766234,0.974025974025974,0.16233766233766234,0,0.3246753246753247,1.2987012987012987
"Matisse Thybulle","POR",15,312,4.314329738058552,10.631741140215716,2.3112480739599386,2.0030816640986133,1.386748844375963,0.9244992295839753,0,0.4622496147919877,1.5408320493066257
"Isaac Jones","SAC",40,304,1.8957345971563981,4.897314375987362,0.7898894154818326,1.1058451816745656,0,0.631911532385466,0.1579778830963665,0,1.1058451816745656
"Tyler Kolek","NYK",41,296,11.21951219512195,28.29268292682927,5.365853658536586,5.853658536585366,3.5772357723577235,1.6260162601626016,0.16260162601626016,2.113821138211382,3.7398373983739837
"Mitchell Robinson","NYK",17,290,2.3465703971119134,5.776173285198556,1.263537906137184,1.0830324909747293,0.7220216606498195,0.18050541516245489,0.36101083032490977,0.36101083032490977,0.7220216606498195
"Josh Minott","MIN",46,276,3.076923076923077,7.6923076923076925,1.5384615384615385,1.5384615384615385,1.3675213675213675,0.17094017094017094,0,0.17094017094017094,1.3675213675213675
"Kobe Brown","LAC",40,272,4.37956204379562,9.854014598540147,3.2846715328467155,1.094890510948905,2.372262773722628,0.7299270072992701,0.18248175182481752,0.18248175182481752,0.9124087591240876
"Dru Smith","MIA",14,268,4.166666666666667,10.507246376811594,1.9927536231884058,2.1739130434782608,1.6304347826086956,0.36231884057971014,0,0.9057971014492754,1.2681159420289856
"Isaiah Wong","CHA",20,265,5.273069679849341,12.8060263653484,3.0131826741996233,2.2598870056497176,1.5065913370998116,0.9416195856873822,0.5649717514124294,0.5649717514124294,1.694915254237288
"Marvin Bagley III","MEM",31,265,1.9677996422182469,4.83005366726297,1.073345259391771,0.8944543828264758,0.7155635062611807,0.17889087656529518,0.17889087656529518,0.17889087656529518,0.7155635062611807
"Oscar Tshiebwe","UTA",14,255,1.7307692307692308,4.423076923076923,0.7692307692307693,0.9615384615384616,0.19230769230769232,0.19230769230769232,0.38461538461538464,0.38461538461538464,0.5769230769230769
"Drew Timme","BKN",9,254,3.8461538461538463,10,1.5384615384615385,2.3076923076923075,1.5384615384615385,0,0,0.19230769230769232,2.1153846153846154
"Marcus Bagley","PHI",10,253,1.8975332068311195,4.364326375711575,1.3282732447817838,0.5692599620493358,0.5692599620493358,0.7590132827324478,0,0,0.5692599620493358
"Cam Spencer","MEM",25,252,6.4393939393939394,15.530303030303031,3.787878787878788,2.6515151515151514,2.0833333333333335,1.5151515151515151,0.1893939393939394,0.946969696969697,1.7045454545454546
"Kevin Love","MIA",23,251,4.198473282442748,9.351145038167939,3.2442748091603053,0.9541984732824428,2.2900763358778624,0.7633587786259542,0.19083969465648856,0.3816793893129771,0.5725190839694656
"Pat Spencer","GSW",39,250,9.284332688588007,21.8568665377176,5.996131528046422,3.288201160541586,3.288201160541586,2.514506769825919,0.19342359767891681,1.1605415860735009,2.127659574468085
"JT Thor","WAS",20,249,1.1811023622047243,3.3464566929133857,0.1968503937007874,0.984251968503937,0,0.1968503937007874,0,0,0.984251968503937
"Branden Carlson","OKC",32,246,2.6923076923076925,6.923076923076923,1.1538461538461537,1.5384615384615385,0.7692307692307693,0.38461538461538464,0,0,1.5384615384615385
"Dariq Whitehead","BKN",20,246,2.3483365949119372,5.675146771037182,1.36986301369863,0.9784735812133072,1.1741682974559686,0.19569471624266144,0,0.5870841487279843,0.3913894324853229
"Johnny Davis","WAS",34,242,2.127659574468085,5.222437137330754,1.1605415860735009,0.9671179883945842,0.7736943907156673,0.19342359767891681,0.19342359767891681,0.19342359767891681,0.7736943907156673
"Bones Hyland","MIN",24,239,6.584362139917696,15.637860082304528,4.11522633744856,2.4691358024691357,2.05761316872428,1.646090534979424,0.411522633744856,1.02880658436214,1.440329218106996
"Jaylen Martin","WAS",16,239,3.4552845528455283,8.536585365853659,1.829268292682927,1.6260162601626016,0.6097560975609756,1.016260162601626,0.2032520325203252,0.4065040650406504,1.2195121951219512
"Xavier Tillman","BOS",33,231,1.5350877192982457,4.385964912280702,0.21929824561403508,1.3157894736842106,0.21929824561403508,0,0,0.43859649122807015,0.8771929824561403
"Garrett Temple","TOR",28,227,6.326530612244898,15.510204081632653,3.4693877551020407,2.857142857142857,1.836734693877551,1.4285714285714286,0.20408163265306123,1.0204081632653061,1.836734693877551
"Jared Rhoden","TOR",14,226,3.3402922755741127,8.559498956158665,1.4613778705636744,1.8789144050104385,1.0438413361169103,0.4175365344467641,0,0.6263048016701461,1.2526096033402923
"Luka Garza","MIN",38,219,2.345415778251599,5.970149253731344,1.0660980810234542,1.279317697228145,0.21321961620469082,0.42643923240938164,0.42643923240938164,0.42643923240938164,0.8528784648187633
"Ariel Hukporti","NYK",25,217,2.460850111856823,6.040268456375839,1.342281879194631,1.1185682326621924,0.6711409395973155,0.44742729306487694,0.22371364653243847,0.22371364653243847,0.8948545861297539
"Alex Reese","PHI",15,216,0.87527352297593,1.9693654266958425,0.6564551422319475,0.2188183807439825,0.437636761487965,0,0.2188183807439825,0,0.2188183807439825
"Dario Šarić","DEN",16,210,5.411764705882353,13.411764705882353,2.823529411764706,2.588235294117647,2.1176470588235294,0.7058823529411765,0,0.7058823529411765,1.8823529411764706
"Adam Flagler","OKC",37,203,2.8708133971291865,7.894736842105263,0.7177033492822966,2.15311004784689,0.4784688995215311,0,0.23923444976076555,0.4784688995215311,1.674641148325359
"Chuma Okeke","CLE",9,197,3.787878787878788,9.343434343434344,2.0202020202020203,1.7676767676767677,1.7676767676767677,0,0.25252525252525254,0.25252525252525254,1.5151515151515151
"Drew Peterson","BOS",25,186,3.4946236559139785,8.333333333333334,2.150537634408602,1.3440860215053763,1.881720430107527,0.26881720430107525,0,0,1.3440860215053763
"Markelle Fultz","SAC",21,184,7.277628032345014,18.867924528301888,2.964959568733154,4.3126684636118595,1.8867924528301887,1.0781671159029649,0,1.3477088948787062,2.964959568733154
"Lester Quinones","NOP",13,183,6.015037593984962,13.533834586466165,4.511278195488722,1.5037593984962405,2.756892230576441,1.5037593984962405,0.2506265664160401,0.7518796992481203,0.7518796992481203
"Bronny James","LAL",27,181,6.077348066298343,13.535911602209945,4.696132596685083,1.3812154696132597,3.314917127071823,1.1049723756906078,0.27624309392265195,0.5524861878453039,0.8287292817679558
"Enrique Freeman","IND",22,181,2.284263959390863,5.583756345177665,1.2690355329949239,1.015228426395939,0.5076142131979695,0.5076142131979695,0.25380710659898476,0.5076142131979695,0.5076142131979695
"Cole Swider","TOR",10,170,0.8130081300813008,1.897018970189702,0.5420054200542005,0.27100271002710025,0.27100271002710025,0.27100271002710025,0,0,0.27100271002710025
"Jaylen Nowell","NOP",8,168,5.454545454545454,12.424242424242424,3.9393939393939394,1.5151515151515151,3.3333333333333335,0.6060606060606061,0,0.9090909090909091,0.6060606060606061
"Markieff Morris","LAL",15,164,6.1946902654867255,15.044247787610619,3.5398230088495577,2.6548672566371683,2.0648967551622417,1.4749262536873156,0,0.8849557522123894,1.7699115044247788
"Killian Hayes","BKN",6,162,9.281437125748504,22.45508982035928,5.389221556886228,3.8922155688622753,2.694610778443114,2.095808383233533,0.5988023952095808,1.7964071856287425,2.095808383233533
"MarJon Beauchamp","NYK",35,156,3.235294117647059,7.647058823529412,2.0588235294117645,1.1764705882352942,2.0588235294117645,0,0,0.29411764705882354,0.8823529411764706
"Lamar Stevens","MEM",17,155,2.5396825396825395,6.984126984126984,0.6349206349206349,1.9047619047619047,0.31746031746031744,0.31746031746031744,0,0.6349206349206349,1.2698412698412698
"Tyson Etienne","BKN",7,151,3.7267080745341614,10.248447204968944,0.9316770186335404,2.7950310559006213,0.3105590062111801,0.6211180124223602,0,0.6211180124223602,2.1739130434782608
"Josh Richardson","MIA",8,150,3.9344262295081966,9.836065573770492,1.9672131147540983,1.9672131147540983,1.639344262295082,0.32786885245901637,0,0,1.9672131147540983
"Nate Williams","HOU",20,147,2.7522935779816513,7.339449541284404,0.9174311926605505,1.834862385321101,0.6116207951070336,0.3058103975535168,0,0.6116207951070336,1.2232415902140672
"Bruno Fernando","TOR",17,147,6.101694915254237,13.559322033898304,4.745762711864407,1.3559322033898304,2.3728813559322033,2.0338983050847457,0.3389830508474576,0,1.3559322033898304
"Damion Lee","PHX",25,144,3.5031847133757963,7.961783439490445,2.5477707006369426,0.9554140127388535,1.2738853503184713,0.9554140127388535,0.3184713375796178,0.3184713375796178,0.6369426751592356
"Oshae Brissett","PHI",6,142,1.3605442176870748,3.741496598639456,0.3401360544217687,1.0204081632653061,0.3401360544217687,0,0,0,1.0204081632653061
"Pete Nance","MIL",13,138,3.676470588235294,8.823529411764707,2.2058823529411766,1.4705882352941178,1.4705882352941178,0.7352941176470589,0,0,1.4705882352941178
"Elijah Harkless","UTA",10,138,2.867383512544803,7.885304659498208,0.7168458781362007,2.150537634408602,0.7168458781362007,0,0,0.7168458781362007,1.4336917562724014
"Vlatko Čančar","DEN",13,136,3.1690140845070425,7.746478873239437,1.7605633802816902,1.408450704225352,0.704225352112676,1.056338028169014,0,0,1.408450704225352
"Kylor Kelley","NOP",11,126,1.8726591760299625,4.119850187265918,1.4981273408239701,0.37453183520599254,0.7490636704119851,0.7490636704119851,0,0,0.37453183520599254
"Alex Ducas","OKC",21,125,1.8867924528301887,5.283018867924528,0.37735849056603776,1.509433962264151,0.37735849056603776,0,0,0,1.509433962264151
"Spencer Jones","DEN",20,125,1.9083969465648856,4.961832061068702,0.7633587786259542,1.1450381679389312,0.7633587786259542,0,0,0.7633587786259542,0.3816793893129771
"Kobe Bufkin","ATL",10,124,6.4638783269961975,14.068441064638783,5.32319391634981,1.1406844106463878,3.4220532319391634,1.520912547528517,0.38022813688212925,0.38022813688212925,0.7604562737642585
"Tyler Smith","MIL",23,122,1.5625,3.515625,1.171875,0.390625,0.78125,0.390625,0,0.390625,0
"De'Anthony Melton","GSW",6,121,6.640625,14.84375,5.078125,1.5625,3.515625,1.5625,0,0.78125,0.78125
"Moses Brown","DAL",13,119,0.7782101167315175,1.9455252918287937,0.38910505836575876,0.38910505836575876,0,0.38910505836575876,0,0,0.38910505836575876
"TyTy Washington Jr.","PHX",16,118,6.694560669456067,15.06276150627615,5.02092050209205,1.6736401673640167,2.510460251046025,2.092050209205021,0.41841004184100417,1.2552301255230125,0.41841004184100417
"Trey Alexander","DEN",23,116,4.3478260869565215,11.462450592885375,1.5810276679841897,2.766798418972332,1.5810276679841897,0,0,0.3952569169960474,2.3715415019762847
"Sidy Cissoko","POR",22,114,6.0728744939271255,15.384615384615385,2.834008097165992,3.2388663967611335,2.42914979757085,0.4048582995951417,0,2.0242914979757085,1.214574898785425
"Joe Ingles","MIN",19,114,9.465020576131687,21.810699588477366,6.584362139917696,2.880658436213992,4.526748971193416,1.2345679012345678,0.823045267489712,1.2345679012345678,1.646090534979424
"Tony Bradley","IND",14,113,2.5,6.25,1.25,1.25,0.8333333333333334,0,0.4166666666666667,0,1.25
"Jaylen Sims","CHA",6,112,5.172413793103448,12.931034482758621,2.586206896551724,2.586206896551724,1.293103448275862,1.293103448275862,0,0,2.586206896551724
"Pacôme Dadiet","NYK",18,111,2.192982456140351,4.824561403508772,1.7543859649122806,0.43859649122807015,0.8771929824561403,0.43859649122807015,0.43859649122807015,0,0.43859649122807015
"Patrick Baldwin Jr.","LAC",24,107,1.3043478260869565,2.608695652173913,1.3043478260869565,0,0.8695652173913043,0.43478260869565216,0,0,0
"Chris Livingston","MIL",21,106,2.2222222222222223,4.888888888888889,1.7777777777777777,0.4444444444444444,0.8888888888888888,0.8888888888888888,0,0,0.4444444444444444
"Jae Crowder","SAC",9,103,2.912621359223301,6.310679611650485,2.4271844660194173,0.4854368932038835,1.941747572815534,0.4854368932038835,0,0.4854368932038835,0
"Justin Minaya","POR",19,101,3.240740740740741,6.944444444444445,2.7777777777777777,0.46296296296296297,1.3888888888888888,0.9259259259259259,0.46296296296296297,0.46296296296296297,0
"Keshad Johnson","MIA",16,98,1.8691588785046729,4.205607476635514,1.4018691588785046,0.4672897196261682,0.9345794392523364,0,0.4672897196261682,0,0.4672897196261682
"Yuki Kawamura","MEM",22,93,9.268292682926829,22.4390243902439,5.365853658536586,3.902439024390244,4.878048780487805,0.4878048780487805,0,0.4878048780487805,3.4146341463414633
"Luke Travers","CLE",12,88,4.324324324324325,10.81081081081081,2.1621621621621623,2.1621621621621623,1.0810810810810811,0.5405405405405406,0.5405405405405406,0.5405405405405406,1.6216216216216217
"Stanley Umude","MIL",22,86,2.0833333333333335,4.166666666666667,2.0833333333333335,0,0.5208333333333334,1.5625,0,0,0