"Name","TeamAbbreviation","GamesPlayed","Minutes","FTA","Technical Free Throw Trips","TwoPtShootingFoulsDrawn","2pt And 1 Free Throw Trips","ThreePtShootingFoulsDrawn","3pt And 1 Free Throw Trips","NonShootingFoulsDrawn","ShootingFoulsDrawnPct","TwoPtShootingFoulsDrawnPct","ThreePtShootingFoulsDrawnPct"
"Mikal Bridges","NYK",82,3036,1.9376026272577997,2,0.8374384236453202,0.22988505747126436,0.03284072249589491,0,0.180623973727422,0.04337152209492635,0.06737120211360634,0.004301075268817204
"Josh Hart","NYK",77,2897,3.537532355478861,0,1.7773943054357204,0.5004314063848145,0,0,0.24158757549611734,0.1221826809015421,0.17428087986463622,0
"Anthony Edwards","MIN",79,2871,8.54730311907634,16,3.8773048423229364,0.9650180940892642,0.13785972772703775,0.03446493193175944,0.551438910908151,0.13038612199216565,0.23195876288659795,0.009791921664626682
"Devin Booker","PHX",75,2795,8.532061473237944,22,3.1973149620208443,0.724253665430136,0.37095919448860626,0.08832361773538244,0.794912559618442,0.12706480304955528,0.17938553022794845,0.033628318584070796
"James Harden","LAC",79,2789,10.192205960148122,23,3.174043378592841,0.5995415270675366,1.0580144595309469,0.1939693175806736,0.6348086757185681,0.1610738255033557,0.23285899094437257,0.08368200836820083
"DeMar DeRozan","SAC",77,2768,7.80945634850363,23,3.754205772976802,0.9562599610412609,0.15937666017354346,0.03541703559412077,0.23021073136178502,0.1500339443312967,0.17520661157024794,0.034220532319391636
"Trae Young","ATL",76,2739,9.511698880976603,22,2.8314682943370633,0.6103763987792472,0.339097999321804,0.0169548999660902,1.5937605968124788,0.12254259501965924,0.1930635838150289,0.030257186081694403
"Tyler Herro","MIA",77,2725,5.970421763739274,27,2.1179477816322803,0.5112287748767573,0.4564542632828191,0.12780719371918933,0.3286470695636297,0.09446693657219973,0.1459119496855346,0.034934497816593885
"OG Anunoby","NYK",74,2706,4.17051116442148,1,2.1406163498800517,0.4797933198007012,0.018453589223103892,0,0.14762871378483114,0.10502692998204669,0.1776416539050536,0.0021691973969631237
"Jalen Green","HOU",82,2697,6.092475067996373,11,2.411604714415231,0.45330915684496825,0.3263825929283772,0.10879419764279238,0.3989120580235721,0.09698137443802184,0.1504524886877828,0.02674591381872214
"Christian Braun","DEN",79,2675,3.880326382592928,0,2.0489573889392565,0.5077062556663645,0,0,0.14505893019038985,0.12472406181015452,0.1656891495601173,0
"Bam Adebayo","MIA",78,2674,6.168647425014148,3,2.867383512544803,0.5847953216374269,0,0,0.5093378607809848,0.12317666126418152,0.15004935834155972,0
"Ivica Zubac","LAC",80,2624,4.442771084337349,0,2.3343373493975905,0.677710843373494,0,0,0.22590361445783133,0.1203883495145631,0.1203883495145631,0
"Jayson Tatum","BOS",72,2624,8.30188679245283,27,2.9245283018867925,0.6415094339622641,0.4339622641509434,0.05660377358490566,0.6981132075471698,0.1102803738317757,0.18065268065268064,0.029451137884872823
"Jaden McDaniels","MIN",82,2614,2.446950869814567,2,1.1661250238960046,0.3823360734085261,0.019116803670426306,0,0.21028484037468936,0.07077625570776255,0.10664335664335664,0.003289473684210526
"Keegan Murray","SAC",76,2610,1.35236664162284,0,0.7513148009015778,0.26296018031555224,0.037565740045078885,0,0,0.049528301886792456,0.10075566750629723,0.004434589800443459
"Zach LaVine","SAC",74,2603,5.278755325060196,13,2.5004630487127244,0.6297462493054269,0.05556584552694944,0,0.259307279125764,0.1039939713639789,0.1713197969543147,0.0055658627087198514
"Shai Gilgeous-Alexander","OKC",76,2598,12.295533909207867,35,4.943944127917662,1.1027384671935305,0.22054769343870612,0.01837897445322551,1.1762543650064325,0.14933333333333335,0.18811188811188811,0.024719101123595506
"Michael Porter Jr.","DEN",77,2593,3.6133358167256473,2,1.4341590612777053,0.2793816353138387,0.18625442354255914,0.05587632706276774,0.2793816353138387,0.07788719785138765,0.12399355877616747,0.020161290322580645
"Derrick White","BOS",76,2574,3.117134559535334,2,1.0454985479186834,0.1936108422071636,0.17424975798644723,0,0.3291384317521781,0.06225296442687747,0.17307692307692307,0.012857142857142857
"Dyson Daniels","ATL",76,2571,2.5598829767782045,0,1.2799414883891023,0.25598829767782044,0,0,0.10970927043335162,0.07157464212678936,0.09421265141318977,0
"Nikola Jokić","DEN",70,2571,8.36734693877551,10,3.116883116883117,1.0389610389610389,0.11131725417439703,0,1.3358070500927643,0.1174881836596894,0.1467248908296943,0.017857142857142856
"Austin Reaves","LAL",73,2550,7.0344032289064,19,2.6715356525081684,0.7303478762252547,0.2882952142994426,0.05765904285988853,0.6726888333653661,0.13391304347826086,0.22899505766062603,0.027624309392265192
"Toumani Camara","POR",78,2548,2.426810477657935,0,1.0978428351309708,0.211864406779661,0.01926040061633282,0.01926040061633282,0.211864406779661,0.07611548556430446,0.1417910447761194,0.002777777777777778
"Pascal Siakam","IND",78,2548,5.871139916126572,0,2.8783835303088066,0.7434235608082348,0.03812428516965307,0.019062142584826535,0.40030499428135724,0.11814671814671815,0.1556701030927835,0.006153846153846154
"Brook Lopez","MIL",80,2546,2.63811890651883,0,1.3955266679411202,0.4205696807493787,0,0,0.13381762569298414,0.08848484848484849,0.16150442477876106,0
"Karl-Anthony Towns","NYK",72,2517,8.008615625611906,13,4.268650871353045,1.253181907186215,0.019580967299784608,0,0.2153906402976307,0.15985401459854015,0.21144519883608148,0.0029498525073746312
"Bub Carrington","WAS",82,2458,1.6530532866588876,5,0.5639828860365617,0.1750291715285881,0.038895371450797356,0.019447685725398678,0.2528199144301828,0.04031209362808843,0.08033240997229917,0.004901960784313725
"Cade Cunningham","DET",70,2452,7.2492163009404385,24,3.154388714733542,0.7641065830721003,0.07836990595611286,0,0.5289968652037618,0.10423246999368288,0.13867355727820843,0.009478672985781991
"Tyrese Haliburton","IND",73,2451,4.36749950816447,26,1.5345268542199488,0.4131418453669093,0.07869368483179225,0.03934684241589612,0.5902026362384418,0.07699530516431925,0.15568862275449102,0.0070921985815602835
"Coby White","CHI",74,2450,5.855426282662598,15,2.365058172801831,0.6675567423230975,0.15258439824527942,0.038146099561319854,0.5912645432004577,0.10855263157894737,0.19808306709265175,0.013559322033898305
"LeBron James","LAL",70,2444,6.646586345381526,5,2.9919678714859437,0.6626506024096386,0.060240963855421686,0,0.5020080321285141,0.10943124550035997,0.1505050505050505,0.007518796992481203
"Domantas Sabonis","SAC",70,2429,5.805544395339494,0,2.6717557251908395,0.6830052229811169,0,0,0.5423865006026517,0.13407258064516128,0.1590909090909091,0
"Jamal Murray","DEN",67,2418,4.945717732207479,19,1.6485725774024929,0.3618817852834741,0.1407318053880177,0,0.6433453960595095,0.07466442953020135,0.10406091370558376,0.017326732673267328
"Alperen Sengun","HOU",76,2394,8.774087740877409,0,3.895038950389504,0.8610086100861009,0,0,0.9020090200902009,0.14717273431448488,0.1582014987510408,0
"Rudy Gobert","MIN",72,2388,5.720871751886001,0,2.703269069572506,0.5029337803855826,0,0,0.4191114836546521,0.2097560975609756,0.2097560975609756,0
"Dillon Brooks","HOU",75,2388,2.521703183133526,1,1.0541546093427037,0.24803637866887143,0.02066969822240595,0,0.3100454733360893,0.05561497326203209,0.10967741935483871,0.002127659574468085
"Tobias Harris","DET",73,2306,3.483735571878279,3,1.7418677859391396,0.4197271773347324,0.02098635886673662,0,0.14690451206715635,0.09666283084004602,0.13741721854304637,0.0037735849056603774
"Jalen Brunson","NYK",65,2301,9.686486486486487,20,3.545945945945946,0.9081081081081082,0.3027027027027027,0.08648648648648649,1.1891891891891893,0.13298271975957926,0.1772972972972973,0.03201970443349754
"Darius Garland","CLE",75,2301,5.316930775646372,10,2.1059216013344453,0.5004170141784821,0.12510425354462051,0.020850708924103418,0.5421184320266889,0.08446215139442231,0.13988919667590027,0.009380863039399626
"Jarrett Allen","CLE",82,2296,5.822997687618247,0,2.6487281900357367,0.588606264452386,0,0,0.567584612150515,0.17073170731707318,0.17189631650750342,0
"Chris Paul","SAS",82,2292,1.9487396737979241,25,0.16945562380851514,0.021181952976064393,0.12709171785638637,0.042363905952128786,0.44482101249735223,0.02356902356902357,0.0365296803652968,0.016
"Anfernee Simons","POR",70,2292,4.172043010752688,22,1.6129032258064515,0.3870967741935484,0.15053763440860216,0.021505376344086023,0.25806451612903225,0.06823925863521482,0.1273344651952462,0.010033444816053512
"Giannis Antetokounmpo","MIL",67,2289,15.026567481402763,0,7.481402763018066,1.9553666312433582,0.021253985122210415,0,0.871413390010627,0.22341772151898734,0.23218997361477572,0.015625
"Malik Beasley","DET",82,2283,2.928870292887029,16,0.9205020920502092,0.2510460251046025,0.16736401673640167,0.04184100418410042,0.33472803347280333,0.046889089269612265,0.13056379821958458,0.010362694300518135
"Kentavious Caldwell-Pope","ORL",77,2279,2.107832260927446,29,0.5103172842245396,0.19968937208786333,0.04437541601952518,0,0.26625249611715107,0.044642857142857144,0.10087719298245613,0.006024096385542169
"Nikola Vučević","CHI",73,2278,3.059548254620123,0,1.4373716632443532,0.43121149897330596,0,0,0.2874743326488706,0.06439742410303588,0.09138381201044386,0
"Payton Pritchard","BOS",80,2271,1.8758374274229568,4,0.3796337650736936,0.08932559178204555,0.15631978561857973,0.06699419383653417,0.401965163019205,0.027180067950169876,0.06719367588932806,0.011111111111111112
"Kevin Durant","PHX",62,2265,7.788565264293419,5,3.149946062567422,0.7982740021574973,0.15102481121898598,0.021574973031283712,0.8629989212513485,0.1234866828087167,0.16957026713124274,0.018518518518518517
"Stephen Curry","GSW",70,2252,6.3576440569849035,18,1.8924091005741017,0.531575590048905,0.3614714012332554,0.1275781416117372,0.9993621092919414,0.0795198799699925,0.1654275092936803,0.021383647798742137
"Shaedon Sharpe","POR",72,2252,5.251736111111111,3,2.5824652777777777,0.7161458333333334,0.021701388888888888,0,0.3472222222222222,0.10075566750629723,0.16573816155988857,0.0021141649048625794
"De'Aaron Fox","SAS",62,2241,6.821106821106821,0,3.196053196053196,0.5791505791505791,0.0858000858000858,0,0.36465036465036466,0.1186966640806827,0.16482300884955753,0.01038961038961039
"Jalen Williams","OKC",69,2237,6.3779863481228665,4,3.2849829351535837,0.7252559726962458,0,0,0.21331058020477817,0.11956521739130435,0.16244725738396623,0
"Donovan Mitchell","CLE",71,2232,7.808455565142364,13,2.71786022433132,0.6255392579810182,0.4745470232959448,0.04314063848144953,0.7333908541846419,0.10299234516353514,0.16071428571428573,0.033690658499234305
"Harrison Barnes","SAS",82,2228,4.359255202628697,0,2.190580503833516,0.35049288061336253,0.02190580503833516,0,0.13143483023001096,0.13151041666666666,0.2457002457002457,0.002770083102493075
"Julius Randle","MIN",69,2226,7.497761862130707,0,3.4467323187108327,0.7162041181736795,0.06714413607878246,0,0.5595344673231871,0.1475563909774436,0.20615796519410978,0.00946372239747634
"Amen Thompson","HOU",69,2225,5.4694419840566875,0,2.7679362267493355,0.5093002657218778,0,0,0.22143489813994685,0.15644555694618273,0.1765536723163842,0
"Jaren Jackson Jr.","MEM",74,2207,8.432203389830509,0,3.961864406779661,1.0169491525423728,0.0635593220338983,0.0211864406779661,0.6991525423728814,0.13968957871396895,0.19418483904465214,0.005128205128205128
"Desmond Bane","MEM",69,2205,4.195804195804196,20,1.6105107014197924,0.4662004662004662,0.08476372112735749,0.02119093028183937,0.4662004662004662,0.074487895716946,0.11638591117917305,0.009501187648456057
"Naz Reid","MIN",80,2200,3.2041227873627607,2,1.5236388079766974,0.44812906116961687,0,0,0.29128388976025094,0.07003089598352215,0.13359528487229863,0
"Tyus Jones","PHX",81,2174,1.2913457181694608,0,0.2945174444947893,0,0.11327594019030358,0.06796556411418214,0.24920706841866788,0.025787965616045846,0.04406779661016949,0.01240694789081886
"Myles Turner","IND",72,2174,5.350719424460432,0,2.6079136690647484,0.5620503597122302,0.022482014388489208,0,0.33723021582733814,0.12956810631229235,0.2283464566929134,0.002531645569620253
"Evan Mobley","CLE",71,2167,6.7747667703243,1,3.531763660595291,0.9995557529986673,0.02221235006663705,0,0.3109729009329187,0.15588235294117647,0.20126582278481012,0
"Taurean Prince","MIL",80,2166,1.075268817204301,3,0.26881720430107525,0.06720430107526881,0.044802867383512544,0.022401433691756272,0.22401433691756273,0.026717557251908396,0.06382978723404255,0.005952380952380952
"Stephon Castle","SAS",81,2162,7.697471470127545,0,3.938241217274558,0.8950548221078541,0,0,0.35802192884314166,0.15658362989323843,0.2225031605562579,0
"Deni Avdija","POR",72,2161,8.433461800045341,1,4.239401496259352,1.0881886193606891,0.045341192473362046,0.045341192473362046,0.49875311720698257,0.1924643584521385,0.2921875,0.005847953216374269
"Jaylen Brown","BOS",63,2158,7.380242952097181,3,3.575521430208572,0.9397203758881504,0.09168003667201467,0.022920009168003668,0.412560165024066,0.12944983818770225,0.1782857142857143,0.0110803324099723
"Tim Hardaway Jr.","DET",77,2153,3.270184934596301,7,0.9472259810554804,0.2706359945872801,0.3382949932341001,0.09021199819576003,0.2931889941362201,0.07905686546463246,0.16600790513833993,0.03205128205128205
"Bennedict Mathurin","IND",72,2149,7.479161973417436,6,3.514305023653976,0.6307726965532777,0.04505519261094841,0,0.4054967334985357,0.1607324516785351,0.22510822510822512,0.006896551724137931
"Spencer Dinwiddie","DAL",79,2136,5.513955071477195,4,2.450646698434309,0.6580440208758793,0.27229407760381213,0.04538234626730202,0.2269117313365101,0.1556420233463035,0.2482758620689655,0.03571428571428571
"Scottie Barnes","TOR",65,2134,6.820234869015357,10,3.071364046973803,0.5645889792231256,0,0,0.4968383017163505,0.11584327086882454,0.15212527964205816,0
"Max Christie","DAL",78,2127,3.513638465094776,2,1.59500693481276,0.34674063800277394,0.04623208506703652,0.02311604253351826,0.3005085529357374,0.11007751937984496,0.20909090909090908,0.006349206349206349
"Josh Giddey","CHI",70,2117,4.977777777777778,0,2.3777777777777778,0.4666666666666667,0,0,0.35555555555555557,0.12104072398190045,0.17656765676567657,0
"Fred VanVleet","HOU",60,2113,3.202260419119378,11,0.9889333647280433,0.18836825994819872,0.09418412997409936,0,0.4709206498704968,0.05771643663739021,0.12650602409638553,0.008602150537634409
"Keyonte George","UTA",67,2108,6.517265035444774,7,2.675508804024697,0.7317630916990624,0.2515435627715527,0,0.5030871255431054,0.1252465483234714,0.23541247484909456,0.019342359767891684
"Dennis Schröder","BKN",75,2106,5.045550105115627,11,1.635131978509694,0.3270263957019388,0.046718056528848396,0,0.8409250175192712,0.08135593220338982,0.13671875,0.005361930294906166
"Damian Lillard","MIL",58,2093,9.063653136531366,16,2.6522140221402215,0.4843173431734317,0.8302583025830258,0.11531365313653137,0.8302583025830258,0.135183527305282,0.20462633451957296,0.06486486486486487
"Russell Westbrook","DEN",75,2092,5.309936189608022,0,2.5068368277119415,0.4785779398359161,0,0,0.38742023701002737,0.11956521739130435,0.17488076311605724,0
"Kelly Oubre Jr.","PHI",60,2078,4.41632847935068,1,2.2439723084268324,0.71616137502984,0.047744091668656,0,0.23872045834328,0.11895910780669144,0.1669626998223801,0.00819672131147541
"Luguentz Dort","OKC",71,2073,1.0643220731142988,0,0.5784359093012494,0.18509949097639983,0,0,0.04627487274409996,0.040983606557377046,0.12690355329949238,0
"Nickeil Alexander-Walker","MIN",82,2073,2.8175740210124163,6,1.0506208213944603,0.35816618911174786,0.09551098376313276,0.02387774594078319,0.35816618911174786,0.07407407407407407,0.16,0.010723860589812333
"Onyeka Okongwu","ATL",74,2064,4.901293396868618,0,2.337190832766054,0.5445881552076243,0,0,0.3857499432720672,0.13517060367454067,0.16775244299674266,0
"Malik Monk","SAC",65,2054,4.178403755868545,5,1.784037558685446,0.49295774647887325,0.07042253521126761,0,0.4225352112676056,0.07923771313941826,0.13427561837455831,0.0069605568445475635
"Jaylen Wells","MEM",79,2043,3.097040605643496,0,1.1470520761642578,0.3211745813259922,0.1605872906629961,0.022941041523285157,0.3670566643725625,0.07960893854748603,0.15673981191222572,0.017632241813602016
"Jalen Duren","DET",78,2035,5.767397521448999,0,2.836034318398475,0.667302192564347,0,0,0.3574833174451859,0.18681318681318682,0.18681318681318682,0
"Jalen Wilson","BKN",79,2031,4.104477611940299,12,1.5174129353233832,0.2736318407960199,0,0,0.5472636815920398,0.09104477611940298,0.19805194805194806,0
"Miles Bridges","CHA",64,2029,6.086748142822909,9,2.9475197699496767,0.8387251377905584,0.11981787682722263,0.047927150730889045,0.2875629043853343,0.10847457627118644,0.16918844566712518,0.011037527593818985
"Davion Mitchell","MIA",74,2027,2.058319039451115,1,0.9066405292820388,0.31854937515314874,0,0,0.2695417789757412,0.074,0.12802768166089964,0
"Franz Wagner","ORL",60,2023,7.703740401288085,7,3.368838246222442,0.4706465196928412,0.04954173891503592,0,0.5201882586078771,0.1078125,0.1468682505399568,0.005649717514124294
"Quentin Grimes","PHI",75,2013,5.186621425109064,5,1.74503150751333,0.5089675230247213,0.3393116820164809,0.09694619486185167,0.6543868153174988,0.09626274065685164,0.15894039735099338,0.030232558139534883
"Jordan Poole","WAS",68,2001,6.413857677902621,12,2.106741573033708,0.30430711610486894,0.2808988764044944,0.09363295880149813,0.8192883895131086,0.08939526730937773,0.1761252446183953,0.01904761904761905
"Devin Vassell","SAS",64,1983,2.926115581565472,2,1.3411363082175078,0.48768593026091195,0.17069007559131918,0.0487685930260912,0.14630577907827358,0.06673842841765339,0.1111111111111111,0.016129032258064516
"Draymond Green","GSW",68,1983,3.6055923473142015,0,1.3980868285504047,0.3924454255580083,0,0,0.613195977434388,0.10363636363636364,0.1875,0
"Klay Thompson","DAL",72,1965,1.8380526577247889,8,0.620963735717834,0.17386984600099353,0.07451564828614009,0,0.17386984600099353,0.031180400890868598,0.07309941520467836,0.00539568345323741
"Tyrese Maxey","PHI",52,1960,7.2814310909549,15,3.0486268581506675,0.9574200050390527,0.05039052658100277,0,0.8566389518770471,0.10459183673469388,0.17385057471264367,0.004166666666666667
"Norman Powell","LAC",60,1958,6.611776447105789,3,2.395209580838323,0.2994011976047904,0.3992015968063872,0.0998003992015968,0.5239520958083832,0.10758885686839577,0.15973377703826955,0.03636363636363636
"Yves Missi","NOP",73,1956,5.116629044394282,0,2.708803611738149,0.5016302984700276,0,0,0.10032605969400551,0.18652849740932642,0.18685121107266436,0
"Keon Ellis","SAC",80,1948,2.2085259373394965,1,0.7960965588084232,0.23112480739599384,0.15408320493066255,0,0.2054442732408834,0.07520325203252033,0.18787878787878787,0.01834862385321101
"Bilal Coulibaly","WAS",59,1948,4.504504504504505,1,2.3618212807401995,0.6330654979303628,0,0,0.19478938397857318,0.13956834532374102,0.2059447983014862,0
"Kyle Kuzma","MIL",65,1936,4.980276134122288,2,2.342209072978304,0.4437869822485207,0.04930966469428008,0.02465483234714004,0.27120315581854043,0.10475161987041037,0.15522875816993464,0.006369426751592357
"Julian Champagnie","SAS",82,1932,2.330193356470005,2,0.6693108577094695,0.17352503718393653,0.3966286564204264,0.0991571641051066,0.0495785820525533,0.05763688760806916,0.13170731707317074,0.026584867075664622
"Keon Johnson","BKN",79,1925,3.5945177139901734,3,1.6550297388156194,0.3361779156969227,0.025859839668994054,0,0.23273855702094648,0.07821901323706378,0.14918414918414918,0.0024875621890547263
"Naji Marshall","DAL",69,1919,4.049607694254619,1,2.0248038471273095,0.45558086560364464,0,0,0.22779043280182232,0.10335917312661498,0.14388489208633093,0
"Guerschon Yabusele","PHI",70,1896,3.663392620122113,1,1.645872046721529,0.34510220334483677,0,0,0.3185558800106185,0.10130718954248366,0.1834319526627219,0
"Jrue Holiday","BOS",62,1896,1.9974059662775616,0,0.7522697795071336,0.1815823605706874,0.02594033722438392,0,0.311284046692607,0.050335570469798654,0.10034602076124567,0.003257328990228013
"Gary Trent Jr.","MIL",74,1893,2.3711340206185567,2,0.8247422680412371,0.15463917525773196,0.20618556701030927,0.07731958762886598,0.15463917525773196,0.05813953488372093,0.128,0.0182648401826484
"Josh Green","CHA",68,1887,1.8711018711018712,0,0.6496881496881497,0.10395010395010396,0.15592515592515593,0.02598752598752599,0.12993762993762994,0.06935123042505593,0.12886597938144329,0.023715415019762844
"Anthony Black","ORL",78,1887,5.257539364825194,0,2.428609554310115,0.6672004270082733,0.02668801708033093,0,0.4536962903656258,0.1339155749636099,0.18533604887983707,0.00510204081632653
"Andrew Nembhard","IND",65,1881,3.5006435006435006,1,1.4157014157014156,0.28314028314028317,0,0,0.46332046332046334,0.09433962264150944,0.13480392156862744,0
"Nic Claxton","BKN",70,1880,4.14535666218035,0,1.80349932705249,0.4306864064602961,0,0,0.4037685060565276,0.10823909531502424,0.11204013377926421,0
"Cason Wallace","OKC",68,1876,0.9501797637390857,0,0.4622496147919877,0.17976373908577298,0,0,0.1027221366204417,0.036,0.06164383561643835,0
"Derrick Jones Jr.","LAC",77,1873,3.0954879328436515,0,1.6264428121720882,0.472193074501574,0,0,0.15739769150052466,0.09794628751974724,0.1497584541062802,0
"RJ Barrett","TOR",58,1869,7.941777323799796,1,4.162410623084781,0.8426966292134831,0.02553626149131767,0.02553626149131767,0.1787538304392237,0.1474820143884892,0.2022332506203474,0.0032679738562091504
"Rui Hachimura","LAL",59,1869,2.9838922630050173,0,1.5843675732770002,0.29046738843411674,0,0,0.052812252442566675,0.096,0.15873015873015872,0
"Buddy Hield","GSW",82,1864,1.6636340005198855,8,0.3379256563556018,0.12997140629061607,0.23394853132310892,0.07798284377436963,0.1819599688068625,0.0275,0.053061224489795916,0.016216216216216217
"Trey Murphy III","NOP",53,1854,5.935483870967742,11,2.6580645161290324,0.6709677419354839,0.025806451612903226,0,0.567741935483871,0.1134133042529989,0.21548117154811716,0.002277904328018223
"Zaccharie Risacher","ATL",75,1843,3.7884566488685483,3,1.703534197813374,0.43224002034070685,0.12712941774726672,0,0.15255530129672007,0.08633093525179857,0.13814432989690723,0.014326647564469915
"Andrew Wiggins","MIA",60,1842,6.833289018877958,2,2.8449880350970487,0.5849508109545334,0.4520074448285031,0.2127093858016485,0.3722414251528849,0.13319011815252416,0.18641114982578397,0.047619047619047616
"Isaiah Collier","UTA",71,1839,4.022988505747127,0,1.7502612330198537,0.4179728317659352,0,0,0.4702194357366771,0.11056105610561057,0.15331807780320367,0
"Keldon Johnson","SAS",77,1838,5.077204920177964,0,2.6432870976184244,0.8374771002355405,0,0,0.31405391258832765,0.12038140643623362,0.17876106194690267,0
"Royce O'Neale","PHX",75,1837,0.6961178045515395,0,0.29451137884872824,0.0535475234270415,0,0,0.08032128514056225,0.018998272884283247,0.07971014492753623,0
"P.J. Washington","DAL",57,1835,5.200945626477542,0,2.416600998161282,0.4990806409246126,0.026267402153926978,0,0.39401103230890466,0.12584573748308525,0.1843687374749499,0.004166666666666667
"CJ McCollum","NOP",56,1832,4.5371098872279045,3,1.8095987411487018,0.3671649619722004,0.13113034356150013,0.026226068712300026,0.44584316810910046,0.06987724268177525,0.11577181208053691,0.01079913606911447
"Dorian Finney-Smith","LAL",63,1821,1.2389867841409692,1,0.3579295154185022,0.08259911894273128,0.02753303964757709,0,0.24779735682819384,0.03139013452914798,0.09923664122137404,0.0031746031746031746
"Haywood Highsmith","MIA",74,1818,1.1927877947295422,0,0.49930651872399445,0.13869625520110956,0,0,0.13869625520110956,0.04455445544554455,0.10526315789473684,0
"Alex Sarr","WAS",67,1814,4.286827747466875,0,2.0265003897116136,0.28578851649779163,0,0,0.2338269680436477,0.08715083798882682,0.1407942238267148,0
"Kyrie Irving","DAL",50,1804,5.785347391186807,18,2.297918356312517,0.6758583400919167,0.1892403352257367,0,0.48661800486618007,0.09090909090909091,0.13157894736842105,0.01912568306010929
"Kyshawn George","WAS",68,1802,2.473404255319149,1,1.0372340425531914,0.18617021276595744,0,0,0.26595744680851063,0.06747404844290658,0.17410714285714285,0
"Cameron Johnson","BKN",57,1800,6.272651240591023,14,2.063005296905492,0.4460551993309172,0.25090604962364094,0.027878449958182325,0.7527181488709228,0.10209102091020911,0.18639798488664988,0.021634615384615384
"Duncan Robinson","MIA",74,1786,1.4833473271760425,4,0.279876854184159,0.055975370836831795,0.22390148334732718,0.027987685418415897,0.1399384270920795,0.02654867256637168,0.05319148936170213,0.0163265306122449
"Kris Dunn","LAC",74,1783,0.6100942872989462,0,0.2218524681087077,0.05546311702717693,0,0,0.11092623405435385,0.01805869074492099,0.0365296803652968,0
"Luka Dončić","LAL",50,1769,10.8397365532382,2,4.7200878155872665,1.2074643249176729,0.38419319429198684,0.027442371020856202,0.7409440175631175,0.1595197255574614,0.25595238095238093,0.02834008097165992
"Scoot Henderson","POR",66,1759,5.671806167400881,0,2.36784140969163,0.3854625550660793,0.05506607929515418,0,0.6057268722466961,0.11594202898550725,0.18695652173913044,0.006688963210702341
"Wendell Carter Jr.","ORL",68,1758,5.025847214244687,0,2.3262492820218266,0.48822515795519816,0,0,0.43078690407811604,0.14620938628158844,0.20454545454545456,0
"Collin Sexton","UTA",63,1758,6.933701657458563,7,3.2596685082872927,0.856353591160221,0,0,0.5248618784530387,0.12368972746331237,0.17276720351390923,0
"Mike Conley","MIN",71,1756,2.558271745309835,13,0.5969300739056282,0.028425241614553724,0.2274019329164298,0,0.17055144968732233,0.05846774193548387,0.11797752808988764,0.025157232704402517
"Amir Coffey","LAC",72,1748,3.646127755794234,3,1.667608818541549,0.2826455624646693,0.02826455624646693,0,0.1695873374788016,0.10714285714285714,0.1891025641025641,0.004032258064516129
"Jimmy Butler III","GSW",55,1746,11.14269471290506,10,4.974417282546901,1.0517339397384877,0.05685048322910745,0,0.8527572484366117,0.24081632653061225,0.27821939586645467,0.018867924528301886
"Aaron Wiggins","OKC",76,1744,2.4544953116381687,0,1.2134583563154993,0.24820739106453393,0,0,0.13789299503585217,0.057667103538663174,0.10377358490566038,0
"Walker Kessler","UTA",58,1740,4.23634336677815,0,2.201783723522854,0.7803790412486065,0,0,0.30657748049052397,0.16808510638297872,0.18160919540229886,0
"De'Andre Hunter","CLE",64,1740,6.835306781485468,2,2.341227125941873,0.40365984930032295,0.13455328310010764,0.05382131324004306,1.1033369214208826,0.10991636798088411,0.19506726457399104,0.01278772378516624
"Ochai Agbaji","TOR",64,1739,1.3266998341625207,0,0.5804311774461028,0.13819789939192925,0.027639579878385848,0,0.08291873963515754,0.039927404718693285,0.0707070707070707,0.003937007874015748
"Brandin Podziemski","GSW",64,1716,2.718946765884373,0,1.1734401831711505,0.28620492272467085,0.028620492272467088,0,0.2575844304522038,0.06354009077155824,0.1168091168091168,0.0032258064516129032
"Jabari Smith Jr.","HOU",57,1716,3.6030883614526736,0,1.4012010294538175,0.2573634543894767,0.08578781812982557,0.028595939376608523,0.42893909064912783,0.08552631578947369,0.14893617021276595,0.010752688172043012
"Anthony Davis","DAL",51,1706,10.695652173913043,3,4.753623188405797,1.2173913043478262,0.028985507246376812,0,1.1304347826086956,0.15972894482090996,0.18061674008810572,0.008
"Bradley Beal","PHX",53,1702,3.95268320830929,0,1.5868436237738026,0.2308136180034622,0.05770340450086555,0.028851702250432775,0.4616272360069244,0.07681940700808626,0.11530398322851153,0.007547169811320755
"Georges Niang","ATL",79,1697,1.6342631727247112,0,0.5071851225697379,0.19723865877712032,0.02817695125387433,0,0.3663003663003663,0.030063291139240507,0.08108108108108109,0.0024390243902439024
"Jakob Poeltl","TOR",57,1686,4.136742315426601,0,1.9821890261419133,0.6032749209997127,0,0,0.37345590347601265,0.11004784688995216,0.11057692307692307,0
"Scotty Pippen Jr.","MEM",79,1683,4.773869346733668,2,2.2892238972640984,0.6700167504187605,0.027917364600781685,0.027917364600781685,0.3908431044109436,0.12710566615620214,0.18937644341801385,0.004545454545454545
"Kevin Huerter","CHI",69,1679,1.396011396011396,1,0.5982905982905983,0.08547008547008547,0.02849002849002849,0,0.08547008547008547,0.03531300160513644,0.09090909090909091,0.002551020408163265
"Santi Aldama","MEM",65,1660,2.629370629370629,0,1.1468531468531469,0.3356643356643357,0.16783216783216784,0.055944055944055944,0.13986013986013987,0.0662739322533137,0.1168091168091168,0.012195121951219513
"AJ Green","MIL",73,1659,0.7890122735242548,1,0.08766803039158387,0.058445353594389245,0.11689070718877849,0,0.14611338398597312,0.016317016317016316,0.04838709677419355,0.010899182561307902
"Al Horford","BOS",60,1659,1.1501210653753027,0,0.48426150121065376,0.06053268765133172,0,0,0.12106537530266344,0.03368421052631579,0.09937888198757763,0
"Terry Rozier","MIA",64,1658,3.2171581769436997,5,1.2809055704498065,0.23830801310694072,0.14894250819183796,0.02978850163836759,0.20851951146857314,0.0712166172106825,0.11878453038674033,0.016025641025641024
"Peyton Watson","DEN",68,1657,4.0377247273799,0,1.9746536987916299,0.3831417624521073,0,0,0.2357795461243737,0.13900414937759337,0.1936416184971098,0
"Moses Moody","GSW",74,1649,3.971334726784115,1,1.6422812779934308,0.26873693639892504,0.26873693639892504,0.029859659599880562,0.08957897879964169,0.10289389067524116,0.19855595667870035,0.02608695652173913
"Tristan da Silva","ORL",74,1629,1.9595645412130638,0,0.9331259720062208,0.18662519440124417,0,0,0.15552099533437014,0.05917159763313609,0.11194029850746269,0
"Donte DiVincenzo","MIN",62,1606,1.934889434889435,4,0.5835380835380836,0.030712530712530713,0.09213759213759214,0.06142506142506143,0.2764127764127764,0.03588907014681892,0.10919540229885058,0.00683371298405467
"Isaiah Joe","OKC",74,1604,1.6731401254855094,2,0.5079175380938153,0.14938751120406335,0.179265013444876,0.02987750224081267,0.14938751120406335,0.03642384105960265,0.12686567164179105,0.010638297872340425
"Corey Kispert","WAS",61,1602,2.620607504466945,5,0.9529481834425253,0.11911852293031566,0.2084574151280524,0.05955926146515783,0.11911852293031566,0.06521739130434782,0.12167300380228137,0.020895522388059702
"Caris LeVert","ATL",64,1596,4.576321228225568,1,1.9781517567168585,0.47239444936521996,0.11809861234130499,0.059049306170652495,0.38382049010924124,0.10889570552147239,0.1830601092896175,0.013986013986013986
"Miles McBride","NYK",64,1593,2.0012507817385865,2,0.5941213258286429,0.031269543464665414,0.18761726078799248,0.09380863039399624,0.2188868042526579,0.04401408450704225,0.07509881422924901,0.01904761904761905
"Isaiah Hartenstein","OKC",57,1590,3.554070473876063,0,1.701093560145808,0.39489671931956255,0,0,0.2733900364520049,0.10707456978967496,0.1111111111111111,0
"Gradey Dick","TOR",54,1587,4.709814646004254,5,1.76238225463385,0.15192950470981464,0.15192950470981464,0,0.3950167122455181,0.08936170212765958,0.15508021390374332,0.015105740181268883
"Paolo Banchero","ORL",46,1582,12.222222222222221,5,6.158730158730159,1.492063492063492,0.09523809523809523,0,0.47619047619047616,0.18567389255419417,0.24681933842239187,0.01090909090909091
"Patrick Williams","CHI",63,1576,2.449822904368359,0,1.1511216056670601,0.2361275088547816,0.0295159386068477,0,0.14757969303423848,0.072992700729927,0.14181818181818182,0.003663003663003663
"Obi Toppin","IND",79,1545,3.5076923076923077,1,1.4461538461538461,0.36923076923076925,0.06153846153846154,0,0.4,0.0770440251572327,0.14114114114114115,0.006600660066006601
"Grayson Allen","PHX",64,1544,3.599621092516577,0,1.2946005683612252,0.1894537417113988,0.1894537417113988,0.06315124723713293,0.34733185980423115,0.08901515151515152,0.23563218390804597,0.01694915254237288
"Ziaire Williams","BKN",63,1541,4.024869109947644,3,1.4070680628272252,0.16361256544502617,0.16361256544502617,0.032722513089005235,0.4581151832460733,0.08377896613190731,0.16796875,0.013114754098360656
"Sam Hauser","BOS",71,1541,0.3633961017509085,1,0.13214403700033037,0.06607201850016518,0,0,0.06607201850016518,0.008403361344537815,0.05194805194805195,0
"Victor Wembanyama","SAS",46,1527,6.0344827586206895,0,2.554278416347382,0.6704980842911877,0.19157088122605365,0.06385696040868455,0.6066411238825032,0.09347826086956522,0.15594541910331383,0.014742014742014743
"Gabe Vincent","LAL",72,1525,0.6748071979434447,0,0.1928020565552699,0.032133676092544985,0,0,0.16066838046272494,0.01411764705882353,0.05172413793103448,0
"Jonas Valančiūnas","SAC",81,1524,5.2631578947368425,0,2.5199362041467306,0.5103668261562998,0,0,0.3827751196172249,0.1144927536231884,0.12098009188361408,0
"Jerami Grant","POR",47,1524,5.308602494403582,2,1.9187719859290053,0.2878157978893508,0.41573393028461786,0.12791813239526703,0.3197953309881676,0.11374407582938388,0.182370820668693,0.039473684210526314
"Kyle Filipowski","UTA",72,1522,4.518167456556082,0,2.2748815165876777,0.5687203791469194,0.0315955766192733,0.0315955766192733,0.2527646129541864,0.12762237762237763,0.20454545454545456,0.004545454545454545
"Ja Morant","MEM",50,1519,9.719683120048751,4,4.661791590493602,1.1882998171846435,0.030469226081657527,0,0.6398537477148081,0.15338645418326693,0.21309192200557103,0.0034965034965034965
"Matas Buzelis","CHI",80,1511,3.322054752383882,0,1.753306674869271,0.30759766225776686,0,0,0.030759766225776683,0.0946843853820598,0.16964285714285715,0
"LaMelo Ball","CHA",47,1505,7.353885677585099,13,2.922286448298009,0.6422607578676943,0.12845215157353887,0,0.7385998715478485,0.08812615955473098,0.16666666666666666,0.007518796992481203
"Dalton Knecht","LAL",78,1494,2.824478816408877,5,1.0087424344317417,0.13449899125756556,0.16812373907195696,0,0.10087424344317418,0.05952380952380952,0.12345679012345678,0.014492753623188406
"Kevin Porter Jr.","MIL",75,1482,5.584930601454065,0,1.9497686715135492,0.3965631196298744,0.42961004626569727,0.06609385327164574,0.46265697290152014,0.10140845070422536,0.11302681992337164,0.06914893617021277
"D'Angelo Russell","BKN",58,1481,4.818876703223662,4,1.8943170488534398,0.33233632436025257,0.16616816218012628,0.06646726487205051,0.3988035892323031,0.09011627906976744,0.1753846153846154,0.013774104683195593
"Lauri Markkanen","UTA",47,1476,6.03983023179889,14,2.0568070519098924,0.4244205027750571,0.16323865491348352,0,0.7508978126020242,0.09006622516556291,0.1794871794871795,0.012376237623762377
"Luke Kennard","MEM",65,1472,1.8124006359300477,11,0.2861685214626391,0.06359300476947535,0.1907790143084261,0.06359300476947535,0.3179650238473768,0.033936651583710405,0.05084745762711865,0.022641509433962263
"Jamal Shead","TOR",75,1467,2.270483711747285,1,1.1516946363935505,0.49358341559723595,0.03290556103981573,0,0.16452780519907864,0.06857142857142857,0.11627906976744186,0.004464285714285714
"Aaron Gordon","DEN",51,1447,5.946843853820598,0,3.0564784053156147,0.5647840531561462,0,0,0.16611295681063123,0.16083916083916083,0.23,0
"Isaiah Stewart","DET",72,1434,2.9541595925297113,0,1.3582342954159592,0.3735144312393888,0,0,0.27164685908319186,0.11661807580174927,0.13793103448275862,0
"Brice Sensabaugh","UTA",71,1432,2.411628675256029,2,1.1562603237528906,0.39643211100099107,0.06607201850016518,0.03303600925008259,0.16518004625041294,0.0593900481540931,0.14,0.005361930294906166
"Goga Bitadze","ORL",70,1430,4.760200429491768,0,2.0042949176807445,0.3937007874015748,0,0,0.5010737294201861,0.14583333333333334,0.15730337078651685,0
"Kel'el Ware","MIA",64,1422,2.357494722026742,0,1.1963406052076002,0.24630541871921183,0,0,0.1055594651653765,0.06924643584521385,0.08947368421052632,0
"Tari Eason","HOU",57,1420,3.5665294924554183,0,1.646090534979424,0.3772290809327846,0.03429355281207133,0,0.27434842249657065,0.08249158249158249,0.11735941320293398,0.005405405405405406
"Zach Edey","MEM",66,1416,4.260315330426032,0,2.1804763502180475,0.8050989600805099,0,0,0.3019121100301912,0.13771186440677965,0.15476190476190477,0
"T.J. McConnell","IND",79,1415,2.6075177785303083,0,1.0497798848628512,0.16931933626820184,0,0,0.3386386725364037,0.047692307692307694,0.051580698835274545,0
"Terance Mann","ATL",67,1414,2.3693379790940767,0,1.0801393728222997,0.24390243902439024,0.03484320557491289,0,0.17421602787456447,0.07322654462242563,0.11355311355311355,0.006097560975609756
"Ryan Dunn","PHX",74,1410,1.4038876889848813,0,0.6479481641468683,0.07199424046076314,0.03599712023038157,0,0.03599712023038157,0.038461538461538464,0.07860262008733625,0.0037735849056603774
"Sam Merrill","CLE",71,1401,1.0027662517289073,0,0.13831258644536654,0,0.06915629322268327,0,0.2766251728907331,0.011655011655011656,0.06666666666666667,0.0027100271002710027
"Ayo Dosunmu","CHI",46,1394,2.668918918918919,2,1.1486486486486487,0.33783783783783783,0,0,0.30405405405405406,0.07188160676532769,0.11971830985915492,0
"Ty Jerome","CLE",70,1393,5.096418732782369,2,2.5137741046831956,0.7575757575757576,0.03443526170798898,0,0.30991735537190085,0.11044776119402985,0.17548076923076922,0.003937007874015748
"Julian Strawther","DEN",65,1384,3.114186851211073,0,1.0380622837370241,0.2422145328719723,0.1384083044982699,0,0.44982698961937717,0.06627680311890838,0.125,0.014652014652014652
"Nick Smith Jr.","CHA",60,1369,1.6428571428571428,6,0.5,0.10714285714285714,0.03571428571428571,0,0.21428571428571427,0.02586206896551724,0.05128205128205128,0.003257328990228013
"Jaime Jaquez Jr.","MIA",66,1368,5.148658448150834,1,2.574329224075417,0.580130529369108,0.03625815808556925,0.03625815808556925,0.25380710659898476,0.13926499032882012,0.17839195979899497,0.008403361344537815
"Jeremy Sochan","SAS",54,1367,4.429482636428065,0,2.161587526576896,0.6024096385542169,0,0,0.3543586109142452,0.11937377690802348,0.14558472553699284,0
"Nicolas Batum","LAC",78,1367,0.7575757575757576,0,0.2886002886002886,0.07215007215007214,0.03607503607503607,0,0.07215007215007214,0.036734693877551024,0.1951219512195122,0.004901960784313725
"Jose Alvarado","NOP",56,1366,2.652329749103943,5,1.1111111111111112,0.3225806451612903,0.07168458781362007,0,0.10752688172043011,0.060550458715596334,0.13247863247863248,0.006430868167202572
"Luke Kornet","BOS",73,1361,3.6659108087679515,0,1.8896447467876039,0.3401360544217687,0,0,0.11337868480725624,0.1557632398753894,0.15723270440251572,0
"Trey Lyles","SAC",69,1349,2.9314767314034444,0,1.355807988274093,0.21986075485525833,0,0,0.21986075485525833,0.09135802469135802,0.2215568862275449,0
"Jake LaRavia","SAC",66,1349,4.049295774647887,0,1.795774647887324,0.24647887323943662,0,0,0.352112676056338,0.13385826771653545,0.21338912133891214,0
"Bogdan Bogdanović","LAC",54,1348,2.3655913978494625,2,0.8960573476702509,0.14336917562724014,0.10752688172043011,0.035842293906810034,0.21505376344086022,0.05436893203883495,0.11160714285714286,0.010309278350515464
"Justin Champagnie","WAS",62,1340,2.6108726752503575,0,1.0014306151645207,0.2861230329041488,0.1430615164520744,0.0715307582260372,0.2861230329041488,0.07390300230946882,0.11764705882352941,0.020512820512820513
"Paul George","PHI",41,1334,3.5819793205317576,1,1.5140324963072378,0.36927621861152143,0.11078286558345643,0.03692762186115214,0.33234859675036926,0.07296849087893864,0.12312312312312312,0.011111111111111112
"Ausar Thompson","DET",59,1328,5.163636363636364,2,2.2545454545454544,0.32727272727272727,0,0,0.43636363636363634,0.12109375,0.13390928725701945,0
"Donovan Clingan","POR",67,1324,3.80534211489206,0,2.049030369557263,0.5854372484449323,0,0,0.10976948408342481,0.15053763440860216,0.17337461300309598,0
"Jordan Hawkins","NOP",56,1321,3.593692702603594,8,0.8434176751008434,0.07334066740007333,0.3667033370003667,0.07334066740007333,0.33003300330033003,0.05641025641025641,0.09387755102040816,0.029411764705882353
"Tyrese Martin","BKN",60,1315,2.214585719740359,1,1.0309278350515463,0.07636502481863307,0.038182512409316534,0,0.038182512409316534,0.05702647657841141,0.12980769230769232,0.0035335689045936395
"Mason Plumlee","PHX",74,1300,4.8466489965922,0,2.234002271866717,0.3029155622870125,0,0,0.34078000757288907,0.233201581027668,0.23694779116465864,0
"Jonathan Mogbo","TOR",63,1286,3.057419835943326,0,1.6405667412378822,0.44742729306487694,0,0,0.11185682326621924,0.1134020618556701,0.13836477987421383,0
"Jalen Johnson","ATL",36,1284,4.520990312163617,1,2.3322569070685324,0.6817366343738788,0,0,0.25116612845353425,0.11035653650254669,0.14508928571428573,0
"Max Strus","CLE",50,1273,1.2893439514599925,0,0.26545316647705725,0.037921880925293895,0.15168752370117558,0.037921880925293895,0.22753128555176336,0.026246719160104987,0.08139534883720931,0.010169491525423728
"Johnny Juzang","UTA",64,1270,2.004538577912254,0,0.642965204236006,0.264750378214826,0.15128593040847202,0,0.264750378214826,0.04294478527607362,0.09941520467836257,0.012578616352201259
"Ronald Holland II","DET",81,1266,4.741546832491255,0,2.5650991061018265,0.6995724834823164,0,0,0.11659541391371939,0.14224137931034483,0.2108626198083067,0
"Javonte Green","CLE",68,1258,2.933230412967966,0,1.5052103434967194,0.5017367811655732,0.0385951370127364,0,0.11578541103820919,0.12698412698412698,0.2254335260115607,0.007042253521126761
"Nick Richards","PHX",57,1256,6.361829025844931,0,3.021868787276342,0.6361829025844931,0,0,0.47713717693836977,0.18673218673218672,0.18765432098765433,0
"Dean Wade","CLE",59,1252,1.1682242990654206,0,0.42834890965732086,0.2336448598130841,0.0778816199376947,0.03894080996884735,0.1557632398753894,0.04693140794223827,0.2037037037037037,0.008968609865470852
"Ricky Council IV","PHI",73,1250,6.018882769472856,3,3.029110936270653,0.6294256490952006,0,0,0.1966955153422502,0.14694656488549618,0.24758842443729903,0
"Tidjane Salaün","CHA",60,1244,3.784219001610306,0,1.5297906602254427,0.24154589371980675,0.040257648953301126,0,0.4428341384863124,0.10344827586206896,0.2222222222222222,0.0048543689320388345
"Bobby Portis","MIL",49,1244,2.8426791277258565,0,1.2850467289719627,0.35046728971962615,0,0,0.3115264797507788,0.05331179321486268,0.07482993197278912,0
"Moussa Diabaté","CHA",71,1241,4.746317512274959,0,2.086743044189853,0.4909983633387889,0,0,0.5728314238952537,0.15987460815047022,0.16293929712460065,0
"Jeremiah Robinson-Earl","NOP",66,1239,2.1645021645021645,0,0.9838646202282566,0.15741833923652104,0,0,0.19677292404565133,0.06793478260869565,0.12254901960784313,0
"Simone Fontecchio","DET",75,1237,3.2570763861962,1,1.1632415664986429,0.19387359441644048,0.23264831329972857,0.11632415664986429,0.31019775106630476,0.08977556109725686,0.17543859649122806,0.02608695652173913
"Cole Anthony","ORL",67,1234,4.587900933820544,3,1.9082419813235891,0.4466098254161592,0.08120178643930166,0.08120178643930166,0.5278116118554608,0.0846286701208981,0.13019390581717452,0.009174311926605505
"Ben Sheppard","IND",63,1228,1.0609037328094302,1,0.3929273084479371,0.11787819253438114,0.03929273084479371,0,0.11787819253438114,0.03728813559322034,0.10526315789473684,0.005
"Daniel Gafford","DAL",57,1226,7.753164556962025,0,3.6392405063291138,1.0284810126582278,0,0,0.6724683544303798,0.19616204690831557,0.19616204690831557,0
"John Collins","UTA",40,1220,6.479652311339391,0,3.2398261556696957,0.9482418016594232,0.07902015013828527,0,0.3555906756222837,0.14213197969543148,0.18594104308390022,0.013333333333333334
"Caleb Martin","DAL",45,1218,4.021337710299549,0,1.5592942141977841,0.24620434961017645,0.08206811653672548,0,0.4103405826836274,0.11834319526627218,0.1630901287553648,0.01904761904761905
"Kristaps Porziņģis","BOS",42,1210,8.043654001616815,1,3.556992724333064,0.5658852061438965,0,0,0.8084074373484236,0.13580246913580246,0.22110552763819097,0
"Brandon Clarke","MEM",64,1207,3.38389731621937,0,1.9836639439906651,0.8945935433683392,0,0,0.15558148580318942,0.125,0.13043478260869565,0
"Deandre Ayton","POR",40,1206,2.449979583503471,0,1.0616578195181707,0.28583095140873827,0,0,0.32666394446712943,0.053388090349075976,0.05714285714285714,0
"Jarace Walker","IND",75,1187,2.7856277755349215,1,1.3726281792490918,0.4037141703673799,0,0,0.20185708518368994,0.08854166666666667,0.1708542713567839,0
"Kawhi Leonard","LAC",37,1180,5.1423714407139824,5,2.2099447513812156,0.5524861878453039,0.21249468763280918,0.042498937526561836,0.254993625159371,0.08558558558558559,0.11016949152542373,0.02577319587628866
"Clint Capela","ATL",55,1176,3.864541832669323,0,1.952191235059761,0.43824701195219123,0,0,0.199203187250996,0.11448598130841121,0.11475409836065574,0
"Cody Martin","PHX",53,1173,2.543786488740617,0,1.0008340283569641,0.08340283569641367,0.041701417848206836,0,0.25020850708924103,0.07183908045977011,0.12244897959183673,0.006578947368421052
"Mark Williams","CHA",44,1171,6.760680215678142,0,3.6084612194110326,1.0369141435089175,0,0,0.2903359601824969,0.17125984251968504,0.17261904761904762,0
"Precious Achiuwa","NYK",57,1170,2.927450148493848,0,1.5273652948663556,0.3818413237165889,0,0,0.0848536274925753,0.1016949152542373,0.11320754716981132,0
"Justin Edwards","PHI",44,1156,1.9632949210414,0,0.8536064874093043,0.08536064874093043,0,0,0.17072129748186085,0.050505050505050504,0.0970873786407767,0
"Nikola Jović","MIA",46,1156,3.7339055793991416,2,1.759656652360515,0.34334763948497854,0.12875536480686695,0.08583690987124463,0.12875536480686695,0.10679611650485436,0.20398009950248755,0.014218009478672985
"Vít Krejčí","ATL",57,1153,1.8718801996672212,1,0.7487520798668885,0.08319467554076539,0.12479201331114809,0.04159733777038269,0.08319467554076539,0.06774193548387097,0.17647058823529413,0.014423076923076924
"Jonathan Kuminga","GSW",47,1144,10.068551842330763,0,4.841473864610111,0.4712939160239931,0,0,0.4284490145672665,0.16865671641791044,0.21772639691714837,0
"Kevon Looney","GSW",76,1142,4.272766508416055,0,1.8990073370738023,0.5179110919292188,0,0,0.5179110919292188,0.14193548387096774,0.14426229508196722,0
"Kenrich Williams","OKC",69,1132,1.6781411359724612,0,0.8605851979345955,0.30120481927710846,0,0,0.12908777969018934,0.05449591280653951,0.10204081632653061,0
"Aaron Nesmith","IND",45,1123,3.4587116299178557,1,1.4699524427150887,0.6052745352356247,0.043233895373973194,0,0.4755728491137051,0.0875,0.16666666666666666,0.00510204081632653
"Julian Phillips","CHI",79,1123,3.2217041119118273,0,1.5260703688003392,0.42390843577787196,0,0,0.29673590504451036,0.11501597444089456,0.225,0
"Dalano Banton","POR",67,1120,5.4019014693172,2,2.679343128781331,0.648228176318064,0,0,0.3025064822817632,0.11191335740072202,0.18674698795180722,0
"Ben Simmons","LAC",51,1120,1.481149012567325,0,0.7630161579892281,0.2244165170556553,0,0,0.08976660682226212,0.07234042553191489,0.07234042553191489,0
"Ja'Kobe Walter","TOR",52,1103,3.666077738515901,1,1.8109540636042403,0.35335689045936397,0.08833922261484099,0.08833922261484099,0.13250883392226148,0.10093896713615023,0.17083333333333334,0.010752688172043012
"Jaxson Hayes","LAL",56,1093,4.392649036306589,0,2.10667861945316,0.5378753922008068,0,0,0.35858359480053786,0.1821705426356589,0.1843137254901961,0
"Jonathan Isaac","ORL",71,1090,4.962894248608534,0,1.8552875695732838,0.37105751391465674,0,0,0.8348794063079777,0.11235955056179775,0.1951219512195122,0
"Cameron Payne","NYK",72,1090,2.4500907441016335,3,0.8166969147005445,0.18148820326678766,0.13611615245009073,0.045372050816696916,0.27223230490018147,0.045454545454545456,0.08823529411764706,0.011627906976744186
"DaQuan Jeffries","CHA",47,1071,1.4064697609001406,0,0.6563525550867323,0.09376465072667604,0,0,0.09376465072667604,0.0462046204620462,0.10071942446043165,0
"Jusuf Nurkić","CHA",51,1063,5.945192754296331,0,2.9261495587552253,0.6967022758941013,0,0,0.3715745471435207,0.1575,0.2135593220338983,0
"Seth Curry","CHA",68,1062,1.8232819074333801,4,0.6077606358111267,0.2337540906965872,0.1402524544179523,0.04675081813931744,0.18700327255726976,0.0453257790368272,0.07692307692307693,0.016304347826086956
"Cody Williams","UTA",50,1060,1.8091361374943464,0,0.9045680687471732,0.18091361374943465,0,0,0.09045680687471733,0.07326007326007326,0.14492753623188406,0
"Isaac Okoro","CLE",55,1053,2.1525503041647167,0,0.8423022929340197,0.09358914365933552,0.04679457182966776,0,0.2339728591483388,0.06690140845070422,0.13636363636363635,0.006578947368421052
"Oso Ighodaro","PHX",61,1045,2.3820867079561694,0,1.0481181515007145,0.28585040495474034,0,0,0.28585040495474034,0.10837438423645321,0.10945273631840796,0
"Jared Butler","PHI",60,1044,4.1723979825768,4,1.9715726730857406,0.7336084364970197,0,0,0.4126547455295736,0.08958333333333333,0.1382636655948553,0
"Noah Clowney","BKN",46,1042,3.8314176245210727,0,1.7241379310344827,0.28735632183908044,0.04789272030651341,0,0.23946360153256704,0.09181141439205956,0.2553191489361702,0.003816793893129771
"Jamison Battle","TOR",59,1042,0.8298755186721992,2,0.2766251728907331,0.046104195481788846,0,0,0.13831258644536654,0.017045454545454544,0.06451612903225806,0
"Alex Caruso","OKC",54,1041,2.353484079372404,0,1.2921089063221043,0.4153207198892478,0,0,0.09229349330872173,0.08408408408408409,0.17177914110429449,0
"Kris Murray","POR",69,1040,2.632794457274827,0,1.2009237875288683,0.23094688221709006,0,0,0.23094688221709006,0.08666666666666667,0.14444444444444443,0
"Dejounte Murray","NOP",31,1012,5.818864382918817,1,2.346316283435007,0.5161895823557016,0.28155795401220085,0,0.37541060534960113,0.1038961038961039,0.1392757660167131,0.03333333333333333
"Jalen Suggs","ORL",35,1002,5.442850074220683,4,2.028698664027709,0.49480455220188024,0.09896091044037605,0,0.6432459178624443,0.08365758754863813,0.15185185185185185,0.00819672131147541
"Kyle Anderson","MIA",61,1002,3.1956735496558504,0,1.5732546705998034,0.4424778761061947,0,0,0.24582104228121926,0.09815950920245399,0.125,0
"Brandon Boston","NOP",42,993,4.226752859273993,1,1.9393336648433614,0.14917951268025859,0,0,0.2486325211337643,0.09352517985611511,0.1407942238267148,0
"Dalen Terry","CHI",73,987,3.2562529495044834,0,1.46295422369042,0.23596035865974516,0,0,0.23596035865974516,0.1054421768707483,0.1631578947368421,0
"Andre Jackson Jr.","MIL",67,980,1.1904761904761905,0,0.6448412698412699,0.0992063492063492,0,0,0,0.0625,0.09848484848484848,0
"Zach Collins","CHI",64,976,3.8480513073507647,0,1.7266896891958559,0.3946719289590528,0,0,0.3946719289590528,0.10638297872340426,0.15695067264573992,0
"Trayce Jackson-Davis","GSW",62,967,5.138539042821159,0,2.8715365239294712,0.8060453400503779,0,0,0.10075566750629723,0.16666666666666666,0.168141592920354,0
"Thomas Bryant","IND",66,963,3.2160804020100504,0,1.6582914572864322,0.45226130653266333,0,0,0.10050251256281408,0.09565217391304348,0.16751269035532995,0
"Jordan Clarkson","UTA",37,962,7.132169576059851,2,2.3940149625935163,0.6483790523690773,0.49875311720698257,0.04987531172069826,0.7980049875311721,0.10820895522388059,0.16216216216216217,0.041666666666666664
"Jalen Smith","CHI",64,962,4.343582235236701,0,2.09858467545144,0.634455832113226,0,0,0.43923865300146414,0.09817351598173515,0.19907407407407407,0
"Gary Payton II","GSW",62,927,2.02991452991453,0,1.014957264957265,0.5341880341880342,0,0,0.2670940170940171,0.06209150326797386,0.09004739336492891,0
"Brandon Miller","CHA",27,924,4.224598930481283,4,1.6577540106951871,0.26737967914438504,0.16042780748663102,0.053475935828877004,0.32085561497326204,0.06551059730250482,0.13839285714285715,0.010169491525423728
"Bruce Brown","NOP",41,921,3.4482758620689653,1,1.6445623342175066,0.4244031830238727,0,0,0.26525198938992045,0.09337349397590361,0.12350597609561753,0
"Immanuel Quickley","TOR",33,918,6.819392647842301,5,2.983484283431007,0.5327650506126798,0.15982951518380395,0.05327650506126798,0.37293553542887586,0.12139917695473251,0.21621621621621623,0.013215859030837005
"Trendon Watford","BKN",43,913,6.732891832229581,0,3.3664459161147904,0.7726269315673289,0,0,0.38631346578366443,0.15365239294710328,0.19741100323624594,0
"KJ Martin","UTA",43,912,2.5174076057846815,0,1.3926084627745046,0.48205677557579,0,0,0.10712372790573112,0.11926605504587157,0.1625,0
"Day'Ron Sharpe","BKN",50,909,4.124860646599777,0,1.839464882943144,0.4459308807134894,0,0,0.5016722408026756,0.09649122807017543,0.1111111111111111,0
"Jaden Hardy","DAL",57,907,4.523934771173066,2,1.9989479221462387,0.3682272488164124,0,0,0.4208311415044713,0.0853932584269663,0.1532258064516129,0
"Tre Jones","CHI",46,905,3.530031612223393,1,1.4752370916754478,0.5268703898840885,0,0,0.5268703898840885,0.109375,0.1346153846153846,0
"Adem Bona","PHI",58,902,5.422993492407809,0,2.5488069414316703,0.7592190889370932,0,0,0.596529284164859,0.2088888888888889,0.20982142857142858,0
"Jaden Ivey","DET",30,898,6.384149697303247,0,3.026967528893781,0.6053935057787562,0.0550357732526142,0.0550357732526142,0.4402861860209136,0.12253829321663019,0.18151815181518152,0.006493506493506494
"Kelly Olynyk","NOP",44,891,5.9145673603504925,0,2.4096385542168677,0.21905805038335158,0,0,0.6571741511500547,0.14285714285714285,0.19213973799126638,0
"Chet Holmgren","OKC",32,877,7.21205597416577,0,3.4445640473627557,0.6458557588805167,0.10764262648008611,0,0.2691065662002153,0.16751269035532995,0.2318840579710145,0.01694915254237288
"Alec Burks","MIA",49,863,2.852153667054715,0,0.6984866123399301,0.17462165308498254,0.3492433061699651,0.05820721769499418,0.4074505238649593,0.06315789473684211,0.1643835616438356,0.02830188679245283
"Neemias Queta","BOS",62,863,3.6548831635710006,0,1.6776512881965249,0.2995805871779509,0,0,0.2995805871779509,0.12389380530973451,0.12556053811659193,0
"Chris Boucher","TOR",50,862,5.011520737327189,1,2.3617511520737327,0.5184331797235023,0.0576036866359447,0,0.2880184331797235,0.10421836228287841,0.19617224880382775,0.005154639175257732
"Zion Williamson","NOP",30,857,13.48628987129267,0,7.442641298265249,1.9585898153329602,0,0,0.27979854504756574,0.21947194719471946,0.224283305227656,0
"Khris Middleton","WAS",37,843,4.674457429048414,0,1.613800779076238,0.38953811908736785,0.38953811908736785,0.22259321090706732,0.5564830272676683,0.09944751381215469,0.12831858407079647,0.051470588235294115
"KJ Simpson","CHA",36,842,2.9533372711163617,0,1.299468399291199,0.3544004725339634,0,0,0.3544004725339634,0.0694006309148265,0.11764705882352941,0
"Shake Milton","LAL",57,836,3.5223880597014925,0,1.7313432835820894,0.47761194029850745,0.05970149253731343,0.05970149253731343,0.23880597014925373,0.10909090909090909,0.17159763313609466,0.009433962264150943
"Dereck Lively II","DAL",36,833,4.294117647058823,0,2.176470588235294,0.4117647058823529,0,0,0.17647058823529413,0.167420814479638,0.167420814479638,0
"Garrison Mathews","ATL",47,830,4.3968432919954905,4,1.1837655016910935,0.16910935738444194,0.6764374295377678,0.2254791431792559,0.2254791431792559,0.11347517730496454,0.3684210526315789,0.04888888888888889
"Cam Whitmore","HOU",51,827,4.240282685512367,0,2.1201413427561837,0.4122497055359246,0.05889281507656066,0,0.11778563015312132,0.08545034642032333,0.14457831325301204,0.005434782608695652
"Ryan Rollins","MIL",56,820,2.6533018867924527,1,1.179245283018868,0.35377358490566035,0,0,0.294811320754717,0.07017543859649122,0.12121212121212122,0
"Marcus Sasser","DET",57,811,3.055721989215099,0,1.3181545835829838,0.35949670461354105,0.05991611743559017,0,0.2396644697423607,0.07348242811501597,0.1375,0.006535947712418301
"Steven Adams","HOU",57,795,5.790784557907846,0,2.2415940224159403,0.5603985056039851,0,0,0.9962640099626401,0.18652849740932642,0.18848167539267016,0
"Aaron Holiday","HOU",62,792,2.4954351795496046,4,0.5477784540474742,0.18259281801582472,0,0,0.6695069993913573,0.032846715328467155,0.0967741935483871,0
"Karlo Matković","NOP",42,791,2.686202686202686,0,1.2820512820512822,0.4884004884004884,0,0,0.3052503052503053,0.0846774193548387,0.11538461538461539,0
"Caleb Houstan","ORL",58,788,1.0981912144702843,0,0.25839793281653745,0.06459948320413436,0.12919896640826872,0.06459948320413436,0.1937984496124031,0.030927835051546393,0.12121212121212122,0.012422360248447204
"Vasilije Micić","PHX",41,785,2.634961439588689,1,0.8997429305912596,0.2570694087403599,0.12853470437017994,0,0.3213367609254499,0.056140350877192984,0.08860759493670886,0.015748031496062992
"Jaylin Williams","OKC",47,784,1.8315018315018314,0,0.7326007326007326,0.2442002442002442,0,0,0.2442002442002442,0.05240174672489083,0.15789473684210525,0
"Pelle Larsson","MIA",55,782,3.9405684754521966,0,1.6149870801033592,0.45219638242894056,0.12919896640826872,0,0.3875968992248062,0.1210762331838565,0.1984126984126984,0.020618556701030927
"Cam Thomas","BKN",25,781,9.830729166666666,3,4.166666666666667,0.9765625,0.4557291666666667,0.06510416666666667,0.5208333333333334,0.13948919449901767,0.2077922077922078,0.03482587064676617
"Lindy Waters III","DET",52,777,0.70242656449553,1,0.19157088122605365,0.06385696040868455,0.06385696040868455,0,0.06385696040868455,0.015873015873015872,0.046153846153846156,0.0053475935828877
"Lonzo Ball","CHI",35,777,1.6245487364620939,0,0.12033694344163658,0.06016847172081829,0.24067388688327315,0,0.36101083032490977,0.024193548387096774,0.04081632653061224,0.020100502512562814
"Orlando Robinson","TOR",44,770,4.380475594493117,0,2.127659574468085,0.1251564455569462,0,0,0.1251564455569462,0.11604095563139932,0.14107883817427386,0
"Eric Gordon","PHI",39,768,3.0868167202572345,2,1.157556270096463,0.19292604501607716,0.12861736334405144,0,0.2572347266881029,0.09049773755656108,0.21951219512195122,0.014388489208633094
"Gui Santos","GSW",56,762,2.7237354085603114,0,1.0376134889753568,0.38910505836575876,0,0,0.5188067444876784,0.08465608465608465,0.18604651162790697,0
"Landry Shamet","NYK",50,762,1.1734028683181226,0,0.5215123859191656,0.19556714471968709,0.0651890482398957,0,0.0651890482398957,0.038135593220338986,0.10126582278481013,0.006369426751592357
"Svi Mykhailiuk","UTA",38,760,2.220812182741117,0,1.015228426395939,0.25380710659898476,0.06345177664974619,0.06345177664974619,0.19035532994923857,0.054140127388535034,0.14414414414414414,0.0049261083743842365
"Andre Drummond","PHI",40,751,6.040268456375839,0,2.61744966442953,0.6711409395973155,0,0,0.738255033557047,0.1482889733840304,0.16049382716049382,0
"Jabari Walker","POR",60,749,4.485154769425142,0,2.274162981680354,0.5685407454200885,0,0,0.2526847757422615,0.140625,0.1956521739130435,0
"Jay Huff","MEM",64,748,3.454657618753856,0,1.3571869216533003,0.24676125848241826,0,0,0.4935225169648365,0.06811145510835913,0.17886178861788618,0
"Drew Eubanks","LAC",61,746,4.58656330749354,0,2.0025839793281652,0.12919896640826872,0,0,0.3875968992248062,0.13901345291479822,0.14285714285714285,0
"Talen Horton-Tucker","CHI",58,724,6.314432989690721,2,2.963917525773196,0.5154639175257731,0,0,0.3865979381443299,0.1398176291793313,0.2222222222222222,0
"Gary Harris","ORL",48,711,0.8391608391608392,0,0.06993006993006994,0,0.13986013986013987,0,0.13986013986013987,0.014814814814814815,0.030303030303030304,0.00980392156862745
"Micah Potter","UTA",38,705,1.36986301369863,0,0.6164383561643836,0.136986301369863,0,0,0.136986301369863,0.06338028169014084,0.20454545454545456,0
"Jett Howard","ORL",60,701,1.619718309859155,0,0.6338028169014085,0.14084507042253522,0.07042253521126761,0,0.14084507042253522,0.037037037037037035,0.10843373493975904,0.0053475935828877
"DeAndre Jordan","DEN",56,691,4.591104734576757,0,2.4390243902439024,0.5021520803443329,0,0,0.14347202295552366,0.20359281437125748,0.20359281437125748,0
"Quinten Post","GSW",42,686,1.9438444924406046,0,0.9359251259899208,0.2159827213822894,0,0,0.14398848092152627,0.045774647887323945,0.12380952380952381,0
"Blake Wesley","SAS",58,683,4.32931156848829,0,2.1291696238466997,0.21291696238466998,0,0,0.14194464158977999,0.14084507042253522,0.1935483870967742,0
"Sandro Mamukelashvili","SAS",61,681,4.113475177304965,0,2.0567375886524824,0.425531914893617,0,0,0.2127659574468085,0.09570957095709572,0.20422535211267606,0
"Marcus Smart","WAS",34,680,4.843110504774898,0,1.296043656207367,0.2728512960436562,0.06821282401091405,0,1.159618008185539,0.07326007326007326,0.1450381679389313,0.007042253521126761
"Jalen Pickett","DEN",49,666,0.5952380952380952,0,0.2976190476190476,0.1488095238095238,0,0,0.0744047619047619,0.02197802197802198,0.04938271604938271,0
"Tosan Evbuomwan","BKN",28,665,5.555555555555555,0,2.73972602739726,0.45662100456621,0.076103500761035,0,0.15220700152207,0.14741035856573706,0.20809248554913296,0.01282051282051282
"Antonio Reeves","NOP",44,660,2.5547445255474455,2,1.2408759124087592,0.36496350364963503,0,0,0.145985401459854,0.06538461538461539,0.1297709923664122,0
"Kyle Lowry","PHI",35,659,2.4924471299093653,0,0.7552870090634441,0,0.0755287009063444,0,0.3776435045317221,0.0859375,0.2564102564102564,0.011235955056179775
"Reed Sheppard","HOU",52,653,1.1494252873563218,1,0.35919540229885055,0,0.07183908045977011,0,0.07183908045977011,0.024489795918367346,0.049019607843137254,0.006993006993006993
"Herbert Jones","NOP",20,648,3.000750187546887,0,1.4253563390847712,0.15003750937734434,0,0,0.15003750937734434,0.10052910052910052,0.1623931623931624,0
"AJ Johnson","WAS",29,638,2.817974105102818,0,1.3709063214013708,0.2284843869002285,0,0,0.15232292460015232,0.07894736842105263,0.13043478260869565,0
"Maxi Kleber","DAL",34,637,1.6116653875671527,0,0.6907137375287797,0.07674597083653108,0,0,0.15349194167306215,0.08653846153846154,0.16363636363636364,0
"Delon Wright","NYK",40,634,1.953125,0,0.9375,0.078125,0,0,0.078125,0.08450704225352113,0.17391304347826086,0
"Jericho Sims","MIL",53,631,1.0333863275039745,0,0.397456279809221,0.0794912559618442,0,0,0.1589825119236884,0.06666666666666667,0.06666666666666667,0
"Josh Okogie","CHA",40,625,6.860371267150928,0,3.6319612590799033,0.7263922518159807,0,0,0.16142050040355124,0.1814516129032258,0.28846153846153844,0
"Daniel Theis","NOP",38,621,2.863777089783282,0,1.1609907120743035,0.23219814241486067,0,0,0.38699690402476783,0.10638297872340426,0.14423076923076922,0
"Jeff Dowtin Jr.","PHI",41,621,3.5913806863527533,0,1.7557861133280128,0.5586592178770949,0,0,0.3192338387869114,0.08979591836734693,0.12571428571428572,0
"Cory Joseph","ORL",50,612,1.4646053702196908,0,0.6509357200976403,0.24410089503661514,0.08136696501220504,0,0.08136696501220504,0.05625,0.15384615384615385,0.009259259259259259
"Kessler Edwards","DAL",40,608,1.0309278350515463,0,0.3965107057890563,0.07930214115781126,0,0,0.1586042823156225,0.03597122302158273,0.058823529411764705,0
"Zeke Nnaji","DEN",57,608,3.536977491961415,0,1.6881028938906752,0.1607717041800643,0,0,0.1607717041800643,0.13125,0.19444444444444445,0
"Pat Connaughton","MIL",41,603,2.540983606557377,0,0.9836065573770492,0.2459016393442623,0.08196721311475409,0,0.32786885245901637,0.06451612903225806,0.11428571428571428,0
"Ajay Mitchell","OKC",36,597,2.8618152085036797,0,1.553556827473426,0.6541291905151267,0,0,0.24529844644317253,0.09743589743589744,0.14074074074074075,0
"Brandon Ingram","NOP",18,595,4.617968094038623,3,2.0151133501259446,0.33585222502099077,0.16792611251049538,0,0.08396305625524769,0.07323943661971831,0.10084033613445378,0.017094017094017096
"Jared McCain","PHI",23,592,4.733727810650888,0,1.7751479289940828,0.25359256128486896,0.25359256128486896,0,0.33812341504649196,0.08135593220338982,0.1320754716981132,0.022058823529411766
"Cam Reddish","LAL",33,589,2.1922428330522767,0,1.0961214165261384,0.3372681281618887,0,0,0.16863406408094436,0.1262135922330097,0.23214285714285715,0
"Jae'Sean Tate","HOU",52,588,3.855619360131255,0,1.5586546349466777,0.41017227235438886,0,0,0.5742411812961444,0.11728395061728394,0.16379310344827586,0
"Olivier-Maxence Prosper","DAL",52,584,6.260296540362439,0,3.047775947281713,0.4942339373970346,0,0,0.32948929159802304,0.18048780487804877,0.24025974025974026,0
"Jarred Vanderbilt","LAL",36,581,3.048264182895851,0,1.1854360711261642,0.1693480101608806,0,0,0.2540220152413209,0.10526315789473684,0.13861386138613863,0
"Joel Embiid","PHI",19,574,14.382978723404255,1,6.553191489361702,1.1063829787234043,0,0,1.1914893617021276,0.20316622691292877,0.25496688741721857,0
"Monté Morris","PHX",45,571,3.6395147313691507,0,1.3864818024263432,0.08665511265164645,0.08665511265164645,0,0.3466204506065858,0.08056872037914692,0.12903225806451613,0.011494252873563218
"Moritz Wagner","ORL",30,564,9.623797025371829,0,4.374453193350831,1.2248468941382327,0,0,0.9623797025371829,0.17543859649122806,0.23809523809523808,0
"Malcolm Brogdon","WAS",24,564,7.829787234042553,2,2.978723404255319,0.5106382978723404,0.1702127659574468,0,0.851063829787234,0.13653136531365315,0.1643192488262911,0.034482758620689655
"John Konchar","MEM",46,558,0.6717044500419815,0,0.41981528127623846,0.16792611251049538,0,0,0,0.05319148936170213,0.15625,0
"Dillon Jones","OKC",54,552,2.460456942003515,0,1.054481546572935,0.1757469244288225,0,0,0.26362038664323373,0.08391608391608392,0.15,0
"Dwight Powell","DAL",55,551,3.768624014022787,0,1.4022787028922,0.26292725679228746,0,0,0.43821209465381245,0.21621621621621623,0.2318840579710145,0
"Jordan Goodwin","LAL",29,543,1.0110294117647058,0,0.18382352941176472,0.09191176470588236,0,0,0.36764705882352944,0.013793103448275862,0.025974025974025976,0
"Richaun Holmes","WAS",31,534,5.474452554744525,0,3.010948905109489,0.7299270072992701,0,0,0.18248175182481752,0.20121951219512196,0.20496894409937888,0
"Mouhamed Gueye","ATL",33,533,3.7567084078711988,0,1.7889087656529516,0.26833631484794274,0.08944543828264759,0,0,0.1111111111111111,0.18691588785046728,0.012195121951219513
"Bismack Biyombo","SAS",28,528,2.3212627669452184,0,1.2999071494893222,0.2785515320334262,0,0,0,0.112,0.112,0
"Jaylen Clark","MIN",40,522,3.4322820037105752,0,1.391465677179963,0,0.09276437847866419,0,0.18552875695732837,0.11764705882352941,0.17857142857142858,0.019230769230769232
"Rob Dillingham","MIN",49,516,1.3992537313432836,0,0.6529850746268657,0.2798507462686567,0,0,0.1865671641791045,0.03255813953488372,0.04964539007092199,0
"Colby Jones","WAS",39,515,3.349282296650718,0,1.1483253588516746,0.19138755980861244,0.09569377990430622,0.09569377990430622,0.5741626794258373,0.09352517985611511,0.13333333333333333,0.02040816326530612
"Craig Porter Jr.","CLE",51,513,3.016022620169651,0,1.2252591894439209,0.3770028275212064,0,0,0.471253534401508,0.087248322147651,0.12871287128712872,0
"Tristan Vukcevic","WAS",35,513,6.232558139534884,0,3.441860465116279,0.9302325581395349,0.09302325581395349,0.09302325581395349,0.09302325581395349,0.1412639405204461,0.2215568862275449,0.00980392156862745
"Elfrid Payton","NOP",24,511,0.667302192564347,0,0.2859866539561487,0.09532888465204957,0,0,0.09532888465204957,0.024193548387096774,0.025423728813559324,0
"Jamal Cain","NOP",37,502,4.826254826254826,0,2.22007722007722,0.5791505791505791,0,0,0.4826254826254826,0.13142857142857142,0.24210526315789474,0
"Keaton Wallace","ATL",31,501,1.055662188099808,0,0.4798464491362764,0.09596928982725528,0,0,0.09596928982725528,0.030120481927710843,0.05952380952380952,0
"Jock Landale","HOU",42,500,3.7735849056603774,0,1.9811320754716981,0.5660377358490566,0,0,0.18867924528301888,0.12574850299401197,0.14893617021276595,0
"Wendell Moore Jr.","CHA",36,499,2.1442495126705654,0,1.267056530214425,0.3898635477582846,0,0,0,0.0962962962962963,0.13829787234042554,0
"Vince Williams Jr.","MEM",27,499,2.2770398481973433,1,0.8538899430740038,0.18975332068311196,0,0,0.3795066413662239,0.05172413793103448,0.11392405063291139,0
"Brandon Williams","DAL",33,487,6.358381502890174,0,2.7938342967244703,0.674373795761079,0.09633911368015415,0,0.5780346820809249,0.14285714285714285,0.19463087248322147,0.01639344262295082
"A.J. Lawson","TOR",26,486,6.098741529525653,0,2.6137463697967087,0.484027105517909,0.1936108422071636,0,0.3872216844143272,0.13551401869158877,0.24324324324324326,0.019417475728155338
"Grant Williams","CHA",16,479,3.7948717948717947,0,1.3333333333333333,0.10256410256410256,0,0,0.6153846153846154,0.0962962962962963,0.21311475409836064,0
"Lonnie Walker IV","PHI",20,477,3.054989816700611,1,1.3238289205702647,0.4073319755600815,0.10183299389002037,0,0.20366598778004075,0.06306306306306306,0.13829787234042554,0.0078125
"Duop Reath","POR",46,469,2.2357723577235773,0,0.6097560975609756,0,0,0,0.508130081300813,0.03488372093023256,0.09090909090909091,0
"Reece Beekman","BKN",36,469,2.234042553191489,0,0.9574468085106383,0.10638297872340426,0,0,0.2127659574468085,0.0782608695652174,0.12,0
"Kai Jones","DAL",40,468,3.3719704952581666,0,2.107481559536354,0.8429926238145417,0,0,0,0.1652892561983471,0.1724137931034483,0
"Larry Nance Jr.","ATL",24,463,1.325178389398573,0,0.509683995922528,0.1019367991845056,0,0,0.2038735983690112,0.031446540880503145,0.060240963855421686,0
"Collin Gillespie","PHX",33,461,2.38353196099675,0,1.191765980498375,0.21668472372697725,0,0,0.10834236186348863,0.0658682634730539,0.14285714285714285,0
"Rayan Rupert","POR",52,460,3.045685279187817,0,1.5228426395939085,0.40609137055837563,0,0,0.20304568527918782,0.09803921568627451,0.1595744680851064,0
"GG Jackson","MEM",29,459,4.1928721174004195,0,1.8867924528301887,0.4192872117400419,0,0,0.4192872117400419,0.08450704225352113,0.15254237288135594,0
"Jaylon Tyson","CLE",47,453,2.5504782146652496,0,1.1689691817215728,0.21253985122210414,0,0,0.21253985122210414,0.06962025316455696,0.11,0
"Bol Bol","PHX",36,448,2.7807486631016043,0,1.1764705882352942,0.21390374331550802,0,0,0.32085561497326204,0.057291666666666664,0.1111111111111111,0
"Paul Reed","DET",45,436,4.661487236403995,0,1.8867924528301887,0.4439511653718091,0,0,0.6659267480577137,0.10967741935483871,0.13385826771653545,0
"Colin Castleton","TOR",26,432,4.245810055865922,0,1.899441340782123,0.44692737430167595,0,0,0.44692737430167595,0.15315315315315314,0.17894736842105263,0
"Trevelin Queen","ORL",31,430,2.4193548387096775,0,1.152073732718894,0.1152073732718894,0,0,0.1152073732718894,0.0641025641025641,0.12658227848101267,0
"Malaki Branham","SAS",47,427,3.7037037037037037,1,1.5712682379349046,0.1122334455667789,0,0,0.3367003367003367,0.06896551724137931,0.11764705882352941,0
"Jordan Miller","LAC",37,420,4.103165298944901,0,1.5240328253223916,0.23446658851113716,0.11723329425556858,0,0.46893317702227433,0.0958904109589041,0.12149532710280374,0.02564102564102564
"Mo Bamba","NOP",32,413,3.3088235294117645,0,1.838235294117647,0.36764705882352944,0,0,0,0.12096774193548387,0.21428571428571427,0
"David Roddy","HOU",33,410,2.991944764096663,0,1.2658227848101267,0.23014959723820483,0,0,0.34522439585730724,0.08208955223880597,0.1506849315068493,0
"Taj Gibson","CHA",37,409,2.4390243902439024,0,0.7317073170731707,0.12195121951219512,0,0,0.6097560975609756,0.06,0.061224489795918366,0
"Ousmane Dieng","OKC",37,405,1.8912529550827424,0,1.0638297872340425,0.2364066193853428,0,0,0,0.06818181818181818,0.14754098360655737,0
"Jordan Walsh","BOS",52,403,1.4981273408239701,0,0.7490636704119851,0.24968789013732834,0,0,0.12484394506866417,0.06896551724137931,0.1875,0
"Hunter Tyson","DEN",51,400,3.349282296650718,0,1.555023923444976,0.23923444976076555,0,0,0.23923444976076555,0.09923664122137404,0.22807017543859648,0
"Anthony Gill","WAS",51,397,6.127450980392157,0,2.573529411764706,0.49019607843137253,0,0,0.49019607843137253,0.2,0.28378378378378377,0
"Jeff Green","HOU",32,396,3.2019704433497536,0,1.6009852216748768,0.24630541871921183,0,0,0,0.09848484848484848,0.24528301886792453,0
"Devin Carter","SAC",36,396,5.493133583021224,0,2.1223470661672907,0,0,0,0.37453183520599254,0.11805555555555555,0.20481927710843373,0
"Trey Jemison III","LAL",38,392,4.219948849104859,0,1.6624040920716112,0.1278772378516624,0,0,0.5115089514066496,0.1511627906976744,0.1511627906976744,0
"Reggie Jackson","PHI",31,384,1.1826544021024967,0,0.39421813403416556,0.1314060446780552,0,0,0.2628120893561104,0.022222222222222223,0.04918032786885246,0
"Baylor Scheierman","BOS",31,384,1.6021361815754338,0,0.6675567423230975,0,0,0,0.13351134846461948,0.043478260869565216,0.15151515151515152,0
"Quenton Jackson","IND",28,381,4.975124378109452,0,2.1144278606965172,0.4975124378109453,0,0,0.6218905472636815,0.1259259259259259,0.17894736842105263,0
"Alex Len","LAL",46,380,2.2135416666666665,0,1.0416666666666667,0.13020833333333334,0,0,0.13020833333333334,0.11428571428571428,0.13114754098360656,0
"Johnny Furphy","IND",50,379,2.6894865525672373,0,0.8557457212713936,0.4889975550122249,0,0,0.7334963325183375,0.07368421052631578,0.15555555555555556,0
"Charles Bassey","SAS",36,376,4.125,0,1.75,0.625,0,0,0.625,0.1111111111111111,0.1111111111111111,0
"Dominick Barlow","ATL",35,375,4.1457286432160805,0,2.0100502512562812,0.8793969849246231,0,0,0.5025125628140703,0.1322314049586777,0.1702127659574468,0
"Danté Exum","DAL",20,372,4.031209362808843,0,1.8205461638491547,0.39011703511053314,0,0,0.39011703511053314,0.09655172413793103,0.15217391304347827,0
"Damion Baugh","CHA",15,370,2.0026702269692924,0,0.9345794392523364,0.13351134846461948,0,0,0.13351134846461948,0.051470588235294115,0.0875,0
"Jaden Springer","UTA",43,365,5.013192612137203,0,2.242744063324538,0.2638522427440633,0,0,0.39577836411609496,0.1619047619047619,0.2982456140350877,0
"Robert Williams III","POR",20,351,2.374301675977654,0,1.2569832402234637,0.41899441340782123,0,0,0.13966480446927373,0.10714285714285714,0.1111111111111111,0
"Doug McDermott","SAC",42,342,0.7153075822603719,0,0.1430615164520744,0,0.1430615164520744,0,0,0.01680672268907563,0.058823529411764705,0.00980392156862745
"Christian Koloko","LAL",37,342,2.005730659025788,0,0.5730659025787965,0,0,0,0.4297994269340974,0.05714285714285714,0.06060606060606061,0
"Terrence Shannon Jr.","MIN",32,339,2.9453015427769986,0,1.6830294530154277,0.42075736325385693,0,0,0,0.0975609756097561,0.13043478260869565,0
"Keion Brooks Jr.","NOP",14,332,4.3604651162790695,0,2.0348837209302326,0.5813953488372093,0.14534883720930233,0,0.29069767441860467,0.125,0.18421052631578946,0.022727272727272728
"Tristan Thompson","CLE",40,328,4.444444444444445,0,1.9259259259259258,0.2962962962962963,0,0,0.4444444444444444,0.15853658536585366,0.16455696202531644,0
"Maxwell Lewis","BKN",28,328,1.5197568389057752,0,0.7598784194528876,0,0,0,0,0.04424778761061947,0.07936507936507936,0
"Patty Mills","LAC",29,321,2.0802377414561666,1,0.1485884101040119,0,0.4457652303120357,0.1485884101040119,0.2971768202080238,0.04040404040404041,0.045454545454545456,0.03896103896103896
"Jevon Carter","CHI",36,321,1.4184397163120568,0,0.425531914893617,0,0.28368794326241137,0.28368794326241137,0.14184397163120568,0.03355704697986577,0.06818181818181818,0.01904761904761905
"Tre Mann","CHA",13,319,3.3175355450236967,1,1.4218009478672986,0.47393364928909953,0,0,0.47393364928909953,0.05389221556886228,0.08411214953271028,0
"Jalen Hood-Schifino","PHI",15,315,3.2208588957055215,0,1.2269938650306749,0.15337423312883436,0,0,0.4601226993865031,0.0761904761904762,0.13559322033898305,0
"Jordan McLaughlin","SAS",46,314,3.459119496855346,0,0.9433962264150944,0.31446540880503143,0,0,0.9433962264150944,0.07894736842105263,0.2,0
"Torrey Craig","BOS",26,314,1.948051948051948,0,0.974025974025974,0,0,0,0,0.0625,0.2,0
"Matisse Thybulle","POR",15,312,2.3112480739599386,1,0.7704160246533128,0.15408320493066255,0.15408320493066255,0,0.15408320493066255,0.06451612903225806,0.11363636363636363,0.02040816326530612
"Isaac Jones","SAC",40,304,5.687203791469194,0,3.0015797788309637,0.9478672985781991,0,0,0.315955766192733,0.19791666666666666,0.2159090909090909,0
"Tyler Kolek","NYK",41,296,2.7642276422764227,0,1.1382113821138211,0.16260162601626016,0,0,0.3252032520325203,0.07954545454545454,0.17073170731707318,0
"Mitchell Robinson","NYK",17,290,3.4296028880866425,0,1.0830324909747293,0.18050541516245489,0,0,0.7220216606498195,0.09836065573770492,0.09836065573770492,0
"Josh Minott","MIN",46,276,3.247863247863248,0,1.1965811965811965,0.17094017094017094,0,0,0.3418803418803419,0.07291666666666667,0.1320754716981132,0
"Kobe Brown","LAC",40,272,1.2773722627737227,0,0.7299270072992701,0.5474452554744526,0,0,0.18248175182481752,0.0547945205479452,0.0851063829787234,0
"Dru Smith","MIA",14,268,2.3550724637681157,0,0.36231884057971014,0,0,0,0.7246376811594203,0.031746031746031744,0.06060606060606061,0
"Isaiah Wong","CHA",20,265,6.4030131826742,0,3.2015065913371,0.3766478342749529,0,0,0.18832391713747645,0.14166666666666666,0.19540229885057472,0
"Marvin Bagley III","MEM",31,265,6.261180679785331,0,3.041144901610018,0.5366726296958855,0,0,0.35778175313059035,0.14166666666666666,0.16831683168316833,0
"Oscar Tshiebwe","UTA",14,255,5.961538461538462,0,3.6538461538461537,1.3461538461538463,0,0,0,0.23170731707317074,0.23170731707317074,0
"Drew Timme","BKN",9,254,3.076923076923077,0,1.9230769230769231,0.7692307692307693,0,0,0,0.09259259259259259,0.136986301369863,0
"Marcus Bagley","PHI",10,253,1.8975332068311195,0,0.9487666034155597,0,0,0,0,0.06756756756756757,0.11904761904761904,0
"Cam Spencer","MEM",25,252,3.5984848484848486,1,1.3257575757575757,0.3787878787878788,0,0,0.5681818181818182,0.08045977011494253,0.20588235294117646,0
"Kevin Love","MIA",23,251,4.3893129770992365,0,1.5267175572519085,0.19083969465648856,0,0,0.7633587786259542,0.06557377049180328,0.14545454545454545,0
"Pat Spencer","GSW",39,250,2.9013539651837523,0,1.5473887814313345,0.19342359767891681,0,0,0,0.07407407407407407,0.09302325581395349,0
"JT Thor","WAS",20,249,4.330708661417323,0,2.1653543307086616,0,0,0,0,0.15714285714285714,0.22448979591836735,0
"Branden Carlson","OKC",32,246,3.4615384615384617,0,1.9230769230769231,0.38461538461538464,0,0,0,0.09523809523809523,0.2564102564102564,0
"Dariq Whitehead","BKN",20,246,0.9784735812133072,0,0.5870841487279843,0.19569471624266144,0,0,0,0.030612244897959183,0.125,0
"Johnny Davis","WAS",34,242,2.9013539651837523,1,1.1605415860735009,0,0,0,0.19342359767891681,0.07142857142857142,0.10909090909090909,0
"Bones Hyland","MIN",24,239,5.349794238683128,3,1.646090534979424,0.205761316872428,0.411522633744856,0,0.205761316872428,0.07874015748031496,0.18604651162790697,0.023809523809523808
"Jaylen Martin","WAS",16,239,2.032520325203252,0,1.016260162601626,0.4065040650406504,0,0,0,0.06493506493506493,0.09259259259259259,0
"Xavier Tillman","BOS",33,231,0.8771929824561403,0,0.21929824561403508,0,0,0,0,0.018518518518518517,0.045454545454545456,0
"Garrett Temple","TOR",28,227,2.4489795918367347,0,1.0204081632653061,0,0,0,0.20408163265306123,0.07692307692307693,0.13513513513513514,0
"Jared Rhoden","TOR",14,226,5.219206680584551,0,2.5052192066805845,0.20876826722338204,0,0,0.20876826722338204,0.12244897959183673,0.2033898305084746,0
"Luka Garza","MIN",38,219,7.462686567164179,0,3.624733475479744,0.6396588486140725,0,0,0.42643923240938164,0.14285714285714285,0.20481927710843373,0
"Ariel Hukporti","NYK",25,217,2.9082774049217,0,1.342281879194631,0.22371364653243847,0,0,0.22371364653243847,0.16666666666666666,0.16666666666666666,0
"Alex Reese","PHI",15,216,2.62582056892779,0,1.312910284463895,0.437636761487965,0,0,0.2188183807439825,0.10344827586206896,0.35294117647058826,0
"Dario Šarić","DEN",16,210,2.3529411764705883,0,1.1764705882352942,0,0,0,0,0.07936507936507936,0.13513513513513514,0
"Adam Flagler","OKC",37,203,0.4784688995215311,0,0,0,0,0,0.23923444976076555,0,0,0
"Chuma Okeke","CLE",9,197,0.7575757575757576,0,0,0,0.25252525252525254,0,0,0.024390243902439025,0,0.034482758620689655
"Drew Peterson","BOS",25,186,2.4193548387096775,0,0.5376344086021505,0,0.26881720430107525,0,0.26881720430107525,0.06818181818181818,0.2,0.029411764705882353
"Markelle Fultz","SAC",21,184,0.2695417789757412,0,0.2695417789757412,0.2695417789757412,0,0,0,0.014925373134328358,0.01694915254237288,0
"Lester Quinones","NOP",13,183,3.2581453634085213,1,1.2531328320802004,0.5012531328320802,0,0,0.5012531328320802,0.06172839506172839,0.13513513513513514,0
"Bronny James","LAL",27,181,3.867403314917127,1,1.9337016574585635,0.27624309392265195,0,0,0,0.0958904109589041,0.17073170731707318,0
"Enrique Freeman","IND",22,181,4.822335025380711,0,1.2690355329949239,0.25380710659898476,0,0,1.015228426395939,0.12195121951219512,0.16129032258064516,0
"Cole Swider","TOR",10,170,0.27100271002710025,0,0.27100271002710025,0.27100271002710025,0,0,0,0.015873015873015872,0.0625,0
"Jaylen Nowell","NOP",8,168,3.3333333333333335,0,1.8181818181818181,0.30303030303030304,0,0,0,0.07692307692307693,0.11764705882352941,0
"Markieff Morris","LAL",15,164,1.7699115044247788,0,0.8849557522123894,0,0,0,0,0.0410958904109589,0.08108108108108109,0
"Killian Hayes","BKN",6,162,3.592814371257485,0,1.1976047904191616,0,0,0,0.5988023952095808,0.0851063829787234,0.15384615384615385,0
"MarJon Beauchamp","NYK",35,156,5.882352941176471,0,2.6470588235294117,0,0,0,0.29411764705882354,0.12162162162162163,0.2,0
"Lamar Stevens","MEM",17,155,3.492063492063492,0,1.5873015873015872,0.31746031746031744,0,0,0.31746031746031744,0.07462686567164178,0.125,0
"Tyson Etienne","BKN",7,151,3.1055900621118013,0,0.9316770186335404,0,0,0,0.6211180124223602,0.05454545454545454,0.2727272727272727,0
"Josh Richardson","MIA",8,150,1.3114754098360655,0,0.6557377049180327,0,0,0,0,0.05,0.1111111111111111,0
"Nate Williams","HOU",20,147,2.4464831804281344,0,0.9174311926605505,0,0,0,0.3058103975535168,0.046153846153846156,0.07692307692307693,0
"Bruno Fernando","TOR",17,147,2.711864406779661,0,1.3559322033898304,0,0,0,0,0.07547169811320754,0.07547169811320754,0
"Damion Lee","PHX",25,144,6.687898089171974,0,1.910828025477707,0.3184713375796178,0,0,1.5923566878980893,0.0759493670886076,0.14285714285714285,0
"Oshae Brissett","PHI",6,142,4.761904761904762,0,2.380952380952381,0.6802721088435374,0,0,0,0.1590909090909091,0.2692307692307692,0
"Pete Nance","MIL",13,138,0.7352941176470589,0,0,0,0,0,0.36764705882352944,0,0,0
"Elijah Harkless","UTA",10,138,2.150537634408602,0,1.075268817204301,0,0,0,0,0.07894736842105263,0.23076923076923078,0
"Vlatko Čančar","DEN",13,136,0,0,0,0,0,0,0,0,0,0
"Kylor Kelley","NOP",11,126,3.745318352059925,0,1.4981273408239701,0,0,0,0.37453183520599254,0.15384615384615385,0.15384615384615385,0
"Alex Ducas","OKC",21,125,0.7547169811320755,0,0.37735849056603776,0,0,0,0,0.03225806451612903,0.1,0
"Spencer Jones","DEN",20,125,1.1450381679389312,0,0.3816793893129771,0.3816793893129771,0,0,0.3816793893129771,0.029411764705882353,0.058823529411764705,0
"Kobe Bufkin","ATL",10,124,6.844106463878327,0,3.4220532319391634,0.7604562737642585,0,0,0.38022813688212925,0.16666666666666666,0.2571428571428571,0
"Tyler Smith","MIL",23,122,3.125,0,1.171875,0.390625,0.390625,0,0,0.07547169811320754,0.13636363636363635,0.03225806451612903
"De'Anthony Melton","GSW",6,121,3.125,0,0.390625,0,0,0,1.171875,0.01818181818181818,0.05,0
"Moses Brown","DAL",13,119,4.280155642023346,0,2.7237354085603114,1.1673151750972763,0,0,0,0.1320754716981132,0.1320754716981132,0
"TyTy Washington Jr.","PHX",16,118,2.510460251046025,0,1.2552301255230125,0,0,0,0,0.0625,0.1111111111111111,0
"Trey Alexander","DEN",23,116,1.5810276679841897,0,0.3952569169960474,0,0,0,0.3952569169960474,0.023809523809523808,0.04,0
"Sidy Cissoko","POR",22,114,3.6437246963562755,0,1.6194331983805668,0.4048582995951417,0,0,0,0.12121212121212122,0.2,0
"Joe Ingles","MIN",19,114,0,0,0,0,0,0,0,0,0,0
"Tony Bradley","IND",14,113,2.5,0,0.8333333333333334,0,0,0,0.4166666666666667,0.0425531914893617,0.045454545454545456,0
"Jaylen Sims","CHA",6,112,6.4655172413793105,0,2.586206896551724,0,0.43103448275862066,0,0,0.2,0.3157894736842105,0.0625
"Pacôme Dadiet","NYK",18,111,2.6315789473684212,0,1.3157894736842106,0.8771929824561403,0,0,0.43859649122807015,0.09375,0.23076923076923078,0
"Patrick Baldwin Jr.","LAC",24,107,1.7391304347826086,0,0.43478260869565216,0,0,0,0.43478260869565216,0.027777777777777776,0.07692307692307693,0
"Chris Livingston","MIL",21,106,7.111111111111111,0,4,0.8888888888888888,0,0,0,0.2647058823529412,0.34615384615384615,0
"Jae Crowder","SAC",9,103,2.912621359223301,0,0,0,0.970873786407767,0,0,0.08333333333333333,0,0.11764705882352941
"Justin Minaya","POR",19,101,0.9259259259259259,0,0,0,0,0,0.46296296296296297,0,0,0
"Keshad Johnson","MIA",16,98,4.205607476635514,0,1.8691588785046729,0.4672897196261682,0,0,0.4672897196261682,0.13793103448275862,0.18181818181818182,0
"Yuki Kawamura","MEM",22,93,4.390243902439025,0,0.975609756097561,0,0.4878048780487805,0.4878048780487805,0.975609756097561,0.09375,0.2222222222222222,0.043478260869565216
"Luke Travers","CLE",12,88,1.0810810810810811,0,0.5405405405405406,0,0,0,0,0.047619047619047616,0.08333333333333333,0
"Stanley Umude","MIL",22,86,2.0833333333333335,0,1.0416666666666667,0,0,0,0,0.07142857142857142,0.15384615384615385,0