C_cluster_0,C_cluster_1,C_cluster_2,C_cluster_3,C_cluster_4,C_cluster_5,PF_cluster_0,PF_cluster_1,PF_cluster_2,PF_cluster_3,PF_cluster_4,PF_cluster_5,PG_cluster_0,PG_cluster_1,PG_cluster_2,PG_cluster_3,SF_cluster_0,SF_cluster_1,SF_cluster_2,SF_cluster_3,SG_cluster_0,SG_cluster_1,SG_cluster_2,SG_cluster_3,SG_cluster_4,PlusMinus,Minutes,Predicted_PlusMinus,Residual
0,0,0,0,1,0,0,0,1,0,0,0,0,0,0,1,1,0,0,0,0,0,0,0,1,11.464920204757604,159,6.768511848630197,4.696408356127407
0,0,0,1,0,0,1,0,0,0,0,0,0,0,0,1,2,0,0,0,0,0,0,0,0,3.167124973559212,152,8.602208429349659,-5.435083455790447
0,1,0,0,0,0,1,0,0,0,0,0,0,0,0,1,0,0,0,0,0,0,0,0,2,-6.178267308404287,144,11.559948470187244,-17.73821577859153
0,0,0,0,1,0,0,0,1,0,0,0,0,0,0,0,2,0,0,0,0,0,0,0,1,11.69824309359194,128,6.542406479095617,5.155836614496322
0,1,0,0,0,0,0,0,0,0,1,0,0,0,0,1,1,0,0,0,0,0,1,0,0,0.2538948064240003,120,7.047907812623503,-6.794013006199503
0,0,0,1,0,0,1,0,1,0,0,0,0,0,0,0,0,0,0,0,0,0,2,0,0,17.352492201499956,116,-2.083758108891993,19.436250310391948
0,0,0,0,1,0,0,0,1,0,0,0,0,0,0,1,1,0,0,0,0,0,1,0,0,14.473684210526317,110,7.172379611294681,7.301304599231636
0,1,0,0,0,0,1,0,0,0,0,0,0,0,0,1,1,0,0,0,0,0,1,0,0,19.22975468214192,101,8.564201343091208,10.665553339050712
1,0,0,0,0,0,0,0,0,0,1,0,0,0,0,1,1,0,0,0,0,0,1,0,0,5.746812386156648,92,6.562572048769849,-0.8157596626132007
0,1,0,0,0,0,0,0,0,0,0,0,0,0,0,1,1,0,0,0,0,0,2,0,0,-6.666666666666671,90,3.631506415350624,-10.298173082017296
0,0,0,0,1,0,1,0,0,0,0,0,0,0,0,1,1,0,0,0,0,0,1,0,0,-18.368011285028345,89,9.106742147608811,-27.474753432637158
0,0,0,0,1,0,0,0,0,0,1,0,1,0,0,0,1,0,0,0,0,0,1,0,0,-12.14285714285714,84,3.166379216147621,-15.309236359004762
0,2,0,0,0,0,0,0,0,0,0,0,0,0,0,1,0,0,0,0,0,0,2,0,0,-8.09754348215887,82,3.6380307140498735,-11.735574196208743
0,1,0,0,0,0,1,0,0,0,0,0,0,0,0,1,1,0,0,0,0,0,1,0,0,-3.797468354430378,77,8.564201343091208,-12.361669697521585
0,0,0,0,1,0,0,0,0,0,0,0,0,0,0,0,2,0,0,0,0,0,2,0,0,11.80500658761528,77,0.17582170768262595,11.629184879932653
0,0,0,0,0,1,0,0,1,0,0,0,0,0,0,1,0,0,0,0,0,0,2,0,0,15.397158164453757,75,-1.3877373945207117,16.78489555897447
0,0,0,0,0,1,0,0,0,0,1,0,0,0,0,1,1,0,0,0,0,0,0,0,1,27.57017543859648,74,8.784589176347776,18.785586262248703
0,1,0,0,0,0,0,0,0,0,1,0,1,0,0,1,0,0,0,0,0,0,0,0,1,-15.541401273885356,74,9.747358739433247,-25.2887600133186
0,0,0,0,0,0,0,0,0,0,1,0,0,0,0,0,3,0,0,0,0,0,1,0,0,2.900641025641022,72,2.7703262675907077,0.13031475805031434
0,0,0,0,0,1,0,0,0,0,0,0,0,0,0,0,2,0,0,0,0,0,2,0,0,16.97224344283167,71,0.3974436148511631,16.574799827980506
0,0,0,0,1,0,0,0,0,0,0,0,1,0,0,0,2,0,0,0,0,0,1,0,0,-7.461368653421644,71,3.7833204632694715,-11.244689116691116
0,0,0,0,1,0,0,0,0,0,0,0,0,0,0,1,1,0,0,0,0,0,0,0,2,-13.677248677248684,68,7.9615734371326665,-21.63882211438135
0,0,0,1,0,0,1,0,1,0,0,0,1,0,0,0,0,0,0,0,0,0,1,0,0,21.38793473593817,66,4.374072727513387,17.013862008424784
0,0,0,0,0,0,0,0,1,0,1,0,0,0,0,1,0,0,0,1,0,0,1,0,0,15.68451121455776,65,7.9180845939019235,7.766426620655837
0,0,0,0,0,1,0,0,1,0,0,0,1,0,0,1,1,0,0,0,0,0,0,0,0,0.7633587786259568,64,2.9317319065297465,-2.1683731279037897
0,0,0,0,0,1,0,0,0,0,0,0,0,0,0,1,2,0,0,0,0,0,0,0,1,-9.05826771653544,63,8.237253480047666,-17.295521196583106
1,0,0,0,1,0,0,0,1,0,0,0,0,0,0,0,2,0,0,0,0,0,0,0,0,4.421840785477144,63,5.431759528696035,-1.0099187432188907
0,1,0,0,0,0,0,0,0,0,1,0,0,0,0,1,1,0,0,0,0,0,0,0,1,7.308970099667775,60,7.550296371659511,-0.24132627199173573
0,0,0,1,0,0,0,0,0,0,1,0,0,0,0,0,1,0,0,0,0,0,1,0,1,11.282539682539678,60,5.667315977164723,5.615223705374955
0,0,0,0,1,0,1,0,0,0,0,0,0,0,0,1,2,0,0,0,0,0,0,0,0,-14.812030075187977,59,7.48650749506434,-22.298537570252318
0,0,0,0,0,1,0,0,1,0,0,0,0,0,0,1,1,0,0,1,0,0,0,0,0,-8.799999999999997,59,6.067891785490087,-14.867891785490084
0,0,1,0,0,0,0,0,0,0,0,0,0,0,0,1,3,0,0,0,0,0,0,0,0,-9.23657598632674,56,0.966465517055881,-10.20304150338262
0,1,0,0,0,0,0,0,1,0,0,0,0,0,0,1,0,0,0,0,0,0,0,0,2,-22.895967270601982,55,7.2778118708898445,-30.173779141491828
0,0,0,0,0,1,1,0,0,0,0,0,0,0,0,0,1,0,0,0,0,0,1,0,1,-2.204228520017992,54,6.37485199649993,-8.579080516517923
0,0,0,0,1,0,0,0,0,0,1,0,0,0,0,1,1,0,0,0,0,0,0,0,1,-4.073638856247555,54,7.910948721355998,-11.984587577603554
0,0,0,0,1,0,0,0,0,0,0,0,0,0,0,1,3,0,0,0,0,0,0,0,0,-20.76183147364371,53,7.279670035343887,-28.041501508987597
0,0,0,0,0,1,0,0,0,0,0,0,0,0,0,0,2,0,0,0,0,0,2,0,0,11.711711711711716,53,0.3974436148511631,11.314268096860554
0,1,0,0,0,0,1,0,1,0,0,0,0,0,0,1,0,0,0,0,0,0,0,0,1,46.72897196261681,52,6.470614833514227,40.258357129102585
0,0,0,0,0,1,0,0,1,0,1,0,0,0,0,1,0,0,0,0,0,0,1,0,0,-16.474358974358992,52,5.080986622930235,-21.555345597289225
0,0,0,0,1,0,0,0,0,0,0,0,0,0,0,0,1,0,0,0,0,0,3,0,0,-20.93951749915051,51,0.17582170768262595,-21.115339206833138
0,2,0,0,0,0,1,0,0,0,0,0,0,0,0,1,1,0,0,0,0,0,0,0,0,29.893203883495147,51,7.334103428910026,22.55910045458512
0,0,0,0,0,0,0,0,0,0,2,0,0,0,0,0,0,0,0,1,0,0,2,0,0,6.22874149659863,49,-0.47404911462740773,6.702790611226038
1,0,0,0,0,0,0,0,0,0,1,0,0,0,0,1,1,0,0,0,0,0,1,0,0,29.131742961530207,49,6.562572048769849,22.56917091276036
1,0,0,0,0,0,0,0,0,0,1,0,0,0,0,1,1,0,0,0,0,0,1,0,0,30.708915145005378,48,6.562572048769849,24.14634309623553
0,0,0,0,1,0,0,0,1,0,0,0,0,0,0,2,0,0,0,0,0,0,1,0,0,13.861386138613852,47,6.118737869066714,7.742648269547138
0,0,0,0,0,1,0,0,0,0,1,0,0,0,0,1,0,0,0,0,0,0,1,0,1,30.03030303030303,47,9.173228979316328,20.857074050986704
0,0,0,0,1,0,0,0,0,0,0,0,0,0,0,0,2,0,0,0,0,0,2,0,0,-9.460077785403795,46,0.17582170768262595,-9.635899493086422
0,0,0,1,0,0,0,0,0,0,1,0,0,0,0,1,1,0,0,0,0,0,1,0,0,2.614379084967325,46,8.022522573194477,-5.408143488227152
0,0,0,0,0,0,0,0,1,0,1,0,0,0,0,1,1,0,0,0,0,0,1,0,0,9.43695479777955,44,6.4820163674857545,2.9549384302937947
0,0,0,0,0,0,0,0,1,0,2,0,0,0,0,1,0,0,0,1,0,0,0,0,0,20.61133260843299,44,7.505573675485244,13.105758932947744
0,1,0,0,0,0,0,0,0,0,1,0,0,0,0,0,2,0,0,0,0,0,1,0,0,-3.149001536098311,44,4.335241936241906,-7.484243472340217
0,1,0,0,0,1,0,0,0,0,0,0,0,0,0,1,1,0,0,1,0,0,0,0,0,12.70398047887754,41,7.6630420328333635,5.040938446044176
0,1,0,0,0,0,0,0,0,0,0,0,0,0,0,1,2,0,0,0,0,0,1,0,0,9.945027486256876,41,7.838089307226097,2.106938179030779
0,1,0,0,0,0,0,0,0,0,0,0,0,0,0,0,2,0,0,0,0,0,2,0,0,21.83908045977012,40,1.3211339305383685,20.51794652923175
0,0,0,0,1,0,0,0,0,0,1,0,0,0,0,1,2,0,0,0,0,0,0,0,0,23.837513061650995,40,6.90639512034083,16.931117941310166
0,0,0,0,1,0,1,0,0,0,1,0,0,0,0,1,1,0,0,0,0,0,0,0,0,-10.992116614606571,40,7.235525061386147,-18.227641675992718
0,0,0,0,1,0,0,0,0,0,0,0,0,0,0,1,1,0,0,0,0,0,2,0,0,30.45886075949366,40,3.6347031924673194,26.82415756702634
0,0,0,0,0,0,1,0,0,0,1,0,0,0,0,1,2,0,0,0,0,0,0,0,0,-23.13612313612313,40,7.203970815808541,-30.34009395193167
0,0,0,0,0,0,0,0,0,0,1,0,0,0,0,1,0,0,0,1,0,0,2,0,0,15.034199726402178,39,3.310770021902584,11.723429704499594
1,0,0,0,0,0,0,0,0,0,0,0,0,0,0,1,1,0,0,0,0,0,2,0,0,27.848101265822777,39,2.615299721211278,25.232801544611497
0,0,0,0,0,0,0,0,0,0,0,1,0,0,0,0,3,0,0,0,0,0,1,0,0,-27.285788923719963,39,5.067038856852406,-32.35282778057237
0,1,0,0,0,0,0,0,0,0,0,0,1,0,0,0,1,0,0,0,0,0,2,0,0,5.535714285714292,38,1.339451467005623,4.196262818708669
0,0,0,0,0,0,0,1,0,0,0,0,0,0,0,0,2,0,0,0,0,0,2,0,0,-3.94736842105263,37,-0.3928087705848078,-3.554559650467822
1,0,0,0,0,0,0,0,1,0,0,0,0,0,0,1,1,0,0,0,0,0,1,0,0,-22.41968557758031,37,5.5168350689078585,-27.93652064648817
0,0,0,0,0,0,0,0,0,0,0,1,1,0,0,0,2,0,0,0,0,0,1,0,0,-2.0003125488357654,37,3.328197662546742,-5.328510211382508
0,0,0,0,0,1,0,0,0,0,0,0,0,0,0,1,1,0,0,0,0,0,1,0,1,-3.995433789954348,36,10.365993683821365,-14.361427473775713
0,1,0,0,0,0,0,0,0,0,0,0,0,0,0,1,1,0,0,0,0,0,1,0,0,-0.6381381381381459,35,7.838089307226097,-8.476227445364243
2,0,0,0,0,0,1,0,0,0,1,0,0,0,0,0,1,0,0,0,0,0,0,0,0,35.63197366014268,35,5.000183422647427,30.63179023749525
1,0,0,0,0,0,0,0,1,0,0,0,0,0,0,2,0,0,0,0,0,0,1,0,0,-36.77198325085651,35,4.511401856454926,-41.28338510731143
0,0,0,0,1,0,1,0,0,0,0,0,0,0,0,1,0,0,0,0,0,0,1,0,1,-45.233721167585216,33,7.733546260230645,-52.96726742781586
0,0,0,0,1,0,0,0,0,0,1,0,0,0,0,0,2,0,0,0,0,0,1,0,0,61.29528366370472,33,3.4775033369718775,57.817780326732844
0,1,0,0,0,0,0,0,0,0,0,0,0,0,0,1,1,0,0,0,0,0,2,0,0,-4.336425978217022,33,3.631506415350624,-7.967932393567646
0,0,0,1,0,0,0,0,0,0,1,0,0,0,0,1,1,0,0,0,0,0,0,0,1,-19.705882352941188,33,8.50896478321091,-28.2148471361521
1,0,0,0,0,0,0,0,1,0,0,0,0,0,0,2,0,0,0,0,0,0,1,0,0,4.858134313125134,33,4.511401856454926,0.3467324566702086
0,0,0,0,1,0,0,0,0,0,0,0,0,0,0,1,2,0,0,0,0,0,1,0,0,38.112255623292,33,8.800410116495769,29.31184550679623
0,0,0,1,0,0,0,0,0,1,0,0,0,0,0,1,2,0,0,0,0,0,0,0,0,25.04807692307692,32,6.829337313327726,18.218739609749193
0,0,0,0,0,1,0,0,1,0,0,0,1,0,0,1,0,0,0,0,0,0,1,0,0,-27.65376984126985,32,3.274058974559788,-30.92782881582964
0,0,0,0,1,0,0,0,0,0,0,0,0,0,0,0,2,0,0,0,0,0,2,0,0,-17.878787878787875,32,0.17582170768262595,-18.0546095864705
1,0,0,0,1,0,0,0,0,0,1,0,0,0,0,1,1,0,0,0,0,0,0,0,0,53.072196620583725,31,6.440688707208886,46.63150791337484
0,0,0,0,1,0,0,0,0,0,0,0,0,0,0,0,2,0,0,0,0,0,2,0,0,34.39420544337139,31,0.17582170768262595,34.21838373568877
0,0,0,0,1,0,0,0,0,0,0,0,1,0,0,0,2,0,0,0,0,0,0,0,1,-1.492537313432834,31,7.229406495295588,-8.721943808728422
0,0,0,0,1,0,0,0,0,0,1,0,0,0,0,1,1,0,0,0,0,0,1,0,0,12.638815441565312,31,7.878013994563628,4.7608014470016835
0,1,0,0,0,0,0,0,0,0,1,0,0,0,0,1,1,0,0,0,0,0,1,0,0,-10.9375,31,7.047907812623503,-17.985407812623503
0,1,0,0,0,0,0,0,0,0,0,0,0,0,0,1,1,0,0,0,0,0,1,0,0,25.96491228070176,31,7.838089307226097,18.12682297347566
0,1,0,0,0,0,0,0,0,0,1,0,0,0,0,0,0,0,0,0,0,0,3,0,0,-16.77327647476902,30,0.20104740799055534,-16.974323882759574
0,0,0,0,0,0,0,0,1,0,1,0,0,0,0,1,1,0,0,0,1,0,0,0,0,-12.739201749589938,29,3.964830596363479,-16.70403234595342
1,0,0,0,0,0,1,0,0,0,1,0,0,0,0,0,1,0,0,0,0,0,0,0,1,-7.351434426229503,29,8.028077622096998,-15.3795120483265
0,0,0,0,0,0,0,0,0,0,0,1,1,0,0,0,2,0,0,0,0,0,1,0,0,-9.977388355002816,29,3.328197662546742,-13.305586017549558
1,0,0,0,0,0,1,0,0,0,1,0,0,0,0,1,1,0,0,0,0,0,0,0,0,4.636591478696744,28,6.299588245300177,-1.6629967666034329
0,0,0,0,0,1,0,0,0,0,0,0,0,0,0,0,3,0,0,0,0,0,1,0,0,10.136612021857914,28,4.834572227782822,5.3020397940750925
1,0,0,0,0,0,0,0,0,0,1,0,0,0,0,1,1,0,0,0,0,0,0,0,1,32.203389830508485,28,7.710146689282679,24.493243141225804
0,0,0,0,0,1,0,1,1,0,1,0,0,0,0,0,0,0,0,0,0,0,1,0,0,-11.497175141242948,28,0.5641298887808887,-12.061305030023837
0,0,0,1,0,0,0,0,1,0,0,0,0,0,0,1,0,0,0,0,0,0,2,0,0,11.894586894586894,28,-0.6023794582587219,12.496966352845616
0,0,0,1,0,0,0,0,0,0,1,0,0,0,0,1,1,0,0,0,0,0,1,0,0,-33.79870129870132,27,8.022522573194477,-41.821223871895796
0,1,0,0,0,0,0,0,1,0,1,0,0,0,0,1,1,0,0,0,0,0,0,0,0,-28.939393939393938,27,5.172880585102182,-34.11227452449612
0,0,0,1,0,0,0,0,0,0,0,0,0,0,0,1,1,0,0,0,0,0,2,0,0,37.11484593837535,27,4.2814375402402804,32.83340839813507
0,0,0,0,1,0,0,0,0,0,1,0,0,0,0,1,1,0,0,0,0,0,1,0,0,12.763596004439506,26,7.878013994563628,4.885582009875878
0,1,0,0,0,0,0,0,0,0,0,0,0,0,0,0,3,0,0,0,0,0,1,0,0,1.973684210526315,26,5.467255097074954,-3.493570886548639
0,0,0,0,0,1,0,0,0,0,1,0,2,0,0,0,0,0,0,0,0,0,1,0,0,48.83889695210449,25,1.0111046494000555,47.82779230270444
0,0,0,1,0,0,1,0,0,0,0,0,1,0,0,0,0,0,0,0,0,0,2,0,0,14.81481481481481,25,1.6620452426571872,13.152769572157622
0,1,0,0,0,0,0,0,1,0,0,0,2,0,0,0,1,0,0,0,0,0,0,0,0,-33.13893653516294,25,6.132374037197295,-39.271310572360235
0,0,0,0,0,1,0,0,0,0,0,0,0,0,0,1,2,0,0,1,0,0,0,0,0,30.204081632653057,25,8.126516332623208,22.07756530002985
0,1,0,0,0,0,1,0,0,0,0,0,0,0,0,1,0,0,0,0,0,0,1,0,0,-0.7834757834757795,25,8.684809977975313,-9.468285761451092
0,1,0,0,1,0,0,0,0,0,0,0,0,0,0,1,1,0,0,0,0,0,1,0,0,-49.02229845626072,25,8.039088616925351,-57.06138707318607
1,0,0,0,0,0,0,0,0,0,1,0,1,0,0,0,1,0,0,0,0,0,0,0,1,-41.66666666666666,25,7.527531732328424,-49.194198398995084
0,1,0,0,0,0,1,0,0,0,0,0,1,0,0,0,0,0,0,0,1,0,1,0,0,8.909853249475887,25,5.495540124650649,3.414313124825238
0,1,0,0,1,0,1,0,0,0,0,0,1,0,0,0,1,0,0,0,0,0,0,0,0,8.510638297872347,25,8.358404763886918,0.15223353398542905
0,0,0,0,1,0,0,0,1,0,0,0,0,0,0,0,1,0,0,0,0,0,0,0,2,-5.224867724867721,25,6.134568266170439,-11.359435991038161
0,0,0,0,0,1,0,0,0,0,0,0,0,0,0,1,1,0,0,0,0,0,2,0,0,13.86999244142102,25,5.119082046642143,8.750910394778877
0,1,0,0,0,0,0,0,0,0,1,0,0,0,0,1,1,0,0,0,0,0,0,0,1,-11.437908496732035,24,7.550296371659511,-18.988204868391545
0,0,0,0,1,0,0,0,0,0,0,0,1,0,0,0,1,0,0,0,0,0,2,0,0,-43.70370370370371,24,-0.294694025814651,-43.40900967788906
0,0,0,0,1,0,0,0,1,0,0,0,0,0,0,1,1,0,0,0,0,0,0,0,1,49.928774928774914,24,6.768511848630197,43.160263080144716
0,0,0,0,1,0,1,0,0,0,0,0,0,0,1,1,1,0,0,0,0,0,0,0,0,-40.422322775263936,24,7.206962827082655,-47.62928560234659
0,0,0,1,0,0,0,0,1,0,0,1,0,0,0,1,1,0,0,0,0,0,0,0,0,7.834757834757823,24,5.565091637420922,2.2696661973369006
0,0,0,0,1,0,0,0,0,0,0,0,0,0,0,1,2,0,0,0,0,0,1,0,0,-18.965517241379303,24,8.800410116495769,-27.76592735787507
0,0,0,0,1,0,0,0,0,0,0,0,0,0,0,0,1,0,0,0,0,0,2,0,1,5.083333333333329,24,1.8004277066112977,3.282905626722031
0,0,1,0,1,0,1,0,0,0,0,0,0,0,0,1,0,0,0,0,0,0,1,0,0,-30.43478260869564,24,2.5416287574298133,-32.976411366125454
0,0,0,0,0,1,1,0,0,0,0,0,1,0,0,0,1,0,0,0,0,0,1,0,0,56.67420814479638,23,2.068631238313864,54.60557690648252
1,0,0,0,0,0,0,0,1,0,0,0,0,0,0,1,1,0,0,0,0,0,1,0,0,23.529411764705884,23,5.5168350689078585,18.012576695798025
0,1,0,0,0,0,0,0,0,0,1,0,0,0,0,1,0,0,0,0,0,0,2,0,0,-16.027356526910495,23,2.5645820054522996,-18.591938532362796
1,0,0,0,1,0,0,0,1,0,0,0,1,0,0,0,1,0,0,0,0,0,0,0,0,65.0890143291359,23,6.733682290203051,58.35533203893286
1,0,0,0,1,0,0,0,1,0,0,0,1,0,0,0,1,0,0,0,0,0,0,0,0,8.695652173913047,23,6.733682290203051,1.9619698837099957
0,0,0,0,0,1,0,1,0,0,0,0,0,0,0,1,1,0,0,0,0,0,1,0,0,10.33717834960072,23,9.739971036084153,0.5972073135165665
0,1,0,0,0,0,0,0,0,0,1,0,1,0,0,0,1,0,0,0,0,0,0,0,1,-18.23979591836735,23,8.91710891503029,-27.15690483339764
0,0,0,0,1,0,0,0,0,0,0,0,0,0,0,0,1,0,0,0,0,0,0,0,3,46.56862745098039,23,7.123662890802887,39.444964560177496
0,1,0,0,0,0,0,0,0,0,1,0,0,0,0,1,0,0,0,0,0,0,2,0,0,-23.913043478260875,22,2.5645820054522996,-26.477625483713176
0,0,0,0,1,0,0,0,1,0,0,0,0,0,0,1,2,0,0,0,0,0,0,0,0,13.333333333333345,22,6.185332225022006,7.148001108311338
0,1,0,0,1,0,0,0,0,0,0,0,0,0,0,1,1,0,0,0,0,0,1,0,0,-12.0,22,8.039088616925351,-20.03908861692535
0,0,0,0,0,1,0,0,0,0,0,0,0,0,0,1,2,0,0,0,0,0,1,0,0,-48.03782505910165,22,10.29019711242073,-58.32802217152238
0,1,0,0,0,0,0,0,1,0,0,0,0,0,0,1,0,0,0,0,0,0,2,0,0,-22.657004830917884,22,-0.12377030678834035,-22.533234524129544
0,1,0,0,0,0,0,0,0,0,1,0,0,0,0,1,0,0,0,0,0,0,2,0,0,0.3546099290780091,22,2.5645820054522996,-2.2099720763742905
0,0,0,0,1,0,1,0,0,0,0,0,0,0,0,0,1,0,0,0,0,0,1,0,1,-21.653746770025847,22,6.368203728801106,-28.021950498826953
1,0,0,0,0,0,0,0,0,0,1,0,1,0,0,0,1,0,0,0,0,0,1,0,0,-33.84463137060861,21,2.636191342710353,-36.480822713318965
1,0,0,0,0,0,0,0,0,0,0,0,0,0,0,2,1,0,0,0,0,0,1,0,0,-31.01654846335697,21,7.466491399104753,-38.48303986246172
0,1,0,0,0,0,1,0,1,0,0,0,1,0,0,0,0,0,0,0,1,0,0,0,0,10.531400966183568,21,4.114837109256216,6.416563856927352
0,1,0,0,0,0,0,0,1,0,1,0,1,0,0,1,0,0,0,0,0,0,0,0,0,30.769230769230774,21,6.9371850523269005,23.832045716903874
0,0,0,0,1,0,0,0,0,0,0,0,0,0,0,0,2,0,0,0,0,0,2,0,0,-18.181818181818173,21,0.17582170768262595,-18.3576398895008
0,0,0,0,0,0,1,0,0,0,1,0,1,0,0,0,1,0,0,0,0,0,0,0,1,18.491208167895635,21,8.371293470778614,10.119914697117022
0,0,0,0,1,0,0,0,0,0,0,0,0,0,0,1,2,0,0,0,0,0,1,0,0,19.19326241134752,21,8.800410116495769,10.39285229485175
0,0,0,0,1,0,0,0,0,0,1,0,0,0,0,0,0,0,0,0,0,0,2,0,1,40.252525252525245,21,0.5809818077762293,39.67154344474902
0,0,0,1,0,0,0,0,0,0,0,0,0,0,0,1,3,0,0,0,0,0,0,0,0,-30.35495716034272,20,7.330354750774327,-37.68531191111705
0,0,0,0,1,0,0,0,0,0,1,0,0,0,0,1,1,0,0,0,0,0,1,0,0,-29.65186074429772,20,7.878013994563628,-37.52987473886135
0,1,0,1,0,0,0,0,1,0,0,0,1,0,0,0,0,0,0,0,0,0,1,0,0,5.128205128205124,20,6.201297192804096,-1.0730920645989714
0,1,0,0,0,0,0,0,0,0,0,0,1,0,0,1,1,0,0,0,0,0,0,0,0,-5.632984901277581,20,6.4902232386889604,-12.123208139966541
0,1,0,0,0,0,0,0,0,0,1,0,1,0,0,0,1,0,0,0,0,0,1,0,0,13.95348837209302,20,4.564218141766818,9.3892702303262
0,0,0,0,0,1,0,0,1,0,1,0,0,0,0,0,1,0,0,0,0,0,1,0,0,-23.819163292847502,20,1.554348000039007,-25.37351129288651
0,0,0,0,0,1,0,0,0,0,0,0,0,0,0,1,2,0,0,0,0,0,0,0,1,-17.07317073170732,20,8.237253480047666,-25.310424211754988
0,0,0,0,1,0,0,0,0,0,1,0,1,0,0,0,1,0,0,0,1,0,0,0,0,-1.904761904761912,20,1.1396696769147616,-3.0444315816766734
0,0,0,0,1,0,0,0,0,0,0,0,0,0,0,0,1,0,1,0,0,0,2,0,0,-7.607433217189325,20,-0.9184014713604578,-6.689031745828867
0,0,0,0,1,0,0,0,2,0,0,0,0,0,0,0,2,0,0,0,0,0,0,0,0,9.523809523809518,20,4.798665524437217,4.7251439993723015
0,1,0,0,0,0,0,0,1,0,0,0,1,0,0,0,1,0,0,0,0,0,1,0,0,30.60394889663182,20,4.731930842807738,25.872018053824082
0,1,0,0,0,0,0,0,0,0,1,0,0,0,0,0,1,0,0,0,0,0,2,0,0,18.886804252657925,19,-0.30729525634622523,19.19409950900415
0,0,0,0,0,1,0,0,0,0,1,0,1,0,0,1,1,0,0,0,0,0,0,0,0,40.0,19,5.059502410183276,34.94049758981672
0,0,0,0,1,0,0,0,1,0,0,0,0,0,0,0,1,0,0,0,0,0,2,0,0,-47.36842105263159,19,-2.2429092741234578,-45.125511778508134
0,0,0,0,0,0,0,0,0,1,0,0,1,0,0,0,3,0,0,0,0,0,0,0,0,-30.952380952380963,19,3.605137433865438,-34.5575183862464
0,1,0,0,0,0,0,0,1,0,1,0,0,0,0,0,1,0,0,0,0,0,1,0,0,-21.345029239766063,19,2.9504182850682317,-24.295447524834294
0,1,0,0,0,0,0,0,0,0,0,0,0,0,0,0,0,0,0,1,0,0,2,0,1,28.94736842105263,19,4.543213647605445,24.404154773447186
0,0,0,1,1,0,0,0,0,0,1,0,0,0,0,1,1,0,0,0,0,0,0,0,0,-3.0487804878048763,19,7.245751342807084,-10.29453183061196
0,0,0,1,0,0,0,0,0,0,0,0,0,0,0,0,1,0,0,0,0,0,1,0,2,15.384615384615389,19,6.968709650057919,8.41590573455747
0,0,0,0,0,0,0,0,0,0,0,1,0,0,0,0,2,0,0,0,0,0,2,0,0,16.21621621621621,19,0.8919793699394477,15.324236846276763
0,1,0,0,0,0,0,0,0,0,1,0,1,0,0,0,1,0,0,0,0,0,0,0,1,44.13067552602436,19,8.91710891503029,35.21356661099407
0,1,0,0,0,0,1,0,0,0,0,0,0,0,0,1,0,0,0,0,0,0,1,0,0,16.591591591591595,19,8.684809977975313,7.906781613616282
0,1,0,0,0,0,0,0,0,0,1,0,0,0,0,0,0,0,0,0,0,0,3,0,0,5.064102564102569,19,0.20104740799055534,4.863055156112014
0,1,0,0,0,0,0,0,0,0,0,0,0,0,0,1,1,0,0,0,0,0,2,0,0,-38.57142857142858,19,3.631506415350624,-42.2029349867792
0,1,0,0,0,0,0,0,0,0,0,0,0,0,0,0,1,0,0,0,0,0,2,0,1,-26.726726726726724,19,2.7435971458815893,-29.470323872608315
0,0,0,1,0,0,1,0,0,0,0,0,0,0,0,1,1,0,0,0,0,0,0,0,1,5.409356725146196,19,9.679702711048222,-4.270345985902026
0,0,0,0,1,0,0,0,0,0,0,0,0,0,0,0,1,0,0,0,0,0,3,0,0,24.54954954954954,19,0.17582170768262595,24.373727841866913
0,1,0,0,0,0,0,0,0,0,0,0,0,0,0,1,2,0,0,0,0,0,0,0,1,-17.43589743589743,19,7.347420055382126,-24.783317491279558
0,1,0,0,0,1,0,0,0,0,1,0,0,0,0,0,0,0,0,0,0,0,1,0,1,36.236933797909415,19,8.251108579438528,27.985825218470886
0,1,0,0,0,1,0,0,0,0,0,0,0,0,0,0,0,0,0,0,0,0,3,0,0,1.3157894736842053,18,2.1567408831400576,-0.8409514094558523
0,1,0,0,0,0,1,0,0,0,0,0,0,0,0,1,1,0,0,0,0,0,1,0,0,9.121621621621628,18,8.564201343091208,0.5574202785304205
0,0,0,0,1,0,0,0,1,0,0,0,0,0,0,0,2,0,0,0,0,0,0,0,1,-7.89473684210526,18,6.542406479095617,-14.437143321200878
0,1,0,0,0,0,1,0,0,0,0,0,0,0,0,1,2,0,0,0,0,0,0,0,0,13.95348837209302,18,7.334103428910026,6.619384943182993
0,0,0,0,1,0,0,1,0,0,0,0,0,0,0,1,1,0,0,0,0,0,1,0,0,-7.017543859649123,18,8.323709171741925,-15.341253031391048
0,0,0,0,0,1,0,0,1,0,1,0,1,0,0,1,0,0,0,0,0,0,0,0,0,-24.183006535947698,18,3.070209395399448,-27.253215931347146
0,0,0,0,0,1,0,0,1,0,0,0,1,0,0,1,0,0,0,0,0,0,0,0,1,21.3903743315508,18,2.7386986490006007,18.6516756825502
0,1,0,0,0,0,0,0,0,0,1,0,0,0,0,1,1,0,0,0,0,0,1,0,0,-16.91919191919193,18,7.047907812623503,-23.967099731815434
0,0,0,0,0,1,0,0,0,0,0,0,1,0,0,1,2,0,0,0,0,0,0,0,0,40.96310193871169,18,4.650981606463538,36.31212033224815
0,0,0,0,0,1,0,0,0,0,0,0,1,0,0,0,1,0,0,0,0,0,2,0,0,27.09956709956711,18,-2.001671633937881,29.101238733504992
1,0,0,0,0,0,0,0,1,0,0,0,0,0,0,1,0,0,0,0,0,0,2,0,0,17.70833333333333,18,-2.0372427895540763,19.745576122887407
0,0,0,0,0,1,1,0,0,0,0,0,0,0,0,0,1,0,0,0,0,0,1,0,1,2.1337126600284506,18,6.37485199649993,-4.24113933647148
0,0,0,0,1,0,0,0,0,0,1,0,0,0,0,0,1,0,0,0,0,0,2,0,0,-12.57309941520468,17,-1.6192193606155354,-10.953880054589145
0,1,0,0,0,0,0,0,0,0,0,0,0,0,0,1,0,0,0,0,0,0,2,0,1,-28.57142857142857,17,4.514992086749114,-33.08642065817769
0,0,0,0,1,0,0,0,0,0,0,0,0,0,0,0,2,0,0,0,0,0,2,0,0,-15.384615384615389,17,0.17582170768262595,-15.560437092298015
0,0,0,0,0,1,0,0,0,0,1,0,1,0,0,0,1,0,0,0,0,0,0,0,1,-52.94117647058823,17,5.139393181121117,-58.08056965170935
0,0,0,0,1,0,0,0,0,0,0,0,0,0,0,1,1,0,0,0,0,0,0,0,2,7.692307692307693,17,7.9615734371326665,-0.2692657448249731
0,0,0,1,0,0,0,0,0,0,1,0,1,0,0,0,1,0,0,0,0,0,0,0,1,-4.411764705882348,17,7.348816564289643,-11.76058127017199
0,0,0,0,1,0,0,0,0,0,0,0,0,0,0,0,2,0,0,0,0,0,1,0,1,-1.3899613899613854,17,6.118846263111338,-7.508807653072723
1,0,0,0,0,0,0,1,0,0,0,0,0,0,0,1,0,0,0,0,0,0,2,0,0,35.13513513513513,17,1.1370285696369544,33.998106565498176
0,1,0,0,0,0,0,0,1,0,0,0,1,0,0,0,0,0,0,0,0,0,1,0,1,14.154411764705884,17,4.240132938581107,9.914278826124777
0,1,0,0,0,0,0,0,0,0,1,0,1,0,0,1,1,0,0,0,0,0,0,0,0,53.1294452347084,17,6.68637432496805,46.44307090974035
0,0,0,0,1,0,0,0,0,0,0,0,0,0,0,1,1,0,0,0,0,0,2,0,0,11.92570869990226,17,3.6347031924673194,8.291005507434942
0,0,0,0,0,0,0,0,1,0,0,1,0,0,0,1,1,0,0,0,0,0,1,0,0,39.04761904761905,17,6.408535482794732,32.63908356482432
1,0,0,0,0,0,0,0,1,0,0,0,0,0,0,2,0,0,0,0,0,0,1,0,0,-35.87223587223588,17,4.511401856454926,-40.38363772869081
1,0,0,0,0,0,0,0,0,0,0,0,0,0,0,1,2,0,0,0,0,0,1,0,0,64.41532258064515,17,7.466491399104753,56.9488311815404
0,0,0,0,0,1,1,0,0,0,0,0,0,0,0,0,0,0,0,0,0,0,1,0,2,55.55555555555554,17,6.030327776414698,49.52522777914085
0,0,0,1,0,0,0,0,1,0,0,0,0,0,0,1,1,0,0,0,0,0,1,0,0,12.388591800356508,17,6.634040232854231,5.754551567502277
0,0,0,0,1,0,0,0,2,0,0,0,1,0,0,0,1,0,0,0,0,0,0,0,0,3.030303030303031,16,5.854959923328289,-2.8246568930252582
0,0,0,0,0,1,0,0,0,0,0,0,0,0,0,1,2,0,0,0,0,0,0,0,1,-17.379679144385022,16,8.237253480047666,-25.61693262443269
0,0,0,0,1,0,0,0,1,0,0,0,0,0,0,1,1,0,0,0,0,0,1,0,0,-2.1212121212121104,16,7.172379611294681,-9.29359173250679
1,0,0,0,0,0,0,0,0,0,0,0,0,0,0,1,2,0,0,0,0,0,1,0,0,-35.56149732620321,16,7.466491399104753,-43.027988725307964
0,1,0,0,0,0,1,0,0,0,0,0,1,0,0,1,0,0,0,0,0,0,0,0,0,46.54654654654655,16,9.192333160227983,37.35421338631857
0,0,0,0,1,0,0,0,0,0,1,0,0,0,0,1,1,0,0,0,0,0,0,0,1,3.8288288288288186,16,7.910948721355998,-4.08211989252718
1,0,0,0,0,0,0,0,0,0,0,0,0,0,0,2,1,0,0,0,0,0,1,0,0,21.88940092165899,16,7.466491399104753,14.422909522554235
0,0,0,0,0,1,0,0,1,0,0,0,1,0,0,1,0,0,0,0,0,0,0,0,1,-2.941176470588232,16,2.7386986490006007,-5.679875119588832
0,0,0,1,0,0,1,0,0,0,0,0,0,0,0,1,1,0,0,0,0,0,0,0,1,-6.060606060606062,16,9.679702711048222,-15.740308771654284
0,1,0,0,0,0,0,0,0,0,1,0,1,0,0,0,0,0,0,0,0,0,2,0,0,72.2943722943723,16,0.8516543220764898,71.44271797229581
0,1,0,0,0,0,0,0,1,0,1,0,0,0,0,1,0,0,0,1,0,0,0,0,0,-1.5151515151515156,16,7.786645418374317,-9.301796933525832
0,0,0,0,1,0,0,0,0,0,0,0,0,0,0,0,2,0,0,0,0,0,1,0,1,-2.2048364153627347,16,6.118846263111338,-8.323682678474071
0,1,0,0,0,0,0,0,0,0,1,0,0,0,0,1,0,0,0,0,0,0,2,0,0,-24.324324324324323,16,2.5645820054522996,-26.888906329776624
0,0,0,0,0,0,1,0,0,0,1,0,1,0,0,0,0,0,0,0,0,0,1,0,1,35.294117647058826,16,5.740461579263919,29.553656067794908
0,0,0,0,0,0,0,0,1,0,0,1,0,0,0,0,1,0,0,0,0,0,1,0,1,-10.91575091575092,16,4.256354787738798,-15.172105703489716
0,1,0,0,0,0,1,0,0,0,0,0,0,0,0,1,1,0,0,0,0,0,0,0,1,27.5,16,8.268742933759404,19.231257066240595
0,0,0,0,0,1,0,0,0,0,0,0,1,0,0,1,1,0,0,0,0,0,0,0,1,22.043010752688176,16,6.248822601683898,15.794188151004278
0,0,0,0,0,1,1,0,0,0,1,0,0,0,0,0,0,0,0,0,0,0,1,0,1,35.48387096774192,16,6.182314748653585,29.301556219088337
0,1,0,0,0,0,1,0,0,0,0,0,1,0,0,0,1,0,0,0,0,0,1,0,0,-51.96911196911198,16,6.740986054819954,-58.710098023931934
0,0,0,0,1,0,0,0,0,0,1,0,0,0,0,0,0,0,0,0,0,0,3,0,0,26.666666666666657,16,-2.50487167840839,29.171538345075046
0,0,0,0,0,0,0,0,1,0,1,0,0,0,0,1,2,0,0,0,0,0,0,0,0,17.647058823529406,16,5.392499822506045,12.25455900102336
0,1,0,1,0,0,0,0,1,0,0,0,1,0,0,0,0,0,0,0,0,0,1,0,0,-18.951612903225808,16,6.201297192804096,-25.152910096029903
0,0,0,0,1,0,0,0,1,0,0,0,1,0,0,0,2,0,0,0,0,0,0,0,0,74.99999999999999,15,5.854959923328289,69.14504007667169
0,0,0,0,1,0,0,0,1,0,0,0,0,0,0,1,1,0,0,0,0,0,1,0,0,36.66666666666666,15,7.172379611294681,29.494287055371977
0,0,0,0,0,1,0,0,1,0,1,0,0,0,0,0,1,0,0,0,0,0,1,0,0,-27.27272727272728,15,1.554348000039007,-28.827075272766287
0,0,0,0,0,0,1,0,1,0,1,0,0,0,0,1,0,0,0,0,0,0,0,0,1,18.084066471163226,15,6.598540243203167,11.485526227960058
1,0,0,0,0,0,0,0,0,0,1,0,1,0,0,0,0,0,0,0,0,0,1,0,1,-6.25,15,5.400625667430814,-11.650625667430814
0,0,0,0,0,0,1,0,0,0,1,0,0,0,0,1,0,0,0,0,1,0,0,0,1,-52.534562211981566,15,7.742879599199551,-60.27744181118112
0,0,0,0,0,1,0,0,0,0,1,0,0,0,0,0,0,0,0,0,0,0,2,0,1,68.62068965517241,15,1.5663657747970416,67.05432388037538
1,0,0,0,0,0,0,0,1,0,0,0,0,0,0,1,1,0,0,0,0,0,1,0,0,39.58944281524927,15,5.5168350689078585,34.07260774634141
1,0,0,0,0,0,0,0,1,0,0,0,1,0,0,0,2,0,0,0,0,0,0,0,0,-0.3267973856209067,15,4.0068533234212795,-4.333650709042186
0,0,0,0,1,0,0,0,1,0,0,0,0,0,0,1,2,0,0,0,0,0,0,0,0,-15.240641711229957,15,6.185332225022006,-21.425973936251964
0,1,0,0,0,0,0,0,0,0,0,0,0,0,0,1,1,0,0,0,0,0,1,0,0,31.034482758620697,15,7.838089307226097,23.1963934513946
0,0,0,0,1,0,0,0,0,0,0,0,0,0,0,0,2,0,0,0,0,0,0,0,2,8.064516129032256,15,7.123662890802887,0.9408532382293693
0,0,0,0,1,0,0,0,0,0,1,0,0,0,0,0,2,0,0,0,0,0,1,0,0,-16.66666666666667,15,3.4775033369718775,-20.14417000363855
0,1,0,0,0,0,0,0,1,0,0,0,2,0,0,0,0,0,0,0,0,0,0,0,1,-0.2673796791443834,15,6.952409528984782,-7.219789208129165
0,0,0,0,0,0,0,0,1,0,1,0,0,0,0,0,0,0,0,1,0,0,2,0,0,-23.67816091954022,15,-3.262961105238095,-20.415199814302124
1,0,0,0,0,0,1,0,0,0,0,0,0,0,0,1,0,0,0,1,0,0,0,0,1,-13.333333333333329,15,7.9631272592131905,-21.29646059254652
1,0,0,0,0,0,0,0,0,0,1,0,2,0,0,0,1,0,0,0,0,0,0,0,0,4.375,15,3.9679456189838094,0.4070543810161906
0,0,0,0,0,1,0,0,0,0,0,0,0,0,0,1,0,0,0,0,0,0,2,0,1,2.941176470588232,15,4.288014958924419,-1.3468384883361875
0,0,0,0,0,0,1,0,0,0,1,0,2,0,0,0,1,0,0,0,0,0,0,0,0,-26.10887096774192,15,5.253012417252766,-31.361883384994687
0,0,0,0,0,0,0,0,0,0,2,0,0,0,0,0,0,0,0,1,0,0,1,0,1,3.908045977011497,15,5.7899120143802385,-1.8818660373687415
0,1,0,1,0,0,0,0,0,0,0,0,1,0,0,0,0,0,0,0,1,0,1,0,0,-13.333333333333329,15,5.426525458214858,-18.759858791548186
0,0,0,1,0,0,0,0,0,0,1,0,1,0,0,0,0,0,0,0,1,0,1,0,0,18.20276497695853,15,0.3261878215089995,17.87657715544953
0,0,0,1,0,0,0,0,0,0,0,0,0,0,0,2,1,0,0,0,0,0,1,0,0,38.924731182795696,15,9.030523453644046,29.894207729151653
0,1,0,0,0,0,0,0,0,0,1,0,1,0,0,0,1,0,0,0,0,0,1,0,0,6.666666666666671,15,4.564218141766818,2.1024485248998532
1,0,0,0,0,0,1,0,0,0,1,0,0,0,0,1,0,0,0,0,0,0,0,0,1,-51.72413793103448,15,8.329076504613182,-60.05321443564766
0,0,0,0,0,1,0,0,0,0,1,0,0,0,0,0,1,0,0,0,0,0,0,0,2,35.83333333333333,15,7.2000136777240815,28.63331965560925
0,0,0,0,1,0,0,0,0,0,1,0,0,0,0,0,1,0,0,0,0,0,2,0,0,11.111111111111114,15,-1.6192193606155354,12.73033047172665
0,1,0,0,0,0,0,0,0,0,0,0,0,0,0,2,1,0,0,0,0,0,0,0,0,90.2304147465438,15,6.413291532473016,83.81712321407079
0,0,0,0,1,0,0,0,0,0,0,0,1,0,0,0,2,0,0,0,0,0,0,0,1,-13.11827956989248,15,7.229406495295588,-20.347686065188068
1,0,0,0,0,0,0,0,0,0,0,0,0,0,0,1,2,0,0,0,0,0,1,0,0,19.354838709677423,14,7.466491399104753,11.88834731057267
0,0,0,0,1,0,0,0,0,0,0,0,1,0,0,0,2,0,0,0,0,0,0,0,1,8.769230769230774,14,7.229406495295588,1.539824273935186
0,0,0,0,0,0,0,0,0,0,1,0,0,0,0,1,1,0,0,0,0,0,2,0,0,72.30255839822026,14,2.2759233776542174,70.02663502056603
1,0,0,0,0,0,1,0,0,0,2,0,0,0,0,1,0,0,0,0,0,0,0,0,0,7.741935483870975,14,6.225500425593628,1.516435058277347
1,0,0,0,0,0,0,0,1,0,0,0,2,0,0,0,1,0,0,0,0,0,0,0,0,-13.839285714285708,14,4.0068533234212795,-17.846139037706987
0,1,0,0,0,0,0,0,0,0,2,0,0,0,0,1,1,0,0,0,0,0,0,0,0,-29.94652406417113,14,6.0344386456124175,-35.98096270978355
0,1,0,0,1,0,0,0,0,0,0,0,1,0,0,0,1,0,0,0,0,0,1,0,0,31.904761904761912,14,5.748396047512433,26.15636585724948
0,0,1,0,0,0,0,0,0,0,0,0,1,0,0,1,2,0,0,0,0,0,0,0,0,-77.30812013348165,14,-0.2412806214178815,-77.06683951206377
0,1,0,0,0,0,0,0,0,0,1,0,1,0,0,0,0,0,0,0,0,0,2,0,0,56.888888888888886,14,0.8516543220764898,56.037234566812394
0,0,0,0,1,0,0,0,0,0,0,0,0,0,0,1,2,0,0,0,0,0,0,0,1,-10.714285714285722,14,7.813824157875512,-18.528109872161235
0,0,0,0,1,0,0,0,0,0,0,0,1,0,0,0,2,0,0,0,0,0,1,0,0,-50.0,14,3.7833204632694715,-53.78332046326947
0,1,0,0,0,0,0,0,0,0,0,0,0,0,0,1,0,0,0,0,0,0,2,0,1,-13.186813186813197,14,4.514992086749114,-17.70180527356231
1,0,0,0,0,0,0,0,0,0,1,0,0,0,0,1,1,0,0,0,0,0,1,0,0,22.46603970741901,14,6.562572048769849,15.903467658649163
0,0,0,0,0,0,1,0,1,0,1,0,0,0,0,1,0,0,0,0,1,0,0,0,0,27.58620689655173,14,4.619438574358658,22.966768322193072
0,1,0,0,0,0,1,0,0,0,0,0,0,0,0,1,1,0,0,0,0,0,0,0,1,48.67172675521823,14,8.268742933759404,40.402983821458825
0,0,0,0,0,0,0,0,1,0,0,1,0,0,0,1,1,0,0,0,0,0,1,0,0,-47.70114942528736,14,6.408535482794732,-54.109684908082095
0,1,0,0,0,0,0,0,0,0,0,0,1,0,0,1,1,0,0,0,0,0,0,0,0,-0.738916256157637,14,6.4902232386889604,-7.2291394948465975
0,0,0,0,1,0,0,0,0,0,0,0,1,0,0,0,3,0,0,0,0,0,0,0,0,32.294372294372295,14,5.166295139735049,27.128077154637246
0,0,0,1,0,0,1,0,0,0,0,0,0,0,0,1,0,0,0,0,0,0,1,0,1,13.570634037819786,14,8.502118066326421,5.068515971493365
0,0,0,0,0,1,0,0,0,0,1,0,0,0,0,1,2,0,0,0,0,0,0,0,0,-61.53846153846155,14,7.216699945898639,-68.75516148436019
0,0,0,0,0,0,1,0,0,0,0,0,0,0,0,0,1,0,0,0,0,0,1,0,2,55.172413793103445,14,6.480505607614212,48.69190818548923
0,1,0,0,0,0,0,0,0,0,0,0,0,0,0,1,0,0,0,0,0,0,2,0,1,-7.718894009216569,14,4.514992086749114,-12.233886095965683
1,0,0,0,0,0,0,0,1,0,1,0,0,0,0,1,1,0,0,0,0,0,0,0,0,-46.871008939974445,14,4.68161490613584,-51.552623846110286
0,1,0,0,0,0,0,0,0,0,1,0,0,0,0,1,2,0,0,0,0,0,0,0,0,18.77394636015326,14,6.0344386456124175,12.739507714540842
0,0,0,0,1,0,0,0,0,0,0,0,1,0,0,0,2,0,0,0,0,0,1,0,0,-34.33333333333334,14,3.7833204632694715,-38.11665379660281
0,0,0,0,0,0,0,0,1,0,1,0,0,0,0,2,1,0,0,0,0,0,0,0,0,4.214559386973178,14,5.392499822506045,-1.177940435532867
0,0,0,0,0,1,0,0,0,0,1,0,0,0,0,1,0,0,0,0,0,0,1,0,1,32.19373219373219,14,9.173228979316328,23.02050321441586
1,0,0,0,0,0,0,0,0,0,0,0,0,0,0,1,2,0,0,0,0,0,1,0,0,-14.285714285714292,14,7.466491399104753,-21.752205684819046
0,0,0,0,1,0,0,0,0,0,0,0,0,0,0,0,2,0,0,0,0,0,0,0,2,-38.16091954022987,14,7.123662890802887,-45.28458243103276
0,1,0,0,0,1,0,0,0,0,0,0,1,0,0,1,1,0,0,0,0,0,0,0,0,34.48275862068965,14,5.511445757472932,28.97131286321672
0,0,0,0,1,0,0,0,1,0,0,0,0,0,0,1,1,0,0,1,0,0,0,0,0,-18.30769230769232,14,7.210282826390136,-25.517975134082455
0,0,0,0,1,0,0,0,0,0,0,0,1,0,0,0,2,0,0,0,0,0,1,0,0,29.92213570634037,14,3.7833204632694715,26.138815243070898
1,0,0,0,0,0,0,0,0,0,1,0,0,0,0,1,1,0,0,0,0,0,1,0,0,-28.607918263090667,14,6.562572048769849,-35.17049031186052
0,1,0,0,0,0,0,0,1,0,0,0,1,0,0,1,1,0,0,0,0,0,0,0,0,-64.28571428571428,13,6.135413192197537,-70.42112747791181
0,0,0,0,0,0,0,1,0,0,0,0,0,0,0,1,2,0,0,0,0,0,1,0,0,-0.4273504273504187,13,8.165118061818436,-8.592468489168855
0,1,0,0,0,0,0,0,0,0,1,0,1,0,0,0,0,0,0,0,0,0,1,0,1,-31.77339901477832,13,7.338295960296,-39.11169497507432
1,0,0,0,0,0,0,0,1,0,0,0,0,0,0,1,1,0,0,0,0,0,1,0,0,42.85714285714286,13,5.5168350689078585,37.340307788235
0,0,0,0,0,0,0,1,0,0,0,0,1,0,0,1,2,0,0,0,0,0,0,0,0,23.07692307692308,13,4.916365283759147,18.16055779316393
0,1,0,0,0,1,0,0,0,0,0,0,0,0,0,1,2,0,0,0,0,0,0,0,0,7.692307692307693,13,6.965948400694829,0.726359291612864
0,0,0,1,0,0,0,0,1,0,0,0,0,0,0,1,1,0,0,0,0,0,1,0,0,39.822024471635146,13,6.634040232854231,33.18798423878091
0,1,0,0,0,0,1,0,1,0,0,0,1,0,0,0,0,0,0,0,0,0,1,0,0,57.17948717948718,13,6.122863369797117,51.056623809690066
1,0,0,0,0,0,0,0,0,0,1,0,0,0,0,0,1,0,0,0,0,0,1,0,1,-40.59139784946235,13,6.119503533031309,-46.71090138249366
0,1,0,0,0,0,0,0,0,0,1,0,0,0,0,1,1,0,0,0,0,0,1,0,0,2.243589743589752,13,7.047907812623503,-4.8043180690337515
0,1,0,1,0,0,0,0,0,0,0,0,1,0,0,0,0,0,0,0,1,0,1,0,0,-15.384615384615389,13,5.426525458214858,-20.81114084283025
0,0,0,0,1,0,1,0,0,0,0,0,0,0,0,0,1,0,0,0,0,0,1,0,1,3.030303030303031,13,6.368203728801106,-3.337900698498075
0,1,0,1,0,0,0,0,0,0,0,0,1,0,0,0,0,0,0,0,1,0,1,0,0,-4.558404558404561,13,5.426525458214858,-9.984930016619419
0,1,0,0,0,0,0,0,0,0,0,0,0,0,0,1,2,0,0,0,0,0,0,0,1,-26.38888888888889,13,7.347420055382126,-33.736308944271016
0,0,0,1,0,0,0,0,1,0,0,0,0,0,0,1,1,0,0,0,0,0,1,0,0,-25.123152709359616,13,6.634040232854231,-31.757192942213848
0,0,0,0,0,0,1,0,0,0,1,0,1,0,0,0,0,0,0,0,0,0,1,0,1,-7.26600985221674,13,5.740461579263919,-13.006471431480659
0,0,0,0,1,0,0,0,0,0,0,0,1,0,0,0,1,0,0,0,1,0,0,0,1,23.14814814814813,13,3.9069958540815977,19.241152294066534
0,0,0,0,1,0,1,0,0,0,0,0,0,0,1,1,1,0,0,0,0,0,0,0,0,30.909090909090907,13,7.206962827082655,23.70212808200825
0,1,0,0,0,0,0,0,0,0,1,0,0,0,0,1,1,0,0,0,0,0,1,0,0,10.600255427841644,13,7.047907812623503,3.5523476152181406
0,1,0,0,0,0,0,0,1,0,0,0,2,0,0,0,0,0,0,0,0,0,0,0,1,-31.034482758620683,13,6.952409528984782,-37.986892287605464
0,0,0,0,1,0,0,0,0,0,1,0,0,0,0,0,1,0,0,0,0,0,2,0,0,51.72413793103448,13,-1.6192193606155354,53.343357291650015
0,0,0,0,1,0,0,0,1,0,0,0,0,0,0,1,0,0,0,0,0,0,0,0,2,43.65217391304349,13,6.4459935754086555,37.206180337634834
0,0,0,0,1,0,0,0,0,0,1,0,1,0,0,0,1,0,0,0,0,0,1,0,0,-37.81818181818181,13,3.166379216147621,-40.98456103432943
0,0,0,0,1,0,0,0,0,0,1,0,0,0,0,0,1,0,0,0,0,0,2,0,0,0.0,13,-1.6192193606155354,1.6192193606155354
0,0,0,1,0,0,0,1,0,0,1,0,0,0,0,1,1,0,0,0,0,0,0,0,0,-21.79487179487178,13,6.468944216577971,-28.26381601144975
0,1,0,0,0,0,0,0,0,0,0,0,0,0,0,1,0,0,0,0,1,0,1,0,1,29.166666666666657,13,8.325709239275408,20.84095742739125
0,0,0,0,0,0,0,0,1,0,1,0,0,0,0,1,1,0,0,0,1,0,0,0,0,-32.183908045977006,13,3.964830596363479,-36.14873864234048
0,0,0,0,0,0,1,0,0,0,1,0,1,0,0,0,1,0,0,0,0,0,0,0,1,31.034482758620683,12,8.371293470778614,22.66318928784207
1,0,0,0,0,0,0,0,0,0,0,0,0,0,0,1,2,0,0,0,0,0,0,0,1,0.0,12,7.39081632910971,-7.39081632910971
0,0,0,1,0,0,0,0,0,0,0,0,0,0,0,1,2,0,0,0,0,0,1,0,0,-17.989417989418,12,9.030523453644046,-27.019941443062045
0,0,0,1,0,0,0,0,1,0,1,0,0,0,0,1,0,0,0,0,0,0,1,0,0,57.69230769230771,12,5.300757390334974,52.391550301972735
0,1,0,0,0,0,0,0,0,0,1,0,0,0,0,0,0,0,0,0,0,0,3,0,0,-7.692307692307693,12,0.20104740799055534,-7.8933551002982485
1,0,0,0,0,0,0,1,0,0,0,0,0,0,0,1,1,0,0,0,0,0,1,0,0,-8.074534161490675,12,7.012837066281991,-15.087371227772666
0,0,0,0,0,1,0,0,0,0,1,0,0,0,0,1,1,0,0,0,0,0,1,0,0,8.0,12,9.574430207726163,-1.574430207726163
0,0,0,1,0,0,0,0,0,1,0,0,1,0,0,0,2,0,0,0,0,0,0,0,0,0.0,12,4.313385801224793,-4.313385801224793
0,0,0,0,1,0,0,0,1,0,0,0,0,0,0,1,0,0,0,0,0,0,0,0,2,38.46153846153845,12,6.4459935754086555,32.015544886129796
0,1,0,0,0,0,0,0,0,0,1,0,0,0,1,1,0,0,0,0,1,0,0,0,0,-3.84615384615384,12,6.331105468649641,-10.17725931480348
0,0,0,0,0,0,0,0,1,0,1,0,0,0,0,0,0,0,0,0,0,0,0,0,2,37.73913043478261,12,6.565667065536773,31.173463369245837
0,0,0,0,0,1,1,0,0,0,0,1,0,0,0,0,1,0,0,0,0,0,1,0,0,-42.85714285714286,12,5.813446735437397,-48.67058959258026
0,0,0,0,0,1,0,0,0,0,1,0,0,0,0,1,1,0,0,0,0,0,1,0,0,-2.7272727272727337,12,9.574430207726163,-12.301702934998897
0,0,0,1,0,0,1,0,1,0,0,0,1,0,0,0,0,0,0,0,0,0,1,0,0,-23.07692307692308,12,4.374072727513387,-27.450995804436467
0,0,0,0,0,0,0,0,0,0,2,0,1,0,0,0,0,0,0,1,0,0,1,0,0,45.83333333333333,12,2.7559434074613405,43.07738992587199
0,0,0,1,0,0,0,0,1,0,0,0,0,0,0,1,1,0,0,0,0,0,1,0,0,3.7037037037036953,12,6.634040232854231,-2.9303365291505354
0,0,0,1,0,0,1,0,0,0,0,0,0,0,0,1,1,0,0,0,0,0,1,0,0,-23.71794871794873,12,9.933608334731211,-33.65155705267994
0,0,0,1,0,0,0,0,0,0,1,0,1,0,0,1,1,0,0,0,0,0,0,0,0,-51.3986013986014,12,6.2497290028962444,-57.648330401497645
0,0,0,0,0,0,0,1,0,0,1,0,0,0,0,1,1,0,0,0,0,0,1,0,0,80.95238095238096,12,7.304507915001873,73.64787303737909
0,0,0,0,0,1,0,0,0,0,0,0,1,0,0,1,1,0,0,0,0,0,0,0,1,-16.66666666666667,12,6.248822601683898,-22.91548926835057
0,0,0,0,0,1,0,0,1,0,0,0,0,0,0,1,0,0,0,0,0,0,1,0,1,-16.096866096866094,12,4.506303448354057,-20.60316954522015
0,0,1,0,1,0,1,0,0,0,0,0,0,0,0,0,1,0,0,0,0,0,1,0,0,-12.0,12,0.6755028482634072,-12.675502848263408
0,0,0,0,0,1,0,0,1,0,1,0,0,0,0,1,0,0,0,0,0,0,1,0,0,20.833333333333343,12,5.080986622930235,15.752346710403108
0,1,0,0,0,0,0,0,1,0,0,0,0,0,0,0,1,0,0,1,0,0,1,0,0,-49.66666666666666,12,4.593991787309139,-54.26065845397579
1,0,0,0,0,0,0,0,2,0,0,0,1,0,0,0,1,0,0,0,0,0,0,0,0,3.133903133903132,12,4.0068533234212795,-0.8729501895181477
0,0,0,0,0,1,0,0,0,0,1,0,0,0,0,0,0,0,0,0,0,0,1,0,2,-27.692307692307693,12,6.3980082299176155,-34.09031592222531
1,0,0,0,1,0,0,0,0,0,0,0,2,0,0,0,1,0,0,0,0,0,0,0,0,25.29644268774703,12,6.201948405466469,19.094494282280564
0,0,0,0,1,0,0,0,0,0,1,0,1,0,0,0,1,0,0,0,0,0,1,0,0,-70.32967032967032,12,3.166379216147621,-73.49604954581794
0,0,0,1,0,0,0,1,0,0,0,0,0,0,0,0,1,0,0,0,0,0,2,0,0,-36.0,12,0.3317618940962411,-36.33176189409624
0,0,0,0,0,1,0,0,1,0,0,0,2,0,0,0,1,0,0,0,0,0,0,0,0,-3.6796536796536814,12,0.07682327336607775,-3.7564769530197593
0,0,0,1,0,0,0,0,0,0,0,0,0,0,0,1,1,0,0,0,0,0,2,0,0,-34.46969696969697,12,4.2814375402402804,-38.75113450993725
1,0,0,0,0,0,0,0,0,0,1,0,0,0,0,0,0,0,0,0,0,0,2,0,1,-5.263157894736835,12,0.935018241119476,-6.198176135856311
0,0,0,0,0,0,1,0,0,0,1,0,0,0,0,0,1,0,0,0,0,0,1,0,1,-20.63492063492064,12,5.877268738580944,-26.512189373501585
0,1,0,0,0,1,0,0,0,0,0,0,0,0,0,1,1,0,0,0,0,0,1,0,0,4.34782608695653,11,9.203346700804035,-4.855520613847505
0,0,0,0,1,0,0,0,0,0,1,0,1,0,0,0,1,0,0,0,0,0,0,0,1,28.33333333333333,11,7.607603990281733,20.725729343051597
0,0,0,0,0,1,0,0,0,0,0,0,0,0,0,1,2,0,0,0,0,0,1,0,0,-74.92877492877493,11,10.29019711242073,-85.21897204119566
0,1,0,0,0,0,0,0,1,0,0,0,0,0,0,1,0,0,0,0,1,0,0,0,1,-25.39682539682541,11,4.01010495660483,-29.40693035343024
0,0,0,0,0,0,1,0,1,0,1,0,0,0,0,0,0,0,0,1,0,0,0,0,1,4.545454545454547,11,6.90826083945133,-2.3628062939967833
0,1,0,0,0,1,0,0,0,0,0,0,1,0,0,0,2,0,0,0,0,0,0,0,0,30.07246376811593,11,4.093002915688223,25.979460852427707
0,0,0,0,0,0,0,1,0,0,0,0,1,0,0,0,1,0,1,0,1,0,0,0,0,65.47619047619048,11,-4.623167526118802,70.09935800230929
1,0,0,0,0,0,0,0,0,0,1,0,2,0,0,0,1,0,0,0,0,0,0,0,0,-16.45021645021643,11,3.9679456189838094,-20.41816206920024
0,0,0,1,0,0,0,0,1,0,0,0,0,0,0,0,1,0,0,0,0,0,2,0,0,-31.31868131868132,11,-3.193279703585889,-28.12540161509543
0,0,0,0,0,0,0,0,0,0,1,0,0,0,0,1,1,0,0,0,0,0,0,0,2,23.578595317725743,11,8.662713214241302,14.91588210348444
0,0,0,1,1,0,0,0,0,0,0,0,0,0,0,1,2,0,0,0,0,0,0,0,0,-3.80952380952381,11,7.766934625369213,-11.576458434893024
0,1,0,0,0,0,1,0,0,0,0,0,1,0,0,0,2,0,0,0,0,0,0,0,0,-3.7037037037037095,11,8.133965503974668,-11.837669207678378
0,1,0,0,0,0,1,0,1,0,0,0,0,0,0,1,0,0,0,0,0,0,0,0,1,-45.83333333333334,11,6.470614833514227,-52.30394816684757
1,0,0,0,1,0,0,0,1,0,0,0,1,0,0,0,1,0,0,0,0,0,0,0,0,20.075757575757564,11,6.733682290203051,13.342075285554513
0,0,0,0,0,1,0,0,0,0,0,0,0,0,0,1,0,0,0,0,0,0,1,0,2,11.07692307692308,11,8.545021396885762,2.5319016800373184
0,0,0,0,0,0,0,1,0,0,1,0,0,0,0,0,1,0,0,0,0,0,1,0,1,27.27272727272728,11,4.40273859373598,22.8699886789913
0,0,0,0,1,0,0,0,0,0,1,0,0,0,0,1,2,0,0,0,0,0,0,0,0,-31.83023872679045,11,6.90639512034083,-38.73663384713128
0,0,0,0,0,0,0,0,0,0,1,0,0,0,0,1,0,0,0,1,0,0,2,0,0,15.692307692307692,11,3.310770021902584,12.381537670405107
0,0,0,0,0,1,0,0,0,0,1,0,0,0,0,0,1,0,0,0,0,0,2,0,0,29.34782608695652,11,-1.350917558525726,30.698743645482246
0,0,0,0,1,0,0,0,1,0,0,0,0,0,0,0,0,0,0,0,0,0,0,0,3,15.0,11,6.990989273921721,8.00901072607828
0,0,0,0,1,0,0,0,0,0,0,0,0,0,0,0,3,0,0,0,0,0,1,0,0,34.52380952380952,11,4.837327839053834,29.686481684755684
0,1,0,0,0,0,0,0,1,0,0,0,0,0,0,0,1,0,0,0,0,0,1,0,1,11.111111111111114,11,3.7142060802168997,7.396905030894215
0,1,0,0,0,0,1,0,1,0,0,0,1,0,0,0,0,0,0,0,0,0,1,0,0,-30.615942028985515,11,6.122863369797117,-36.73880539878263
0,0,0,0,0,1,0,0,1,0,1,0,0,0,0,1,1,0,0,0,0,0,0,0,0,-88.33333333333333,11,4.687567467335077,-93.0209008006684
0,0,0,1,0,0,0,0,0,0,1,0,1,0,0,0,1,0,0,0,0,0,1,0,0,-8.695652173913047,11,2.279953705833252,-10.975605879746299
0,0,0,1,0,0,0,0,1,0,1,0,1,0,0,0,1,0,0,0,0,0,0,0,0,-15.384615384615389,11,3.0929767537366675,-18.477592138352055
0,1,0,0,0,0,0,0,1,0,0,0,1,0,0,1,0,0,0,0,0,0,1,0,0,-4.940711462450594,11,6.233597208282215,-11.17430867073281
0,2,0,0,0,0,0,0,0,0,0,0,0,0,0,0,0,0,0,0,0,0,0,1,2,-20.910973084886137,11,12.80953366226635,-33.720506747152484
0,0,0,0,1,0,0,0,0,0,0,0,0,0,0,1,0,0,0,0,0,0,2,0,1,35.984848484848484,11,3.1340708002294724,32.85077768461901
0,0,0,0,1,0,0,0,0,0,0,0,0,0,0,0,2,0,0,0,0,0,2,0,0,43.56060606060606,11,0.17582170768262595,43.38478435292344
0,0,0,0,0,0,0,0,1,0,0,0,0,0,0,2,1,0,0,0,0,0,1,0,0,-14.285714285714278,11,6.508987388338456,-20.79470167405273
1,0,0,0,0,0,0,0,1,0,0,0,0,0,0,0,3,0,0,0,0,0,0,0,0,-4.0,11,3.73384163991042,-7.73384163991042
0,0,0,0,0,0,0,0,1,0,2,0,0,0,0,0,0,0,0,1,0,0,1,0,0,13.043478260869565,11,3.5498506186603866,9.493627642209178
1,0,0,0,1,0,0,0,0,0,0,0,1,0,0,0,2,0,0,0,0,0,0,0,0,-54.13533834586467,11,6.201948405466469,-60.337286751331135
0,0,0,0,0,0,1,0,0,0,0,0,0,0,0,1,2,0,0,0,1,0,0,0,0,-18.42650103519668,11,7.085069404419023,-25.511570439615703
0,1,0,0,0,0,0,0,0,0,2,0,0,0,0,1,0,0,0,0,0,0,1,0,0,-32.411067193675905,11,7.493357144172443,-39.90442433784835
0,0,0,0,1,0,0,0,1,0,0,0,0,0,0,1,2,0,0,0,0,0,0,0,0,-40.0,11,6.185332225022006,-46.18533222502201
1,0,0,0,0,0,1,0,0,0,1,0,0,0,0,1,0,0,0,0,0,0,0,0,1,8.181818181818187,11,8.329076504613182,-0.14725832279499507
0,0,0,0,0,1,0,0,0,0,0,0,0,0,0,1,1,0,0,0,0,0,1,0,1,22.92490118577075,11,10.365993683821365,12.558907501949385
0,1,0,0,0,0,0,0,1,0,1,0,0,0,0,0,2,0,0,0,0,0,0,0,0,92.29249011857708,11,4.07684642473372,88.21564369384336
0,0,0,0,0,1,0,0,0,0,1,0,1,0,0,0,0,0,0,0,0,0,1,0,1,-32.407407407407405,11,4.113263250899177,-36.520670658306585
0,1,0,0,0,0,0,0,0,0,1,0,0,0,0,1,0,0,0,0,0,0,1,0,1,-8.333333333333329,11,8.589937509435343,-16.923270842768673
0,0,0,0,0,0,0,0,1,0,1,0,0,0,0,0,0,0,0,0,0,0,3,0,0,24.637681159420296,11,-6.339089548921551,30.976770708341846
0,1,0,0,0,0,0,0,0,0,0,0,0,0,0,1,2,0,0,0,0,0,0,0,0,9.420289855072454,11,6.413291532473016,3.006998322599438
0,0,0,0,0,0,0,0,1,0,1,0,0,0,0,1,1,0,0,0,0,0,0,0,1,59.52380952380952,11,6.436159470602768,53.08765005320675
0,0,0,1,0,0,0,0,0,0,0,0,1,0,0,1,2,0,0,0,0,0,0,0,0,0.0,11,6.126336898817848,-6.126336898817848
0,0,0,1,0,0,0,1,0,0,1,0,0,0,0,0,0,0,0,0,0,0,2,0,0,-47.64492753623189,11,-1.6282026721157623,-46.01672486411613
0,0,0,0,0,0,0,1,0,0,0,0,0,0,0,0,3,0,0,0,0,0,1,0,0,-18.47619047619048,11,3.630932945840718,-22.1071234220312
0,0,0,0,0,1,0,0,0,0,1,0,2,0,0,0,1,0,0,0,0,0,0,0,0,29.16666666666667,11,1.031741198693154,28.134925467973517
0,0,0,0,1,0,0,0,0,0,0,0,0,0,0,0,2,0,0,0,0,0,0,0,2,-1.1363636363636402,11,7.123662890802887,-8.260026527166527
0,1,0,0,0,0,1,0,0,0,1,0,1,0,0,0,0,0,0,0,0,0,0,0,1,-1.1363636363636331,11,11.198163580127824,-12.334527216491457
0,0,0,0,0,0,0,1,0,0,0,0,2,0,0,0,1,0,1,0,0,0,0,0,0,-42.30769230769232,11,-0.8736797119649548,-41.43401259572737
0,0,0,0,0,1,0,0,1,0,0,0,0,0,0,1,2,0,0,0,0,0,0,0,0,40.0,11,4.388374084889104,35.61162591511089
0,0,0,0,0,0,1,0,1,0,1,0,0,0,0,1,0,0,0,0,0,0,0,0,1,41.407867494824,11,6.598540243203167,34.809327251620836
0,0,0,1,0,0,1,0,0,0,0,0,0,0,0,0,1,0,0,0,0,0,0,0,2,-4.5454545454545325,11,10.339118179158515,-14.884572724613047
1,0,0,0,0,0,0,0,2,0,0,0,0,0,0,0,1,0,0,0,0,0,0,0,1,58.39598997493735,10,5.83419839176587,52.561791583171484
0,1,0,0,0,0,0,0,0,0,1,0,0,0,0,1,0,0,0,0,0,0,2,0,0,-29.04761904761905,10,2.5645820054522996,-31.612201053071352
1,0,0,0,0,0,1,0,0,0,0,0,0,0,0,1,0,0,0,0,0,0,2,0,0,9.523809523809533,10,2.113468425625711,7.410341098183822
0,0,0,0,1,0,0,0,0,1,0,0,0,0,0,1,2,0,0,0,0,0,0,0,0,-12.499999999999986,10,6.895066080428257,-19.395066080428244
0,1,0,0,0,0,0,0,1,0,1,0,0,0,0,1,1,0,0,0,0,0,0,0,0,-24.0,10,5.172880585102182,-29.17288058510218
0,0,0,0,1,0,0,0,0,0,0,0,1,0,0,0,3,0,0,0,0,0,0,0,0,-1.6666666666666572,10,5.166295139735049,-6.832961806401706
0,0,0,0,1,0,0,0,1,0,0,0,0,0,0,1,2,0,0,0,0,0,0,0,0,8.712121212121218,10,6.185332225022006,2.526788987099212
0,0,0,0,1,0,0,0,0,0,0,0,0,0,0,1,2,0,0,0,0,0,1,0,0,-43.47826086956522,10,8.800410116495769,-52.27867098606099
0,1,0,0,0,0,0,0,0,0,0,0,0,0,0,0,2,0,0,0,0,0,1,0,1,27.27272727272728,10,6.571562227159801,20.70116504556748
0,1,0,0,0,0,0,0,1,0,1,0,0,0,0,0,2,0,0,0,0,0,0,0,0,-8.695652173913032,10,4.07684642473372,-12.772498598646752
0,0,0,1,0,0,0,0,0,0,1,0,1,0,0,1,0,0,0,0,0,0,0,0,1,4.545454545454547,10,7.784229463343469,-3.2387749178889225
0,0,0,0,0,1,0,0,0,0,1,0,1,0,0,0,1,0,0,0,0,0,0,0,1,-61.06719367588933,10,5.139393181121117,-66.20658685701045
0,1,0,0,0,0,0,0,0,0,0,0,0,0,0,2,1,0,0,0,0,0,1,0,0,17.391304347826093,10,7.838089307226097,9.553215040599996
0,1,0,0,0,0,0,0,0,0,1,0,0,0,0,1,0,0,0,0,0,0,0,0,2,42.934782608695656,10,11.30187923313348,31.632903375562176
1,0,0,0,0,0,1,0,0,0,1,0,0,0,0,1,1,0,0,0,0,0,0,0,0,21.739130434782624,10,6.299588245300177,15.439542189482447
0,0,0,0,1,0,0,0,1,0,1,0,1,0,0,0,0,0,0,0,0,0,1,0,0,10.766045548654247,10,3.265255773707081,7.500789774947167
0,1,0,0,0,0,1,0,0,0,0,0,0,0,0,1,1,0,0,0,0,0,0,0,1,50.18115942028986,10,8.268742933759404,41.912416486530454
0,1,0,0,0,0,1,0,0,0,0,0,0,0,0,1,0,0,1,0,0,0,1,0,0,6.12648221343872,10,7.183547879606121,-1.057065666167401
0,0,0,0,0,1,0,0,1,0,0,0,1,0,0,1,1,0,0,0,0,0,0,0,0,-9.090909090909092,10,2.9317319065297465,-12.022640997438838
1,0,0,0,0,0,0,0,1,0,0,0,0,0,0,0,1,0,0,0,0,0,2,0,0,10.766045548654247,10,-3.750467217860515,14.516512766514762
0,0,0,0,0,0,0,1,0,0,0,0,1,0,0,1,1,0,0,0,0,0,1,0,0,33.33333333333334,10,5.907587519451132,27.42574581388221
0,0,0,1,0,0,0,0,0,0,1,0,0,0,0,1,1,0,0,1,0,0,0,0,0,-4.5454545454545325,10,7.39902647826391,-11.944481023718442
0,1,0,0,0,0,0,0,0,0,1,0,0,0,0,0,0,0,0,0,0,0,2,0,1,-45.45454545454545,10,2.8327120904265284,-48.28725754497198
0,1,0,0,0,0,0,0,0,0,0,0,1,0,0,0,0,0,0,0,0,0,2,0,1,-21.37681159420289,10,3.5038186545027363,-24.88063024870563
0,0,0,0,1,0,0,0,0,0,1,0,0,0,0,1,0,0,0,0,0,0,2,0,0,-33.94736842105263,10,0.9300034346379256,-34.877371855690555
0,0,0,1,0,0,0,0,0,0,1,0,1,0,0,0,1,0,0,0,0,0,0,0,1,23.80952380952381,10,7.348816564289643,16.46070724523417
0,1,0,0,0,0,0,0,0,0,2,0,1,0,0,0,0,0,0,0,0,0,1,0,0,39.13043478260869,10,5.2934395907211025,33.83699519188759
0,0,0,0,0,0,0,1,1,0,1,0,0,0,0,0,0,0,0,0,0,0,2,0,0,70.56277056277057,10,-6.497638512274432,77.060409075045
0,1,0,0,0,0,0,0,0,0,1,0,1,0,0,0,0,0,0,0,0,0,1,0,1,56.41025641025642,10,7.338295960296,49.07196044996042
0,1,0,0,0,0,0,0,1,0,0,0,0,0,0,0,1,0,0,0,0,0,2,0,0,-16.904761904761898,10,-2.3018163977281954,-14.602945507033702
0,0,0,1,0,0,1,0,0,0,0,0,0,0,0,1,0,0,0,0,0,0,0,0,2,27.38095238095238,10,9.981917794324296,17.399034586628083
0,0,0,1,0,0,0,0,0,0,1,0,0,0,0,0,1,0,0,0,0,0,2,0,0,-12.318840579710155,10,-1.4264353501340132,-10.892405229576141
0,1,0,0,0,0,0,0,0,0,0,0,2,0,0,0,1,0,0,0,0,0,0,0,1,-9.523809523809518,10,8.388027249350314,-17.911836773159834
0,0,0,0,0,1,0,0,0,0,1,0,0,0,0,1,1,0,0,0,0,0,0,0,1,29.28571428571429,10,8.784589176347776,20.501125109366512
0,0,0,0,0,0,1,0,0,0,1,0,1,0,0,0,0,0,0,0,0,0,0,0,2,-9.090909090909092,10,9.213973822060856,-18.304882912969948
1,0,0,0,0,0,0,0,0,0,1,0,0,0,0,0,1,0,0,0,0,0,2,0,0,44.04761904761905,10,-1.8730987587483123,45.920717806367364
0,0,0,0,0,0,0,1,0,0,0,0,1,0,0,1,1,0,0,0,0,0,1,0,0,38.0952380952381,10,5.907587519451132,32.18765057578697
0,0,0,0,0,0,0,0,1,0,0,0,0,0,0,2,1,0,0,0,0,0,1,0,0,58.28571428571429,10,6.508987388338456,51.77672689737584
1,1,0,0,0,0,0,0,0,0,1,0,0,0,0,1,0,0,0,0,0,0,0,0,1,-40.6015037593985,10,9.260554463041933,-49.86205822244043
0,1,0,0,0,0,0,0,1,0,0,0,1,0,0,0,0,0,0,0,0,0,1,0,1,-5.263157894736835,10,4.240132938581107,-9.503290833317942
0,1,0,0,0,0,0,0,0,0,0,0,0,0,0,0,0,0,0,1,0,0,2,0,1,-12.10526315789474,10,4.543213647605445,-16.648476805500184
0,1,0,0,0,0,0,0,0,0,1,0,0,0,0,1,0,0,0,0,0,0,2,0,0,19.82608695652175,10,2.5645820054522996,17.261504951069448
0,0,0,0,0,0,0,0,1,0,0,1,0,0,0,1,1,0,0,0,0,0,1,0,0,-27.609427609427613,10,6.408535482794732,-34.017963092222345
0,1,0,0,0,0,0,0,1,0,0,0,2,0,0,0,0,0,0,0,0,0,1,0,0,-85.71428571428572,10,4.908785774508365,-90.62307148879408
1,0,0,0,1,0,0,0,0,0,0,0,0,0,0,0,1,0,0,0,0,0,1,0,1,20.0,10,7.834141747647879,12.16585825235212
0,1,0,0,0,0,0,0,1,0,0,0,1,0,0,0,1,0,0,0,0,0,1,0,0,26.842105263157897,10,4.731930842807738,22.11017442035016
0,0,0,0,1,0,1,0,0,0,0,0,0,0,0,1,1,0,0,0,0,0,1,0,0,31.077694235588964,10,9.106742147608811,21.97095208798015
0,0,0,0,0,1,1,0,0,0,0,0,1,0,0,0,0,0,0,0,0,0,1,0,1,107.3684210526316,10,4.216756621241371,103.15166443139023
0,0,0,0,1,0,0,0,0,0,1,0,1,0,0,0,2,0,0,0,0,0,0,0,0,-26.086956521739125,10,4.748985318636806,-30.83594184037593
0,0,0,0,0,0,0,0,0,0,1,0,0,0,0,1,0,0,0,0,0,0,1,0,2,11.73913043478261,10,8.27976516132036,3.45936527346225
1,0,0,0,1,0,0,0,1,0,0,0,1,0,0,0,0,0,0,0,0,0,0,0,1,-17.85714285714286,10,8.620178131905224,-26.477320989048085
0,1,0,0,0,0,0,0,0,0,0,0,0,0,0,1,1,0,0,1,0,0,0,0,1,62.36842105263159,10,7.9337423975952515,54.434678655036336
0,1,0,0,0,0,0,0,1,0,1,0,2,0,0,0,0,0,0,0,0,0,0,0,0,-53.884711779448615,10,6.204682083475609,-60.089393862924226
0,0,0,0,0,0,1,0,0,0,1,0,0,0,0,1,0,0,0,0,0,0,0,0,2,-49.99999999999999,10,8.969681736342697,-58.96968173634269
0,0,0,0,0,1,0,0,1,0,0,0,1,0,0,0,0,0,0,0,0,0,2,0,0,50.432900432900425,10,-5.129760223942855,55.56266065684328
0,0,0,0,1,0,0,0,0,0,0,0,1,0,0,0,1,0,0,0,0,0,2,0,0,0.0,10,-0.294694025814651,0.294694025814651
0,0,0,1,0,0,0,0,0,0,1,0,1,0,0,0,2,0,0,0,0,0,0,0,0,45.45454545454545,10,3.7302241972448567,41.724321257300595
0,1,0,0,0,0,0,0,0,0,0,0,0,0,0,1,0,0,0,0,0,0,2,0,1,40.0,10,4.514992086749114,35.48500791325088
0,0,0,0,0,0,0,0,1,0,1,0,0,0,0,0,2,0,0,0,0,0,1,0,0,41.66666666666666,10,1.9085992499190476,39.75806741674761
0,1,0,0,0,0,0,0,0,0,1,0,0,0,0,0,2,0,0,0,0,0,0,0,1,-54.434782608695656,10,7.818427469643951,-62.253210078339606
0,1,0,0,0,0,0,0,0,0,1,0,0,0,0,0,0,0,0,0,0,0,0,1,2,23.80952380952381,10,12.632330020541922,11.177193788981889
0,0,0,0,1,0,0,0,0,0,0,0,0,0,0,0,1,0,0,0,0,0,1,0,2,36.578947368421055,10,5.924697283254255,30.6542500851668
0,0,0,0,1,0,0,0,1,0,0,0,0,0,0,0,1,0,0,0,0,0,0,0,2,29.21052631578948,10,6.134568266170439,23.07595804961904
0,0,0,0,0,0,0,0,0,0,2,0,0,0,0,1,0,0,0,0,0,0,0,0,2,59.42028985507245,10,8.675523134930577,50.74476672014187
0,0,0,0,1,0,0,0,0,0,0,0,1,0,0,0,1,0,0,0,1,0,0,0,1,-18.47826086956522,10,3.9069958540815977,-22.385256723646815
0,0,0,0,1,0,0,0,1,0,0,0,0,0,0,1,0,0,0,0,0,0,2,0,0,4.347826086956516,10,-0.4515652782040075,4.799391365160524
0,1,0,1,0,0,0,0,0,0,0,0,1,0,0,0,1,0,0,0,0,1,0,0,0,26.51515151515152,10,3.9863626093756475,22.528788905775873
0,1,0,0,0,0,1,0,0,0,0,0,0,0,0,1,1,1,0,0,0,0,0,0,0,19.04761904761905,10,6.117192452274636,12.930426595344414
0,0,0,0,1,0,0,0,1,0,0,0,0,0,0,1,0,0,0,0,0,0,0,0,2,32.21343873517786,10,6.4459935754086555,25.767445159769203
0,1,0,0,0,0,0,0,0,0,0,0,0,0,0,1,2,0,0,0,0,0,1,0,0,28.57142857142857,10,7.838089307226097,20.73333926420247
0,0,0,0,0,1,0,0,0,0,0,0,0,0,0,0,1,0,0,0,0,0,3,0,0,65.0,9,0.3974436148511631,64.60255638514883
0,0,0,0,1,0,0,0,1,0,0,0,0,0,0,0,1,0,0,0,0,0,0,0,2,9.473684210526317,9,6.134568266170439,3.3391159443558776
0,0,0,0,0,1,0,1,1,0,1,0,0,0,0,1,0,0,0,0,0,0,0,0,0,15.78947368421052,9,3.6572452351712994,12.132228449039221
0,0,0,0,0,0,0,0,1,0,1,0,0,0,0,1,1,0,0,0,0,0,0,0,1,38.09523809523808,9,6.436159470602768,31.659078624635313
0,0,0,0,0,1,0,0,0,0,1,0,1,0,0,0,0,0,0,0,0,0,1,0,1,57.14285714285714,9,4.113263250899177,53.02959389195796
0,1,0,0,0,0,0,0,0,0,1,0,0,0,0,1,1,0,0,0,0,0,0,0,1,-4.329004329004334,9,7.550296371659511,-11.879300700663844
1,0,0,0,1,0,0,0,1,0,0,0,1,0,0,0,1,0,0,0,0,0,0,0,0,13.241106719367592,9,6.733682290203051,6.507424429164541
0,1,0,0,0,0,0,0,1,0,0,0,1,0,0,0,0,0,0,0,0,0,1,0,1,45.55555555555554,9,4.240132938581107,41.31542261697444
0,0,0,1,0,0,0,0,1,0,0,0,0,0,0,1,1,0,0,0,0,0,1,0,0,-24.52380952380952,9,6.634040232854231,-31.15784975666375
0,0,0,0,1,0,0,0,0,0,0,0,0,0,0,0,1,0,0,0,0,0,3,0,0,15.800865800865807,9,0.17582170768262595,15.625044093183181
0,1,0,0,0,0,1,0,0,0,0,0,0,0,0,0,0,0,0,0,1,0,2,0,0,52.89473684210526,9,1.9038362975517884,50.99090054455347
0,1,0,0,0,0,0,0,0,0,1,0,0,0,0,0,2,0,0,0,0,0,1,0,0,-108.8095238095238,9,4.335241936241906,-113.1447657457657
0,0,0,0,1,0,0,0,0,0,0,0,0,0,0,0,2,0,0,0,0,0,0,0,2,29.76190476190476,9,7.123662890802887,22.638241871101872
0,0,0,0,0,0,1,0,0,0,1,0,0,0,0,0,1,0,0,0,0,0,1,0,1,73.94736842105263,9,5.877268738580944,68.07009968247169
0,0,0,0,1,0,1,0,0,0,0,0,0,0,1,0,2,0,0,0,0,0,0,0,0,9.022556390977456,9,5.430518794655504,3.592037596321952
0,1,0,0,0,0,1,0,0,0,0,0,0,0,0,1,0,0,0,0,1,0,0,0,1,50.0,9,8.820880018673925,41.179119981326075
0,0,0,0,0,1,0,0,0,0,0,0,0,0,0,1,2,0,0,0,0,0,1,0,0,40.0,9,10.29019711242073,29.709802887579272
0,0,1,0,1,0,0,0,0,0,0,0,0,0,0,1,0,0,0,0,0,0,2,0,0,-40.90909090909092,9,-0.7448151364950608,-40.16427577259586
0,0,2,0,0,0,0,0,0,0,0,0,1,0,0,0,0,0,0,0,0,0,0,0,2,-13.043478260869565,9,1.5971100913317258,-14.64058835220129
1,0,0,0,0,0,0,0,1,0,0,0,0,0,0,1,1,0,0,0,0,0,1,0,0,32.22222222222223,9,5.5168350689078585,26.70538715331437
0,0,0,1,0,0,0,0,0,0,0,0,0,0,0,2,1,0,0,0,0,0,1,0,0,0.0,9,9.030523453644046,-9.030523453644046
0,0,0,0,0,0,0,0,2,0,0,0,2,0,0,0,1,0,0,0,0,0,0,0,0,-9.740259740259743,9,3.223404981677717,-12.96366472193746
0,1,0,0,0,0,0,0,0,0,2,0,1,0,0,1,0,0,0,0,0,0,0,0,0,21.05263157894737,9,7.920612957147238,13.132018621800132
0,0,0,0,1,0,0,0,0,0,1,0,0,0,0,1,1,0,0,0,0,0,1,0,0,44.28571428571429,9,7.878013994563628,36.40770029115066
0,1,0,0,0,0,1,0,0,0,0,0,0,0,1,0,1,0,0,0,1,0,0,0,0,45.0,9,5.195830361636408,39.80416963836359
0,0,0,0,1,0,0,0,1,0,0,0,1,0,0,0,1,0,0,0,0,0,1,0,0,16.040100250626566,9,4.825044440895565,11.215055809731002
0,0,0,0,1,0,1,0,0,0,0,0,0,0,0,1,1,0,0,0,0,0,0,0,1,-24.812030075187977,9,7.876815429855665,-32.688845505043645
0,0,0,0,1,0,1,0,0,0,0,0,0,0,0,1,0,0,0,0,0,0,2,0,0,-30.55555555555556,8,2.6398943757126894,-33.19544993126825
0,0,0,0,1,0,0,0,0,0,0,0,0,0,0,0,3,0,0,0,0,0,1,0,0,53.24675324675325,8,4.837327839053834,48.409425407699416
0,1,0,0,0,0,1,0,0,0,0,0,1,0,0,0,1,0,0,0,0,0,0,0,1,-7.707509881422922,8,9.914676302410149,-17.622186183833072
0,0,0,1,0,0,0,0,0,0,0,0,0,0,0,0,0,0,0,0,0,0,3,0,1,-52.631578947368425,8,2.0539262223893737,-54.685505169757796
0,0,0,0,0,0,0,0,0,0,0,0,0,0,0,2,2,1,0,0,0,0,0,0,0,-93.48370927318294,8,4.883493777723099,-98.36720305090604
0,1,0,0,0,0,0,0,0,0,0,1,2,0,0,0,0,0,0,0,1,0,0,0,0,52.36842105263159,8,4.008337974391668,48.360083078239924
0,0,0,1,0,0,0,0,0,0,1,0,1,0,0,0,0,0,0,0,0,0,2,0,0,-16.66666666666667,8,-1.567934648568634,-15.098732018098037
